id,text,langue,texte_marbert,sentiment,confiance,prob_neg,prob_neu,prob_pos
1,3ayech service mrigul wallah ?? internet ytayyar 3la 9alil,arabizi,,positif,0.9501,0.0228,0.0272,0.9501
2,Merci Topnet ?? forfait data khir men 3and kol,arabizi,,positif,0.9977,0.0021,0.0002,0.9977
3,Chbik ya Topnet fi tounes? rseau yhazik fel 3asima ??,arabizi,,positif,0.7718,0.2281,0.0001,0.7718
4,Appli mobile t9a3di tawa walla? mchit nchouf facture matlou3ich ??,arabizi,,neutre,0.9653,0.0272,0.9653,0.0075
5,Normalement 4G ykoun sarii3 ama 3andkom rir rir ??,arabizi,,negatif,0.983,0.983,0.0001,0.0169
6,Bravo 3likom ?? recharge facile w prix mrigul,english,برافو عليكم ?? شحن سهل و سعر مرغوب,positif,0.9983,0.0015,0.0001,0.9983
7,Tawa 3andkom problme fel rseau? 3andi 0 bar w nest7a9 net ??,arabizi,,negatif,0.9542,0.9542,0.0001,0.0456
8,Svp 7alou mouchkilet l'appel yta7 3la ro7ou ??,arabizi,,negatif,0.7219,0.7219,0.0003,0.2779
9,Pourquoi le forfait illimit ytayyar ba3d 10Go? Khata ??,french,لماذا يتم حجز ytayyar بعد 10 جيجا؟ خطأ؟؟,neutre,0.9995,0.0003,0.9995,0.0003
10,Yhazikom sbe7 lkhir! 5G taw njarbou nchlh ??,arabizi,,positif,0.8547,0.1449,0.0004,0.8547
11,N7eb nchri carte sim jdida ama mafamech agence mrigla ?????,arabizi,,negatif,0.6891,0.6891,0.0001,0.3107
12,??? 3eme appel yaw nchki 3la rseau wallah maynajmou y7alou chay,arabizi,,negatif,0.8745,0.8745,0.0001,0.1254
13,Merci pour la promotion ramdan ?? data 50Go b 15dt khir,arabizi,,positif,0.9453,0.0544,0.0002,0.9453
14,Mon forfait tzid fih 7seb ro7ha w anaya ma 3andich 7ata 7keya ??,arabizi,,negatif,0.9906,0.9906,0.0001,0.0094
15,Appli tkasra kifeh tawa? tod5ol w t5rj 3la ro7ha ??,arabizi,,negatif,0.9789,0.9789,0.0001,0.021
16,Ey wallah 5edma barka taw nchouf chnowa jdida,arabizi,,positif,0.9855,0.0143,0.0002,0.9855
17,Rseau mtayyar fel mnihla w we7l mrigul chnawa n3aml? ??,arabizi,,positif,0.7957,0.204,0.0003,0.7957
18,Vive Topnet! 3aychek 3la loffre weekend ????,arabizi,,positif,0.8999,0.1,0.0001,0.8999
19,"Jai pas de rseau dans mon dar, w ana fel centre ville ??",arabizi,,negatif,0.706,0.706,0.0191,0.2749
20,Encore des coupures? N3ichou fel 2024 w 5edmekom tesla7 l 2010 ??,arabizi,,negatif,0.5132,0.5132,0.0001,0.4867
21,Svp facture tala3li 50dt w ana 5demt 30dt seulement? ??,arabizi,,negatif,0.981,0.981,0.0003,0.0188
22,Forfait mobile plus t7eb t5alles online ama site ta7 ??,arabizi,,neutre,0.9776,0.0164,0.9776,0.006
23,"3ejbetni 3aradhkom jdida, chrab 9ahwa w 7ot 4G ????",arabizi,,positif,0.99,0.0099,0.0001,0.99
24,Chkoun 3ando mchkla fel data speed? ana 3andi 2mb/s w n5alles 4G+ ??,arabizi,,neutre,0.9842,0.0054,0.9842,0.0105
25,Merci ya Topnet tounes. nchallah dima nhar mabrouk,arabizi,,positif,0.9984,0.0014,0.0001,0.9984
26,Cest quoi cette pub? 3ana 5G fi tounes w ala we9t ? hahaha ??,arabizi,,neutre,0.9757,0.0217,0.9757,0.0026
27,7ata code promotionnel makch tawj dou ????,arabizi,,negatif,0.9878,0.9878,0.0001,0.0121
28,Avis: code *122# mayekhdemsh 3la 7sebi. 7alouha,arabizi,,negatif,0.9767,0.9767,0.0004,0.023
29,N7eb n7awel forfait ama site mta3kom 3al 9fal ??,arabizi,,neutre,0.979,0.0121,0.979,0.0089
30,Yah yah yah! ghadiwa 5edmet zapper? taw yjiwek 3bed,arabizi,,negatif,0.9392,0.9392,0.0003,0.0605
31,Rani nchki mn marsa l ezzahra koll chay ta7 fiya ??,arabizi,,negatif,0.9926,0.9926,0.0004,0.007
32,Pourquoi 9a3ed yekhdem lappli meloul? n7eb nraja3 wahda,arabizi,,positif,0.7805,0.2119,0.0076,0.7805
33,Offre twfir taw nraha ama na3ref hia 3ibara 3la kdhb ??,arabizi,,negatif,0.9936,0.9936,0.0001,0.0063
34,"Yezzi chbik ya topnet, 3ayeltina bel mouchkil mt3 rseau",arabizi,,positif,0.6576,0.3423,0.0001,0.6576
35,Rechargement par carte verte sarii3 w bara merci,arabizi,,negatif,0.9831,0.9831,0.0002,0.0167
36,Tawa tla3 facture w ana chkoun li bech y5alles ? moch mochkla 3andi *99#,arabizi,,negatif,0.9403,0.9403,0.0002,0.0594
37,Nchlh nhar jdid w rseau jdid ??,arabizi,,neutre,0.9894,0.002,0.9894,0.0086
38,???? ????? ???????? ??? ?? ???? 5las bel dinar ????,arabizi,,positif,0.9962,0.0036,0.0002,0.9962
39,Tala3li code mrigul ama yesta3melch m3a pack internet,arabizi,,neutre,0.4579,0.1858,0.4579,0.3563
40,Merci Topnet pour la stabilit fel 4G. 3aychek,arabizi,,positif,0.9813,0.0186,0.0001,0.9813
41,Wallah appli mobile tzid tkharreb m3a koll mise  jour ??,arabizi,,neutre,0.7322,0.0717,0.7322,0.1961
42,Fama code promotionel jdid? n7eb n3abbi ra9mi,arabizi,,neutre,0.8418,0.0577,0.8418,0.1006
43,Taw na3ref 5edmekom mta3 zebi. 3emlet verification w ma7allouch,arabizi,,negatif,0.9649,0.9649,0.0002,0.0349
44,Super offre pour les jeunes ?? n7eb n3alem 3liha,arabizi,,positif,0.9711,0.0289,0.0001,0.9711
45,Nafs l mchkla fel sms mtayrin wala 3adi ?,arabizi,,neutre,0.9996,0.0002,0.9996,0.0002
46,Bon courage 3likom. Khaserna 3likom mais 7atou 7al ??,arabizi,,positif,0.9941,0.0058,0.0002,0.9941
47,"Sahbi fel agence 9ali narja3 ghodwa, w ghodwa jit 9ali narja3 ba3d ghodwa ??",arabizi,,positif,0.9435,0.0433,0.0132,0.9435
48,Tawa appli t5rj 3lik fel payment... kifeh nkaml?,arabizi,,neutre,0.9982,0.0007,0.9982,0.0011
49,Nchallah fachekh fel rseau w 5edma behia nchlh mrigula,arabizi,,positif,0.6509,0.349,0.0001,0.6509
50,???? l code mta3 ra9mi mafamech? N7eb nchouf solde,arabizi,,neutre,0.6732,0.0599,0.6732,0.267
51,3aychek ya Topnet 3al fibre optique fi touns. Wallah sarii3 ??,arabizi,,negatif,0.9321,0.9321,0.0001,0.0678
52,"Mon pote 3ando 5G fel centre, w ana fel jiha okhra 3G ??",arabizi,,negatif,0.8188,0.8188,0.0003,0.1809
53,Khatemni site mta3 recharge. mrigul w sarii3,arabizi,,negatif,0.9878,0.9878,0.0072,0.005
54,Taw 3andkom 3aradh 7ata lel 9raya ? n7eb net jdid,arabizi,,negatif,0.7949,0.7949,0.0112,0.1939
55,Appel ytayyar wa9t ma nkoun fel metro... haja tkaser,arabizi,,neutre,0.9989,0.0004,0.9989,0.0007
56,???? ?? ?????? ????? ????? ??? latency? 150ms ??????? ??,english,,positif,0.9937,0.0055,0.0008,0.9937
57,"Merci beaucoup, tnajamou tzidou des offres internationales",french,شكراً جزيلاً، تنجمو تزيدو العروض الدولية,positif,0.9986,0.0013,0.0002,0.9986
58,Lapplication t3ich fi dhaw9a. Temchi 5 minutes w t5rj.,arabizi,,neutre,0.9993,0.0002,0.9993,0.0005
59,Kifeh n3amel bech n5ales facture b carte bancaire?,english,كيف نعمل بش نختار فاتورة ب كارت بنكي؟,neutre,0.9986,0.0008,0.9986,0.0006
60,???? ????? ?? ??? Livebox? ??? ???????,english,????? ????? ?? ??? Livebox? ??? ???????,positif,0.997,0.0023,0.0007,0.997
61,Wallah yahbelna faza mta3 1 dt lel sms w mazelna nchkoul,arabizi,,neutre,0.9922,0.0011,0.9922,0.0067
62,Taw najamt nchouf loffre jdida 'illimit' ama el vitesse 384k ????,arabizi,,negatif,0.953,0.953,0.0001,0.0468
63,Svp n7eb nbadal agence de vente. win najm?,arabizi,,positif,0.9841,0.0141,0.0018,0.9841
64,Pour linstant koll chay mrigul. 3aychekom,arabizi,,negatif,0.9393,0.9393,0.0001,0.0606
65,??? ?????? ??? ?????? mrigula tawa ??,arabizi,,positif,0.9982,0.0016,0.0002,0.9982
66,Code #123* wala ma yekhdemsh? fama beddel?,arabizi,,neutre,0.9982,0.0008,0.9982,0.001
67,5G sur le papier mais dans la ralit 4G pourri,french,5G على الورق ولكن في الواقع 4G متدهور,positif,0.5791,0.2822,0.1388,0.5791
68,Tawa nkamel 3am m3akom w nchlh nkamlou,arabizi,,positif,0.9596,0.0154,0.025,0.9596
69,La recharge par carte lectronique mrigula. Brava,french,شحن بطاقة مريغولا الإلكترونية. برافا,neutre,0.9933,0.003,0.9933,0.0037
70,Wallah fi nhar la9dhia n3ichou l7keya mta3 linternet li howa 7keya,arabizi,,positif,0.8753,0.124,0.0007,0.8753
71,Offre 'Tounesna' 3ejbetni. Ylzm cha3b,arabizi,,positif,0.9952,0.0048,0.0001,0.9952
72,Soutien technique mta3kom y7ki m3aya kima 3bd ma ye7kich ??,arabizi,,negatif,0.9836,0.9836,0.0001,0.0163
73,Appel  ltranger 3andkom 7ata 3ardh? n7eb n3ref,arabizi,,neutre,0.9995,0.0002,0.9995,0.0002
74,Clairement lun des meilleurs oprateurs en Tunisie. Chokran,french,واضح أنه واحد من أفضل المشغلين في تونس. شكرا,positif,0.9984,0.0015,0.0001,0.9984
75,??? ???? ??? eSIM ?????? ???? ??????,arabizi,,positif,0.9946,0.0045,0.0009,0.9946
76,Mazelna nchkiw fi 7adoud linternet w n5alsou barcha,arabizi,,neutre,0.533,0.032,0.533,0.435
77,Yezzi 3likom a suffit. Wallah nra7el lel ooredoo,arabizi,,negatif,0.9967,0.9967,0.0001,0.0032
78,Pourquoi les packs sont chers par rapport  la qualit ?,french,لماذا تكون الحزم غالية مقارنة بالجودة؟,positif,0.9549,0.0444,0.0007,0.9549
79,N7eb nkamel inscription fel offre ramlet. win najm?,arabizi,,neutre,0.9993,0.0003,0.9993,0.0005
80,Taw nkoul 7aja behia: support technique yrad 3la ro7ou,arabizi,,positif,0.9911,0.0087,0.0001,0.9911
81,Khatemni service de livraison carte sim to home. Merci,french,خدمة خاتمني لتوصيل بطاقات سيم إلى المنزل. شكراً,positif,0.9917,0.0065,0.0018,0.9917
82,???? ?? ???? ????????? ??????? whatsapp ????,english,,positif,0.9916,0.0066,0.0018,0.9916
83,"Bon, hn nchkiw barcha ama fi lastu, wallah y5admi",arabizi,,positif,0.9564,0.0435,0.0001,0.9564
84,"Taw ki nkoun fel 3asima rseau mrigul, ki nkoun fel dakhil 7ata chay ??",arabizi,,negatif,0.9785,0.9785,0.0002,0.0212
85,N7eb nraja3 flous par erreur? kifeh?,arabizi,,negatif,0.5734,0.5734,0.0004,0.4262
86,Offre weekend sarii3a mais prix 5ayeb,english,عرض نهاية الأسبوع سريع لكن السعر مخيب للآمال,negatif,0.9095,0.9095,0.0008,0.0898
87,Tala3li facture 70 dt w ana ma 5demt chay ??,arabizi,,negatif,0.9809,0.9809,0.0002,0.0189
88,Yekhi mchant wallah 5edma 3al 9alil.,arabizi,,negatif,0.6722,0.6722,0.0009,0.327
89,Super exprience avec lappli. Rien  redire.,french,تجربة رائعة مع التطبيق. لا شيء أقوله.,positif,0.9975,0.0023,0.0001,0.9975
90,???? ?? ?? ????? ???? ??? VPN ????? ?????,arabizi,,positif,0.995,0.0038,0.0012,0.995
91,Code *111# maykhdemch 3la Android 14. 7alouha,arabizi,,neutre,0.999,0.0003,0.999,0.0007
92,Nchlh taw nwalli n3ayech 3al 5G mrigul,arabizi,,neutre,0.9993,0.0002,0.9993,0.0005
93,Bravo pour les efforts ?? just un peu de srieux la fiabilit,french,ممتاز في الجهد ?? فقط القليل من الجدية في الموثوقية,positif,0.996,0.0039,0.0001,0.996
94,8 annes m3akom w mazelni nchki fi rseau,arabizi,,positif,0.9906,0.0093,0.0001,0.9906
95,Offre kif kif like les autres oprateurs. Pas de diff,french,عرض كف كف مثل المشغلين الآخرين. لا فرق,negatif,0.9855,0.9855,0.0001,0.0144
96,???? ??? ping ?????? ?? ???????. 130ms ???,arabizi,,positif,0.9952,0.0043,0.0005,0.9952
97,N7eb nbadal labonnement w nafs l mchkla raja3t,arabizi,,neutre,0.9613,0.0191,0.9613,0.0196
98,Yhazikom barcha 3likom Taha,arabizi,,negatif,0.7663,0.7663,0.0001,0.2336
99,Application dowload bata9a? ta7el wala,arabizi,,neutre,0.9986,0.0005,0.9986,0.0009
100,Fama 3aradh 3la les appels internationaux? n7eb nchouf,arabizi,,neutre,0.9978,0.0011,0.9978,0.0011
101,???? taw nraja3 les donnes perdues? zid wala?,arabizi,,negatif,0.9109,0.9109,0.0005,0.0887
102,"Wallah barcha 7keyat fihom, ama n7eb n9olkoum 5edmekom behia mil b3adh",arabizi,,positif,0.7742,0.2244,0.0015,0.7742
103,Site mta3 topnet.tn mch yekhdem 3la firefox ??,arabizi,,neutre,0.9924,0.0038,0.9924,0.0038
104,Rani nchki min ghodwa? service client mrigul b 5lef 9al,arabizi,,neutre,0.9995,0.0002,0.9995,0.0002
105,Taw 3andkom 5G? la ama test 7essit far9?,arabizi,,negatif,0.9224,0.9224,0.0497,0.0279
106,Wallah khatemni 3ala5ater faza mta3 ra9em mta3i matnajamch n3ayech,arabizi,,positif,0.5736,0.4157,0.0107,0.5736
107,N7eb nrajja3 modem fibre. Kifeh procdure?,arabizi,,negatif,0.6098,0.6098,0.0002,0.39
108,Offre 'faza' b 10dt 50go? sara7a mrigula,arabizi,,negatif,0.9736,0.9736,0.0001,0.0263
109,10 ans m3akom. wallah lvolution 3adhma,arabizi,,positif,0.9494,0.0504,0.0002,0.9494
110,???? ??? ?? ?????? ??? ?????? ?? ???? ?? SMS,arabizi,,positif,0.9923,0.0056,0.0021,0.9923
111,Pourquoi les forfaits postpays nont pas les mmes avantages ?,french,لماذا لا تتمتع باقات الدفع بعد الاستخدام بنفس المزايا؟,neutre,0.9666,0.0074,0.9666,0.026
112,N7eb nes2el: 5edmetkom ta3tini priorit? non?,arabizi,,negatif,0.5404,0.5404,0.0009,0.4587
113,Cest bien mais le prix reste lev pour le tunisien moyen ??,french,هذا جيد لكن السعر لا يزال مرتفعا بالنسبة للtünesien المتوسط ??,neutre,0.439,0.1635,0.439,0.3975
114,Lappli stabilit zeda behia w nchlh tzid,arabizi,,negatif,0.7686,0.7686,0.0002,0.2312
115,Mabrouk 3likom topnet 3la loffre. en tt cas mrigul,arabizi,,positif,0.967,0.0329,0.0001,0.967
116,"Barcha nchkiw 3la network ama n9olkoum 7aja, teledeclaration sarii3a",arabizi,,negatif,0.9958,0.9958,0.0001,0.0041
117,N7eb nchri forfait 50dt chahri. win najm?,arabizi,,positif,0.8966,0.0932,0.0102,0.8966
118,Wallah 3ejbetni service de lenvoi de code par mail,french,والله عجبني خدمة إرسال الكود عبر البريد الإلكتروني,neutre,0.9232,0.0039,0.9232,0.0729
119,Code *101# affichili solde zeda mouch win? 7alou,arabizi,,neutre,0.9992,0.0004,0.9992,0.0004
120,Linternet fixe mta3 topnet fibre ytayyar f lil!,arabizi,,neutre,0.9972,0.0009,0.9972,0.0019
121,Sale priode ya topnet. Serveurs ta7in koll chwaya ??,arabizi,,negatif,0.9979,0.9979,0.0001,0.002
122,Bravo 3likom 3al rapidit de livraison des cartes sim,arabizi,,positif,0.9918,0.0081,0.0001,0.9918
123,"N7eb nkoun m3akom fidle, ama ta3bni rseau",arabizi,,positif,0.8779,0.0801,0.042,0.8779
124,"Offre double data 7ilwa, ama ylzm n7eb n3ayech",arabizi,,positif,0.8855,0.1144,0.0001,0.8855
125,nhar kamel nchki wala 7al...,arabizi,,neutre,0.9951,0.0032,0.9951,0.0017
126,"Taw n7eb n3amel transfert de proprit, kifeh?",arabizi,,negatif,0.5217,0.5217,0.0426,0.4357
127,Sms b 250 millime? ghali barcha,arabizi,,positif,0.9949,0.0036,0.0015,0.9949
128,Yhazik l'offre nhar l3aml b 10dt 30go mrigula,arabizi,,negatif,0.9764,0.9764,0.0001,0.0235
129,Pourquoi lapplication est lente sur iPhone? Android temchi mrigul,french,لماذا التطبيق بطيء على آيفون؟ أندرويد تمشي مرغول,neutre,0.9989,0.0004,0.9989,0.0007
130,N7eb nkamel contrat fibre optique ama temchi l site t7elch,arabizi,,neutre,0.9975,0.0009,0.9975,0.0015
131,Rani nchki 3al facture zeda zidoulna 5dt 7seb ro7hom ??,arabizi,,negatif,0.9022,0.9022,0.0221,0.0757
132,Soutien technique mta3 Topnet fi tounes tnajam tnajem,arabizi,,positif,0.9822,0.017,0.0008,0.9822
133,Offre 3al 9raya mrigula merci topnet,arabizi,,positif,0.9965,0.0034,0.0001,0.9965
134,"Wallah 5edma wahcha, na3ref chnawa n9oul",arabizi,,positif,0.9873,0.0126,0.0001,0.9873
135,Merci 3ala livraison rapide w preparation mrigula,french,شكرا على التوصيل السريع و التحضير الممتاز,positif,0.9984,0.0014,0.0002,0.9984
136,N7eb nchouf offre jdida kima fel 5G barka,arabizi,,neutre,0.9994,0.0002,0.9994,0.0004
137,Taw 9a3ed n3ani m3a les donnes consommes mrigul,arabizi,,negatif,0.8871,0.8871,0.0002,0.1127
138,Code activation 5G yekhdem 3la 9alil? jarabt w ma5demch,arabizi,,neutre,0.9995,0.0002,0.9995,0.0003
139,"Belle initiative les points de fidlit, merci",french,مبادرة جميلة نقاط الولاء، شكراً,positif,0.9986,0.0012,0.0002,0.9986
140,Rani nchki 3al service mrigul w bara,arabizi,,neutre,0.9992,0.0004,0.9992,0.0004
141,"Jai test la 5G dans le nord, rien de spcial",french,جربت 5G في الشمال، لا شيء خاص,negatif,0.7468,0.7468,0.0226,0.2306
142,N7eb n3ayech 3al offre family. tnajam tzid info?,arabizi,,neutre,0.8812,0.0158,0.8812,0.103
143,Site mobil mta3kom mouch responsive 3la tablette ??,arabizi,,neutre,0.999,0.0005,0.999,0.0006
144,Offre 3andek 7keya behia: tarif appel local moins cher,arabizi,,neutre,0.9661,0.003,0.9661,0.0309
145,"Merci ya Topnet, rseau ta7 3la ro7ou wahdha ??",arabizi,,positif,0.9114,0.0886,0.0001,0.9114
146,"Yezzi, ne5dem m3a code *101# b 5lef ma nchki",arabizi,,neutre,0.9994,0.0003,0.9994,0.0003
147,N7eb nkoun fel blacklist mta3kom? taw nchouf,arabizi,,neutre,0.9987,0.0004,0.9987,0.0009
148,Lappli mobile mrigula mais taw tzid tet3aml b chte,arabizi,,neutre,0.9994,0.0002,0.9994,0.0003
149,???? ????? ?? ???? ??? iMessage ?? ?????,arabizi,,positif,0.998,0.0016,0.0003,0.998
150,Taw 3andkom offre 3al smartphone? n7eb nchri s7ab,arabizi,,neutre,0.998,0.0006,0.998,0.0013
151,Nchlh ghodwa rseau behi w nkounou mrigulin,arabizi,,positif,0.9926,0.0071,0.0003,0.9926
152,Win service client? nandhom yraddou 3la 9alil,arabizi,,negatif,0.557,0.557,0.0007,0.4423
153,???? ?? ?????? ?? ???? ??? eSIM ??? ???? ???????,arabizi,,positif,0.9926,0.006,0.0014,0.9926
154,Wallah khatemni 3ala5ater nchki marra wala 3adi,arabizi,,negatif,0.7744,0.7744,0.0132,0.2124
155,Offre taw mawjouda b 30dt 100go? test7a9,arabizi,,negatif,0.7175,0.7175,0.0001,0.2824
156,Merci 3likom mais awel marra nchki 3al problme de vol de crdit,arabizi,,negatif,0.6073,0.6073,0.0012,0.3915
157,"Yhazik ya Topnet tounes, 3aychek 3al 5G fel manzah",arabizi,,negatif,0.6678,0.6678,0.0015,0.3307
158,Appel mta3 service client 20 minute w ba3d ytayyar 3liya ????,arabizi,,neutre,0.9991,0.0006,0.9991,0.0003
159,Taw 3andkom mchkla fel site? matnajamch t5ales,arabizi,,negatif,0.9612,0.9612,0.0002,0.0386
160,Offre double appel 7elwa mais rseau mrigul chnawa?,french,عرض مكالمة مزدوجة 7elwa لكن الشبكة مرغولة شناوة؟,neutre,0.999,0.0004,0.999,0.0006
161,N7eb n5ales b credit card ama page ta7,arabizi,,negatif,0.9542,0.9542,0.0002,0.0456
162,Rseau 4G fel centre ville 0.5mb/s w n3ich fi 3asima,arabizi,,negatif,0.9962,0.9962,0.0001,0.0037
163,"Bara 3likom 3al quipe support, y7elou mchakel b sarii3a",arabizi,,negatif,0.997,0.997,0.0001,0.0029
164,Pourquoi le forfait data y5als 3la 5ater ma yjaddidch,arabizi,,negatif,0.9649,0.9649,0.0002,0.0349
165,????? Topnet Tn ???? ???? ?????? 5edma zayna,arabizi,,positif,0.9984,0.0014,0.0002,0.9984
166,Code *102# mta3 service solde yekhdem wala?,english,كود *102# متع خدمة رصيد يخدم ولا؟,neutre,0.9994,0.0003,0.9994,0.0003
167,"N7eb nshouf l'historique mta3 consommations, win najm?",arabizi,,neutre,0.4213,0.1932,0.4213,0.3856
168,Khatemni l'offre weekend b 5dt 20go mrigula mil b3adh,arabizi,,negatif,0.7993,0.7993,0.0438,0.1569
169,Service client y7awel y3awn ama so3ouba fel lugha,arabizi,,neutre,0.9679,0.0037,0.9679,0.0284
170,Mabrouk ya topnet 3al nouveau centre d'appel,arabizi,,positif,0.9973,0.0026,0.0001,0.9973
171,Rani nchki nhar kamel fi l mchkla mta3 facture,arabizi,,neutre,0.9989,0.0007,0.9989,0.0005
172,Wallah 3ejbetni 5edma mrigula w nchlh tzid,arabizi,,positif,0.9982,0.0017,0.0001,0.9982
173,"Offre ""Famille"" 3ejbetni, 5alasna 3liha",arabizi,,positif,0.9961,0.0038,0.0001,0.9961
174,???? ??????? ???? location 24/24? khaf m3aya,arabizi,,positif,0.9978,0.0021,0.0001,0.9978
175,"N7eb n3amel portabilit depuis ooredoo, win nmchi?",arabizi,,negatif,0.9961,0.9961,0.0002,0.0037
176,???? ????? ?? ???? ??? MMS. ?? ?????,arabizi,,positif,0.9978,0.0018,0.0004,0.9978
177,"Taw n7eb n5ales facture sghira, balak khatemni",arabizi,,negatif,0.8991,0.8991,0.0005,0.1004
178,Pourquoi les offres sont meilleures pour les nouveaux clients?,french,لماذا العروض أفضل للعملاء الجدد؟,neutre,0.987,0.0059,0.987,0.0071
179,"Yhazik rseau fel aroport tounes, 3aychek",arabizi,,negatif,0.8687,0.8687,0.0002,0.1311
180,"Mrigul ya topnet, mais taw tzid tet3aml",arabizi,,positif,0.8951,0.1048,0.0001,0.8951
181,Code *777# l'offre ramdan mazel mawjoud? n7eb n3amel,arabizi,,neutre,0.9962,0.0013,0.9962,0.0024
182,"Barcha nchkiw 3al prix wala service mrigul, 5tar l kayen",arabizi,,positif,0.369,0.2896,0.3414,0.369
183,N7eb nkamel 5edma 3al fibre w ma3andich modem,arabizi,,negatif,0.6272,0.6272,0.0003,0.3726
184,Rseau yekhdem 3la 9alil wala? tawa ytayyar,arabizi,,positif,0.965,0.0332,0.0018,0.965
185,Soutien technique zeda 7keya: y7awlou y3awnou,arabizi,,positif,0.989,0.0106,0.0004,0.989
186,"Offre 1dt lel sms barcha ghali, 3lech?",arabizi,,neutre,0.8883,0.0566,0.8883,0.055
187,???? ???? ??? VoLTE ?????? ????????? ????,arabizi,,positif,0.995,0.0038,0.0013,0.995
188,"Mrigul service client fel chat, raddou sarii3",arabizi,,negatif,0.9945,0.9945,0.0001,0.0053
189,"N7eb nraja3 carte sim li talfet, win najm?",arabizi,,neutre,0.9957,0.0014,0.9957,0.0029
190,3ayech ya topnet mais rseau ta7 f lil,arabizi,,negatif,0.974,0.974,0.0001,0.0259
191,Khatemni l'offre taw b 15dt 30go w zid 5go,arabizi,,neutre,0.9995,0.0002,0.9995,0.0003
192,"Wallah 7ata klem mafamech, service mtayar",arabizi,,negatif,0.6678,0.6678,0.0001,0.3321
193,Appli mrigula mais 3andha bug fel notifications,arabizi,,negatif,0.9346,0.9346,0.0002,0.0653
194,"5G test fel lac, wallah 600mb/s ??????",arabizi,,negatif,0.9158,0.9158,0.0271,0.0571
195,Pourquoi loption data rollover mawjouda 3and l'competition?,french,لماذا تتوفر خيار نقل البيانات عند المنافسة؟,neutre,0.9993,0.0003,0.9993,0.0004
196,"N7eb n5ales bil facture lectronique, win taw?",arabizi,,positif,0.4898,0.4703,0.0399,0.4898
197,???? ?? ?????? ????? ????? ????? ??? sms?,arabizi,,positif,0.9959,0.0031,0.001,0.9959
198,Yhazikom 3al offre fibre 100mb/s wallah khir,english,يحزيكم على العرض فايبر 100mb/s والله خير,neutre,0.9738,0.0077,0.9738,0.0185
199,Taw 3andkom mchkla fel rseau gnral? barcha ychkiw,arabizi,,negatif,0.955,0.955,0.0003,0.0447
200,"Mabrouk 3likom, nchlh dima tzidou",arabizi,,positif,0.9981,0.0017,0.0002,0.9981
201,Rani nchki 3al rechargement automatique yraja3 yekhdem,arabizi,,neutre,0.9993,0.0002,0.9993,0.0005
202,Offre 'Intense' 3ejbetni 7ata ken ghaliya,arabizi,,positif,0.9969,0.003,0.0001,0.9969
203,"Service client yreddou 3likom ba3d 5 minutes, mrigul",arabizi,,negatif,0.9549,0.9549,0.0002,0.0449
204,???? ?? ?? ??? ???? ??????? ???? serveur ta7?,french,???? ?? ?? ??? ???? ??????? ???? ?????? ?? ???? ?? ?? ???? ?? ???? ?? ???? ?? ???? ?? ???? ?? ???? ?? ???? ?? ???? ?? ???? ?? ???? ?? ???? ?? ???? ?? ???? ?? ???? ?? ???? ?? ???? ?? ???? ?? ???? ?? ???? ?? ???? ?? ???? ?? ???? ?? ???? ?? ???? ?? ???? ?? ???? ?? ???? ?? ???? ?? ???? ?? ???? ?? ???? ?? ???? ?? ???? ?? ???? ?? ???? ?? ???? ?? ???? ?? ???? ?? ???? ?? ???? ?? ???? ?? ???? ?? ???? ?? ???? ?? ???? ?? ???? ?? ???? ?? ???? ?? ???? ?? ???? ?? ???? ?? ???? ?? ???? ?? ???? ?? ???? ?? ???? ?? ???? ?? ???? ?? ???? ?? ???? ?? ???? ?? ???? ?? ???? ?? ???? ?? ???? ?? ???? ?? ???? ?? ???? ?? ???? ?? ???? ?? ???? ?? ???? ?? ???? ?? ???? ?? ???? ?? ???? ?? ???? ?? ???? ?? ???? ?? ????,positif,0.7806,0.0708,0.1486,0.7806
205,"N7eb n3amel rsiliation w nrajja3 flous, est ce possible?",arabizi,,positif,0.9817,0.0176,0.0007,0.9817
206,"Wallah 3aychek ya topnet tounes, 7ata ken 3andna mchakel",arabizi,,positif,0.7765,0.2234,0.0001,0.7765
207,Taw l'offre jdida 3al 9raya 7elwa barcha,arabizi,,positif,0.5664,0.4333,0.0003,0.5664
208,"Appel vocal ytayyar wa9t nkoun fel route, 3lech?",arabizi,,neutre,0.9996,0.0002,0.9996,0.0002
209,N7eb n3amel mise  jour de l'offre ama site mta3kom ta7,arabizi,,negatif,0.9116,0.9116,0.0009,0.0876
210,Khatemni service mrigul w 5edma behia nchlh tzid,arabizi,,positif,0.5333,0.0314,0.4352,0.5333
211,Pourquoi les forfaits prepays n'ont pas les memes avantages?,french,لماذا لا تتمتع باقات الدفع المسبق بنفس المزايا؟,neutre,0.5961,0.0814,0.5961,0.3225
212,Code *555# mrigul w yekhdem 3la 9alil,arabizi,,positif,0.9978,0.002,0.0002,0.9978
213,"Yhazik ya topnet, ama a7na n7ebou nchouf tawa7ed jdid",arabizi,,positif,0.8659,0.134,0.0001,0.8659
214,Rani nchki 3al 4G dha3ef fel matar,arabizi,,neutre,0.9994,0.0003,0.9994,0.0003
215,"Offre ramdan mrigula wallah, 3aychek 3liha",arabizi,,positif,0.7634,0.2365,0.0001,0.7634
216,???? ?? ?? ???? ??????? ???? ????? ?? ??? APN?,arabizi,,positif,0.9872,0.0095,0.0033,0.9872
217,"N7eb nchouf facture dtaille, win najm nal9aha?",arabizi,,positif,0.7882,0.2095,0.0023,0.7882
218,Belle initiative les apps gratuites avec le forfait,french,مبادرة جميلة التطبيقات المجانية مع الباقة,positif,0.9979,0.0018,0.0003,0.9979
219,Wallah taw n3amel menace nra7el lel autre oprateur ??,arabizi,,positif,0.5102,0.4897,0.0001,0.5102
220,"Mrigul service, merci ya topnet",arabizi,,positif,0.998,0.0019,0.0001,0.998
221,"Offre kima fel 3oudh, 5edma mrigula mais prix zeda",arabizi,,positif,0.8746,0.1253,0.0001,0.8746
222,"N7eb n3amel chkaya fel site, formulaire matlouch",arabizi,,neutre,0.8908,0.0484,0.8908,0.0608
223,Rseau fel mahdia zeda yhazik? chbik ya topnet,arabizi,,negatif,0.9572,0.9572,0.0001,0.0427
224,Taw 3andkom offre 5G fel sahel? 7ata nchlh njarab,arabizi,,neutre,0.6039,0.2044,0.6039,0.1916
225,Pourquoi le service client ferme  18h? 3bed ta5dem,arabizi,,negatif,0.618,0.618,0.0005,0.3815
226,Mrigul code promo w n3abbi ra9mi merci,arabizi,,positif,0.9949,0.0049,0.0001,0.9949
227,???? ?? ?????? ??????? ??? notification b l'arabi?,arabizi,,positif,0.9968,0.0028,0.0004,0.9968
228,N7eb n3amel recharge automatique w ma3andich compte,arabizi,,negatif,0.791,0.791,0.0005,0.2085
229,"Wallah 3aychek ya topnet, ama rseau b l'extrieur ytayyar",arabizi,,positif,0.974,0.0259,0.0001,0.974
230,Taw jdida l'offre 10dt 40go? test7a9 barcha,arabizi,,negatif,0.6274,0.6274,0.0028,0.3698
231,Khatemni l'offre de bienvenue b 5dt 10go,french,أختتم العرض الترحيبي ب 5 دت 10 غو,negatif,0.9492,0.9492,0.0003,0.0505
232,"Appli ta7eli wa9t ma n7eb n3amel paiement, n3ad 3la ro7i",arabizi,,positif,0.5677,0.3215,0.1108,0.5677
233,Rani nchki 3al lenteur fel fibre wala 9alouli 100mb/s,arabizi,,neutre,0.9994,0.0003,0.9994,0.0003
234,"Offre double data fel weekend, 3ejbetni",arabizi,,positif,0.9942,0.0057,0.0001,0.9942
235,N7eb nkamel 3ala service de redirection d'appel,arabizi,,neutre,0.9996,0.0002,0.9996,0.0002
236,Service client zeda sarii3 had l'poque,arabizi,,negatif,0.7624,0.7624,0.0003,0.2372
237,"Mabrouk 3likom 3al amlioration fel sud, choufna far9",arabizi,,positif,0.9975,0.0022,0.0003,0.9975
238,Taw 3andkom code mrigul lel roaming?,arabizi,,neutre,0.9658,0.0094,0.9658,0.0248
239,Wallah n7eb nkamel m3akom 5ater khatemni service,arabizi,,positif,0.6335,0.1087,0.2578,0.6335
240,Pourquoi les SMS publicitaires mriglin w les notifs persos non?,french,لماذا رسائل الإعلانات القصيرة مُригْلين و الإشعارات الشخصية لا؟,negatif,0.9757,0.9757,0.0162,0.0081
241,Code *999# maykhdemch m3a l'offre jdida,arabizi,,positif,0.7787,0.1818,0.0395,0.7787
242,"Rseau ta7 f lil 3la 9alil, n3ich fi manzah 6",arabizi,,negatif,0.8915,0.8915,0.0003,0.1082
243,Yhazik support technique y7el 3liya mchklet 5G,arabizi,,neutre,0.9933,0.0011,0.9933,0.0056
244,Offre taw njarbouha nchlh nkounou mrigulin,arabizi,,positif,0.9556,0.0443,0.0001,0.9556
245,"N7eb n5ales b dop, win najm n3amel?",arabizi,,positif,0.7975,0.1052,0.0973,0.7975
246,Bravo 3likom 3al 5edma fel agence centrale,arabizi,,positif,0.9983,0.0015,0.0001,0.9983
247,"Mrigul wallah, 3aychek ya topnet",arabizi,,positif,0.9756,0.0244,0.0001,0.9756
248,"Rani nchki 3al vol de crdit, 5serna flous",arabizi,,negatif,0.8775,0.8775,0.106,0.0165
249,Offre kima fel 9bal ama taw 3andha 7aja jdida,arabizi,,positif,0.7975,0.2024,0.0001,0.7975
250,Pourquoi le forfait mobile illimit ytayyar ba3d 30go?,arabizi,,neutre,0.9993,0.0002,0.9993,0.0005
251,N7eb n3amel 7keya mrigula 3al 5edma mta3 app,arabizi,,neutre,0.9996,0.0002,0.9996,0.0002
252,Service client yreddou 3la 9alil ama 7al ykoun,arabizi,,positif,0.6094,0.1023,0.2883,0.6094
253,???? ?? ?????? ????? ????? ??? latency ?? ????????,english,,positif,0.9934,0.005,0.0016,0.9934
254,"Taw n7eb n3amel transfert de compte, win najm?",arabizi,,neutre,0.9988,0.0003,0.9988,0.0009
255,"Mrigul l'offre famille, wallah 5edmetna",english,مريغول العرض عائلة، والله 5دمنا,negatif,0.997,0.997,0.0002,0.0028
256,"Khatemni service de livraison, merci",french,خاتمني خدمة التوصيل، شكراً,positif,0.9982,0.0016,0.0002,0.9982
257,"Appli taw t5rj w t7eb tsaker ro7ha, 7awelna nraja3",arabizi,,negatif,0.8957,0.8957,0.0001,0.1042
258,"Rseau 5G fel mourouj 3adi, mouch kima y9oulou",arabizi,,neutre,0.9989,0.0003,0.9989,0.0008
259,"Wallah 3aychek ya topnet, ama zid chwaya fel 7al",arabizi,,positif,0.8395,0.1604,0.0001,0.8395
260,"Offre 1dt appel illimit fel weekend, sara7a mrigula",arabizi,,negatif,0.6137,0.6137,0.0001,0.3862
261,"N7eb n3amel chkaya 3ala facture, formulaire ma yekhdemsh",arabizi,,negatif,0.9896,0.9896,0.0001,0.0103
262,"Yhazik ya topnet tounes, nchlh nkamlou m3akom",arabizi,,positif,0.991,0.0089,0.0001,0.991
263,"Code *222# yekhdem 3la 9alil, ama marra ytayyar",arabizi,,positif,0.9592,0.0361,0.0047,0.9592
264,Pourquoi les recharges par carte bancaire prennent du temps?,french,لماذا تأخذ عمليات الشحن بواسطة بطاقة الائتمان وقتًا؟,neutre,0.8798,0.0394,0.8798,0.0808
265,"Mrigul wallah service client, raddou 3liya f 10 minutes",english,خدمة العملاء مريغول، رد على عالية في 10 دقائق,positif,0.9956,0.004,0.0004,0.9956
266,Taw 3andkom 3aradh 3al fibre? n7eb n3amel,arabizi,,neutre,0.9994,0.0002,0.9994,0.0004
267,Rani nchki 3al modem mta3 topnet ytayyar f l'heure,arabizi,,neutre,0.9982,0.0007,0.9982,0.001
268,"Offre weekend 20go b 8dt, 3ejbetni barcha",arabizi,,positif,0.9951,0.0048,0.0001,0.9951
269,???? ?? ?????? ????? ?????? ??? ping ???????,arabizi,,positif,0.9942,0.0043,0.0015,0.9942
270,"N7eb nchouf offre jdida lel tudiants, win taw?",arabizi,,positif,0.8192,0.1736,0.0073,0.8192
271,"Khatemni service mrigul, merci 3likom",arabizi,,positif,0.5718,0.0189,0.4093,0.5718
272,Appli mrigula ama taw tzid tet3aml 3la ro7ha,arabizi,,negatif,0.8957,0.8957,0.0002,0.1041
273,"Rseau fel tunis centre 4G yekhdem mrigul, alhamdulillah",arabizi,,positif,0.9963,0.0036,0.0001,0.9963
274,"Wallah n7eb n5ales b chque, ama ma y9ablouch",arabizi,,negatif,0.9023,0.9023,0.0004,0.0973
275,Offre taw b 25dt 80go? nchlh n3ayech,arabizi,,negatif,0.6753,0.6753,0.0001,0.3246
276,"Code activation roaming ma yekhdemsh, 3lech?",arabizi,,negatif,0.5166,0.5166,0.0026,0.4809
277,Pourquoi le service client n'a pas de rappel automatique?,french,لماذا لا يوجد استدعاء تلقائي لخدمة العملاء؟,neutre,0.9983,0.0006,0.9983,0.0011
278,"Yhazik ya topnet, 3aychek 3al 5G fel sfax",arabizi,,negatif,0.8497,0.8497,0.0002,0.1501
279,Taw 3andkom mchkla fel rseau gnral? 9oli,arabizi,,negatif,0.6487,0.6487,0.0795,0.2719
280,"Mrigul service technique, y7el 3liya mchklet l'app",arabizi,,neutre,0.9992,0.0002,0.9992,0.0005
281,???? ?? ?????? ??????? ??? facture par email?,french,????? ?? ?????? ??????? ??? ?????? ?? ?????? ????.,positif,0.9935,0.0053,0.0012,0.9935
282,N7eb n3amel rsiliation w nbadal lel ooredoo,arabizi,,negatif,0.9957,0.9957,0.0002,0.0041
283,"Rani nchki 3al 3ardh mta3 1dt lel sms, ghali",arabizi,,neutre,0.9996,0.0002,0.9996,0.0002
284,"Offre kima fel 9raya, 3ejbetni barcha",arabizi,,positif,0.9886,0.0113,0.0001,0.9886
285,"Khatemni l'offre ramdan mrigula, nchlh taw n3awed",arabizi,,neutre,0.9993,0.0003,0.9993,0.0004
286,Appli ta7eli wa9t ma n7eb nchouf l'historique,arabizi,,neutre,0.9994,0.0003,0.9994,0.0003
287,"Rseau 4G+ fel laouina ytayyar, chbik?",arabizi,,negatif,0.6154,0.6154,0.0002,0.3843
288,"Wallah 3aychek ya topnet, n7eb nkamel m3akom",arabizi,,positif,0.991,0.009,0.0001,0.991
289,"Service client yraddou 3likom ba3d 3 minutes, mrigul",arabizi,,negatif,0.8604,0.8604,0.0105,0.1291
290,"Code promo n7eb n3abbi ra9mi, win najm nal9ah?",arabizi,,neutre,0.9879,0.0031,0.9879,0.009
291,???? ?? ?????? ??????? service de voicemail amlior?,french,????? ?? ?????? ??????? ??????? ??????? ??????? ????????.,positif,0.9873,0.0085,0.0042,0.9873
292,"Taw n7eb n3amel mise  jour de l'offre, site ta7",arabizi,,negatif,0.9749,0.9749,0.0001,0.025
293,"Mrigul wallah l'offre double data, nchallah dima",arabizi,,positif,0.9903,0.0096,0.0001,0.9903
294,Pourquoi le forfait data expir y5ali 3andi crdit normal?,french,لماذا ينتهي للفورفيتر البيانات يخلي عندي رصيد عادي؟,neutre,0.9995,0.0002,0.9995,0.0003
295,"N7eb nchouf les dtails mta3 consommation, win?",arabizi,,neutre,0.978,0.0077,0.978,0.0143
296,"Offre nhar l3aml b 5dt 15go, 3ejbetni",arabizi,,positif,0.9401,0.0598,0.0001,0.9401
297,"Rseau fel omrane suprieur zeda yhazik, 5edma behia",arabizi,,positif,0.7893,0.2106,0.0001,0.7893
298,"Yhazik ya topnet tounes, nchlh tzidou",arabizi,,positif,0.9778,0.0222,0.0001,0.9778
299,"Code *777# maykhdemch m3a l'offre jdida, 7alouha",arabizi,,negatif,0.6118,0.6118,0.0008,0.3873
300,Rani nchki 3al facture zeda zidoulna 10dt 7seb ro7hom,arabizi,,negatif,0.8336,0.8336,0.037,0.1294
301,Appli mrigula ama 3andha bug fel enregistrement,arabizi,,negatif,0.7903,0.7903,0.0007,0.209
302,"Offre kima fel 3oudh 5edma mrigula, prix mrigul",arabizi,,positif,0.5406,0.4592,0.0001,0.5406
303,"N7eb n3amel reclamation 3ala rseau, win najm?",arabizi,,neutre,0.9991,0.0003,0.9991,0.0006
304,"Khatemni service de support technique, raddou 3liya f 5 minutes",french,خاتمني خدمة دعم فني، رد علىّ في ٥ دقائق,neutre,0.9989,0.0004,0.9989,0.0007
305,Pourquoi la 5G n'est pas disponible dans toutes les rgions?,french,لماذا لا تتوفر شبكة الجيل الخامس في جميع المناطق؟,neutre,0.9811,0.002,0.9811,0.0169
306,Taw 3andkom offre 3al modem 4G? n7eb nchri,arabizi,,negatif,0.7038,0.7038,0.0079,0.2884
307,"Mrigul wallah, 3aychek ya topnet tounes",arabizi,,positif,0.9401,0.0599,0.0001,0.9401
308,"Rseau fel bardo yekhdem mrigul, alhamdulillah",arabizi,,positif,0.997,0.0029,0.0001,0.997
309,"Code activation forfait maykhdemch 3la 9alil, jarabt",arabizi,,positif,0.8466,0.1486,0.0048,0.8466
310,"Yhazik service client, 7alouli mchklet l'app",arabizi,,neutre,0.999,0.0004,0.999,0.0006
311,Offre taw b 30dt 100go? nchlh n3ayech behi,arabizi,,positif,0.8938,0.1061,0.0001,0.8938
312,"Rani nchki 3al 4G fel nhar, vitesse 2mb/s",arabizi,,neutre,0.9996,0.0002,0.9996,0.0002
313,"Appli taw t5rj w t7eb tsaker, n3ad n3amel restart",arabizi,,negatif,0.9786,0.9786,0.001,0.0204
314,"Wallah 3aychek ya topnet, ama rseau ta7 f lil",arabizi,,negatif,0.9571,0.9571,0.0001,0.0428
315,Pourquoi les promotions ne sont pas valables pour les anciens?,french,لماذا لا تكون العروض سارية للهيئات القديمة؟,neutre,0.8,0.1208,0.8,0.0791
316,"N7eb n3amel transfert de proprit, win nmchi?",arabizi,,neutre,0.7466,0.0352,0.7466,0.2183
317,Code *101# yekhdem wala la? 3andi chk,arabizi,,neutre,0.9995,0.0002,0.9995,0.0002
318,"Mrigul service mrigul, merci ya topnet",arabizi,,positif,0.9979,0.002,0.0001,0.9979
319,???? ?? ?????? ??????? code par SMS b sarii3a?,arabizi,,positif,0.8485,0.1507,0.0008,0.8485
320,"Taw n7eb nchouf offre jdida lel famille, win?",arabizi,,positif,0.7468,0.1999,0.0533,0.7468
321,"Khatemni l'offre weekend b 10dt 30go, 3ejbetni",arabizi,,positif,0.9508,0.0489,0.0004,0.9508
322,"Rseau fel ariana ytayyar, chbik ya topnet",arabizi,,positif,0.81,0.1899,0.0001,0.81
323,"Yhazik support technique, 7alouli mchklet rseau",french,دعم فني يهزيك، حلولي مشكلة شبكة,negatif,0.9975,0.9975,0.0002,0.0024
324,"Offre ramdan b 15dt 50go, sara7a mrigula",arabizi,,negatif,0.9076,0.9076,0.0001,0.0923
325,Rani nchki 3al appli mobile t9a3di tawa,arabizi,,neutre,0.9995,0.0003,0.9995,0.0003
326,"Wallah n7eb n5ales b carte lectronique, 5edma sarii3a",arabizi,,positif,0.9716,0.0283,0.0001,0.9716
327,Code *555# maykhdemch m3a l'offre taw,arabizi,,negatif,0.9326,0.9326,0.0002,0.0672
328,Pourquoi le service client ne rpond pas aux emails?,french,لماذا لا يرد خدمة العملاء على البريد الإلكتروني؟,neutre,0.9991,0.0004,0.9991,0.0005
329,"N7eb n3amel chkaya 3ala facture, win najm?",arabizi,,neutre,0.999,0.0005,0.999,0.0005
330,"Appli taw tzid tet3aml behia, merci 3likom",arabizi,,positif,0.9758,0.0241,0.0001,0.9758
331,"Rseau fel la marsa 4G mrigul, alhamdulillah",arabizi,,positif,0.9676,0.0323,0.0001,0.9676
332,"Offre kima fel 9raya b 8dt 20go, 3ejbetni",arabizi,,positif,0.9618,0.0382,0.0001,0.9618
333,???? ?? ?????? ????? ????? ??? MMS?,arabizi,,positif,0.9971,0.0024,0.0004,0.9971
334,"N7eb n3amel recharge automatique, kifeh?",arabizi,,positif,0.7037,0.2938,0.0025,0.7037
335,"Khatemni service de livraison carte sim, merci",arabizi,,positif,0.9483,0.0472,0.0045,0.9483
336,Taw 3andkom offre 5G fel mnihla? n7eb njarab,arabizi,,neutre,0.9989,0.0004,0.9989,0.0007
337,"Rani nchki 3al 3ardh mta3 250 millime sms, ghali",arabizi,,neutre,0.9995,0.0002,0.9995,0.0002
338,"Yhazik ya topnet, ama zid chwaya fel 7al",arabizi,,positif,0.6791,0.3208,0.0001,0.6791
339,Pourquoi les forfaits prepays n'ont pas le 5G?,french,لماذا لا يحتوي باقات الدفع المسبق على 5G؟,neutre,0.9946,0.0015,0.9946,0.0039
340,"N7eb nchouf facture dtaille fel appli, win?",arabizi,,neutre,0.9972,0.0012,0.9972,0.0016
341,"Offre nhar l3aml b 5dt 10go, 3ejbetni",arabizi,,positif,0.9533,0.0466,0.0001,0.9533
342,"Rseau fel centre ville yekhdem mrigul, alhamdulillah",arabizi,,positif,0.9973,0.0026,0.0001,0.9973
343,"Service client yraddou 3liya ba3d 2 minutes, mrigul",arabizi,,negatif,0.9861,0.9861,0.0001,0.0137
344,"Code *999# maykhdemch, 7alouha ya topnet",arabizi,,positif,0.5637,0.4361,0.0001,0.5637
345,???? ?? ?????? ??????? ???? ??? eSIM?,arabizi,,positif,0.9935,0.0048,0.0017,0.9935
346,"Taw n7eb n3amel 7keya mrigula 3al fibre, win?",arabizi,,neutre,0.9429,0.0124,0.9429,0.0447
347,"Khatemni l'offre ramdan b 20dt 70go, 3ejbetni",arabizi,,positif,0.8897,0.0893,0.021,0.8897
348,"Rani nchki 3al 4G fel lil, vitesse 1mb/s",arabizi,,neutre,0.9996,0.0002,0.9996,0.0002
349,"Yhazik support, 7alouli mchklet l'appli",arabizi,,positif,0.8242,0.1744,0.0014,0.8242
350,Offre taw b 12dt 40go? nchlh n3ayech,arabizi,,negatif,0.8477,0.8477,0.0001,0.1522
351,Pourquoi le site web est toujours en maintenance?,french,لماذا الموقع دائمًا في صيانة؟,neutre,0.7525,0.0432,0.7525,0.2043
352,"N7eb n3amel rsiliation w nrajja3 modem, kifeh?",arabizi,,neutre,0.998,0.0007,0.998,0.0013
353,"Rseau fel mourouj 5G yekhdem mrigul, alhamdulillah",arabizi,,positif,0.996,0.0037,0.0003,0.996
354,"Appli ta7eli wa9t ma n7eb n3amel paiement, n3ad",arabizi,,neutre,0.9971,0.001,0.9971,0.0019
355,"Wallah n7eb n5ales b dop, ama ma y9ablouch",arabizi,,negatif,0.9212,0.9212,0.0001,0.0786
356,"Offre kima fel 3oudh, 5edma mrigula",arabizi,,positif,0.9596,0.0403,0.0001,0.9596
357,"N7eb n3amel chkaya 3ala rseau, win najm?",arabizi,,neutre,0.9987,0.0006,0.9987,0.0008
358,"Khatemni service client, raddou 3liya f 8 minutes",arabizi,,neutre,0.9993,0.0004,0.9993,0.0003
359,Taw 3andkom offre 3al smartphone? n7eb nchri,arabizi,,neutre,0.9971,0.0008,0.9971,0.002
360,Rani nchki 3al facture zeda zidoulna 5dt,arabizi,,neutre,0.9992,0.0004,0.9992,0.0004
361,"Code activation 5G maykhdemch, 7alouha",english,كود تنشيط 5G مخصص لك، 7alouha,neutre,0.9925,0.0024,0.9925,0.0051
362,Pourquoi les recharges par carte verte sont lentes?,french,لماذا تكون عمليات الشحن بالبطاقة الخضراء بطيئة؟,negatif,0.5309,0.5309,0.0165,0.4526
363,"N7eb nchouf l'historique mta3 appels, win?",arabizi,,neutre,0.9995,0.0002,0.9995,0.0003
364,"Offre weekend b 6dt 15go, 3ejbetni barcha",arabizi,,positif,0.995,0.0049,0.0001,0.995
365,"Mrigul service technique, y7el 3liya mchklet",arabizi,,positif,0.9357,0.0609,0.0034,0.9357
366,Appli mrigula ama 3andha bug fel login,arabizi,,negatif,0.9747,0.9747,0.0001,0.0251
367,Rseau fel tunis centre 4G+ yekhdem mrigul,arabizi,,positif,0.9933,0.0064,0.0003,0.9933
368,Code *777# maykhdemch m3a offre jdida,arabizi,,neutre,0.5349,0.0929,0.5349,0.3722
369,???? ?? ?????? ????? ????? ??? ping? 150ms,arabizi,,positif,0.9975,0.0022,0.0003,0.9975
370,"N7eb n3amel transfert de compte, win najm?",arabizi,,neutre,0.9943,0.0008,0.9943,0.0049
371,"Khatemni l'offre b 10dt 30go, 3ejbetni",arabizi,,positif,0.5872,0.0676,0.3452,0.5872
372,"Rani nchki 3al 4G fel nhar, vitesse dha3fa",arabizi,,neutre,0.9995,0.0002,0.9995,0.0003
373,"Yhazik service client, 7alouli mchklet facture",arabizi,,neutre,0.5731,0.3096,0.5731,0.1173
374,Pourquoi l'application ne montre pas le solde exact?,french,لماذا لا تظهر التطبيق الرصيد الصحيح؟,neutre,0.999,0.0002,0.999,0.0008
375,N7eb n3amel reclamation 3ala vol de crdit,arabizi,,negatif,0.996,0.996,0.0003,0.0037
376,"Code *555# yekhdem 3la 9alil, ama marra ytayyar",arabizi,,positif,0.9499,0.0492,0.0009,0.9499
377,Rseau fel ariana 5G mazel mouch mrigul,arabizi,,neutre,0.8398,0.0229,0.8398,0.1373
378,"Appli taw tzid tet3aml behia, merci",arabizi,,positif,0.9585,0.0413,0.0001,0.9585
379,???? ?? ?????? ??????? ??? SMS b sarii3a?,arabizi,,positif,0.9857,0.014,0.0004,0.9857
380,"Khatemni service de support, raddou 3liya f 3 minutes",arabizi,,positif,0.6481,0.2435,0.1084,0.6481
381,Taw 3andkom offre 3al modem fibre? n7eb nchri,arabizi,,neutre,0.9838,0.0025,0.9838,0.0137
382,"Rani nchki 3al 3ardh mta3 1dt appel, ghali",arabizi,,neutre,0.9996,0.0002,0.9996,0.0002
383,"Yhazik ya topnet, ama zid chwaya fel couverture",arabizi,,negatif,0.6619,0.6619,0.0001,0.3379
384,Code *222# maykhdemch 3la Android 14,arabizi,,neutre,0.9995,0.0002,0.9995,0.0003
385,Pourquoi le roaming est cher par rapport aux autres?,french,لماذا يعتبر الرّوامنغ غاليًا مقارنة بالخدمات الأخرى؟,positif,0.9397,0.0512,0.0091,0.9397
386,N7eb nchouf offre jdida lel data illimit,arabizi,,neutre,0.4726,0.1156,0.4726,0.4118
387,"Offre nhar l3aml b 8dt 25go, 3ejbetni",arabizi,,positif,0.9545,0.0454,0.0001,0.9545
388,Appli ta7eli wa9t ma n7eb nchouf facture,arabizi,,negatif,0.4334,0.4334,0.275,0.2916
389,"Rseau fel laouina 4G yekhdem mrigul, alhamdulillah",arabizi,,positif,0.9969,0.003,0.0001,0.9969
390,"Service client yraddou 3liya ba3d 10 minutes, mrigul",arabizi,,negatif,0.9877,0.9877,0.0001,0.0122
391,???? ?? ?????? ??????? ???? ??? VoLTE?,arabizi,,positif,0.9958,0.0036,0.0006,0.9958
392,"Taw n7eb n3amel 7keya mrigula 3al 5G, win?",arabizi,,neutre,0.9994,0.0002,0.9994,0.0003
393,"Khatemni l'offre ramdan b 15dt 50go, 3ejbetni",arabizi,,positif,0.8567,0.139,0.0043,0.8567
394,"Rani nchki 3al 4G fel lil, vitesse 0.5mb/s",arabizi,,neutre,0.9945,0.0045,0.9945,0.001
395,Offre taw b 18dt 60go? nchlh n3ayech,arabizi,,negatif,0.9819,0.9819,0.0001,0.018
396,Pourquoi le site mobile n'est pas optimis?,french,لماذا لم يتم تحسين الموقع على الهاتف المحمول؟,neutre,0.9979,0.0006,0.9979,0.0016
397,Code *101# yekhdem wala? 3andi chk,arabizi,,neutre,0.9996,0.0002,0.9996,0.0002
398,"Rseau fel bardo 5G yekhdem mrigul, alhamdulillah",arabizi,,positif,0.997,0.0029,0.0001,0.997
399,Appli mrigula ama taw tzid tet3aml behia,arabizi,,negatif,0.8157,0.8157,0.0002,0.1841
400,"Offre kima fel 9raya, 5edma mrigula",arabizi,,positif,0.8452,0.1547,0.0001,0.8452
401,???? ?? ?????? ??????? ??? facture par SMS?,french,???? ?? ?????? ??????? ??? ?????? ?????? ?? SMS,positif,0.991,0.0073,0.0017,0.991
402,N7eb n3amel chkaya 3ala lenteur rseau,arabizi,,neutre,0.9864,0.006,0.9864,0.0076
403,"Khatemni service client, raddou 3liya f 6 minutes",arabizi,,neutre,0.9992,0.0004,0.9992,0.0004
404,Rani nchki 3al facture zeda zidoulna 8dt,arabizi,,neutre,0.9993,0.0004,0.9993,0.0003
405,"Yhazik ya topnet, 3aychek 3al fibre optique",arabizi,,negatif,0.7064,0.7064,0.0001,0.2935
406,"Code activation forfait maykhdemch, 7alouha",english,كود تفعيل باقة مايخدمش، حالوها,neutre,0.9987,0.0009,0.9987,0.0004
407,Pourquoi les codes USSD sont lents?,french,لماذا تكون رموز USSD بطيئة؟,neutre,0.999,0.0003,0.999,0.0007
408,N7eb nchouf dtail mta3 consommation fel appli,arabizi,,neutre,0.8449,0.0986,0.8449,0.0564
409,"Offre weekend b 12dt 35go, 3ejbetni barcha",arabizi,,positif,0.9952,0.0047,0.0001,0.9952
410,Appli mrigula ama 3andha bug fel paiement,arabizi,,negatif,0.9387,0.9387,0.0005,0.0607
411,Rseau fel centre ville 4G+ yekhdem mrigul,arabizi,,positif,0.9339,0.0068,0.0592,0.9339
412,Code *777# maykhdemch m3a l'offre taw,arabizi,,negatif,0.7913,0.7913,0.0014,0.2072
413,???? ?? ?????? ????? ????? ??? DNS?,arabizi,,positif,0.9965,0.0027,0.0008,0.9965
414,"Khatemni l'offre b 5dt 15go, 3ejbetni",arabizi,,positif,0.8529,0.0483,0.0988,0.8529
415,"Rani nchki 3al 4G fel nhar, vitesse dha3fa barcha",arabizi,,neutre,0.9995,0.0002,0.9995,0.0003
416,"Yhazik service client, 7alouli mchklet l'appli",french,خدمة يهزيك العملاء، حلولي مشكلة التطبيق,negatif,0.9516,0.9516,0.0006,0.0478
417,"Merci ya Topnet tounes, nchlh dima mrigulin ??????",arabizi,,positif,0.9982,0.0017,0.0001,0.9982
418,"Service client zero, ma tjawbouch 3ala les messages ?????",arabizi,,negatif,0.9974,0.9974,0.0001,0.0025
419,"Bricooo 3ala l'offre jdid, choukrann Topnet! ??",english,بريكو على العرض الجديد، شكرا توب نت !!,positif,0.9984,0.0015,0.0001,0.9984
420,Kifach n3ayet service client? L application mahich mla7.,arabizi,,neutre,0.9997,0.0002,0.9997,0.0002
421,"L internet sri3 barcha fi 3amayem, mli7! ??",arabizi,,neutre,0.88,0.0758,0.88,0.0441
422,"3andekom 7ala mouchkla fel login, nahkiha.",arabizi,,negatif,0.8494,0.8494,0.0002,0.1504
423,"Mochkla fi l'application, crashi kif n7elha. Fix it please.",arabizi,,neutre,0.9992,0.0003,0.9992,0.0005
424,"Le meilleur operateur fi tounes, courage! ??",arabizi,,positif,0.9983,0.0015,0.0002,0.9983
425,Fatura kbir 3ala 9ad service. Chkoun ynajem y3awen?,arabizi,,neutre,0.9987,0.0009,0.9987,0.0005
426,"L'application tji mte3i msakra, chnoua lil?",arabizi,,neutre,0.9996,0.0002,0.9996,0.0002
427,"Sahit les offres illimits, khdmtha hebta.",english,استحال العروض غير المحدودة،خدمتها هبته.,positif,0.9135,0.0864,0.0001,0.9135
428,"Jawek behi, l debit mla7 nas. Continuez.",arabizi,,positif,0.9106,0.0892,0.0002,0.9106
429,"C'est n'importe quoi, kat9atlou 3la l prix.",arabizi,,negatif,0.9982,0.9982,0.0002,0.0016
430,Bj ya3tik essa7 w jay nreja3lek l flous hedhom?,arabizi,,positif,0.9826,0.0174,0.0001,0.9826
431,Globule intikom 3ala 5 ans fi tounes. ??,arabizi,,negatif,0.9901,0.9901,0.0006,0.0092
432,Ma najamtech na3mel recharge via l'application. Mouchkla technique?,arabizi,,negatif,0.8342,0.8342,0.0739,0.0919
433,"Mazrou3a l internet fi jem3a hedhi, chbikom? ??",arabizi,,negatif,0.9796,0.9796,0.0004,0.02
434,"A7la application operator, simple w pratique.",french,أفضل تطبيق مشغل، بسيط وعملي.,positif,0.9194,0.0146,0.0659,0.9194
435,"Kahw w l internet courante, wa9teli nheb na3mel live?",arabizi,,neutre,0.9987,0.0003,0.9987,0.001
436,Nhib na3ref kifach nchouf historique mta3 consomation.,arabizi,,neutre,0.9991,0.0004,0.9991,0.0006
437,"Mli7 barcha l'offre mta3 10 dinars, merci.",arabizi,,positif,0.9608,0.0391,0.0001,0.9608
438,Service client mawjoud 24/7? Walla ghadi n9oul 3likom?,arabizi,,neutre,0.983,0.0016,0.983,0.0154
439,"L'application crashi marra okhra, sna3ha! ??",arabizi,,neutre,0.9634,0.0257,0.9634,0.0109
440,"Ma 3adech taba3hom, lconnexion ta7t sifer.",arabizi,,negatif,0.9868,0.9868,0.0001,0.0131
441,"Sbitar l equipe, merci 3ala l tajriba. ??",arabizi,,positif,0.9803,0.0195,0.0002,0.9803
442,"Vitesse fi borj louzir mouch mla7, chbikom?",arabizi,,negatif,0.941,0.941,0.0001,0.0589
443,Najm ykoun application akther mli7 men hethi?,english,نجم يكون تطبيق أکثر ماليح من هذي؟,negatif,0.8438,0.8438,0.0003,0.156
444,Merci Topnet 3ala l cadeau mta3 l anniversaire! ??,arabizi,,positif,0.9906,0.0093,0.0001,0.9906
445,"Moush bahdha l internet fi biti, yelzem t7essnou.",arabizi,,negatif,0.9491,0.9491,0.0008,0.0501
446,Comment activer l'option 4G? Ma 3reftech kifach.,arabizi,,negatif,0.9844,0.9844,0.0005,0.0151
447,"Mlih barcha, 5idma mte3kom top.",arabizi,,positif,0.968,0.0319,0.0001,0.968
448,"Ma 3adech ykoun, l'application tbarka 3ala 3bed.",arabizi,,negatif,0.9845,0.9845,0.0005,0.015
449,"Floskom zahra, ma t3awnouna fi chay.",arabizi,,negatif,0.998,0.998,0.0002,0.0018
450,"Jawek mouch normal, katrou7ou win?",arabizi,,positif,0.9177,0.0822,0.0001,0.9177
451,"Bhar l'offre mta3 5g, kifach nchoufaha?",english,بار لوفير متا3 5G، كيفاش نشوفها؟,neutre,0.9991,0.0003,0.9991,0.0006
452,T3aytou 3al 1200 ma 7ad majawebni.,arabizi,,negatif,0.9325,0.9325,0.0258,0.0418
453,"Nhib na3mel copier coller, application mouch karima.",arabizi,,negatif,0.9691,0.9691,0.0004,0.0306
454,"Snin w enty a7la oprateur, hatem barcha.",arabizi,,positif,0.9982,0.0016,0.0001,0.9982
455,"Code *100# makhdamch, 3andekom 7ala?",arabizi,,negatif,0.9711,0.9711,0.0002,0.0287
456,"L'application jedida mla7, 3jbni l design. ??",arabizi,,positif,0.9841,0.0087,0.0073,0.9841
457,"Ma8irha tajribkom, kahwa barcha.",arabizi,,negatif,0.9925,0.9925,0.0001,0.0074
458,"Mouch mla7 l'application, faza men ghir ma 7aja.",arabizi,,negatif,0.9543,0.9543,0.0001,0.0456
459,"Inssafkom, l internet taih barcha fel leyel.",arabizi,,neutre,0.9903,0.0018,0.9903,0.0079
460,Brabbi chnoua l pass mta3 weekend?,arabizi,,positif,0.8329,0.1669,0.0002,0.8329
461,"Jawek behi, sahit l offre hedhi. ?",arabizi,,negatif,0.5699,0.5699,0.0007,0.4294
462,7atta 3andech l internet fi l bhar? Merci Topnet!,arabizi,,positif,0.9601,0.0144,0.0255,0.9601
463,"Service zero, kima ta7ki m3a robot. ??",arabizi,,negatif,0.9983,0.9983,0.0002,0.0014
464,"Application simple w user friendly, merci.",english,تطبيق بسيط وسهل الاستخدام، شكراً.,positif,0.9832,0.0097,0.0071,0.9832
465,"Tawwa n9oul chay 3likom, nahki les offres mte3kom.",arabizi,,negatif,0.9946,0.9946,0.0001,0.0053
466,"Ma fhemt chay, l'interface komplexe barcha.",arabizi,,negatif,0.9921,0.9921,0.0001,0.0078
467,"Merci 3ala l reponse sri3a, mli7. ??",arabizi,,positif,0.9903,0.0095,0.0002,0.9903
468,"C'est haram 3likom, katfalsfouna b les prix.",arabizi,,negatif,0.9949,0.9949,0.0001,0.0049
469,Najem n3ayet m3a conseiller b English?,arabizi,,neutre,0.9993,0.0004,0.9993,0.0004
470,L'application tatti erreur kif n7elha.,arabizi,,neutre,0.9994,0.0002,0.9994,0.0004
471,Nhib ncheki 3ala l reseau fi manouba.,arabizi,,neutre,0.6845,0.1167,0.6845,0.1988
472,"5idmtek mliha, choukran aziz. ??",arabizi,,positif,0.9932,0.0066,0.0002,0.9932
473,"Ma 3adech ykoun, hnaya l internet thebb.",arabizi,,positif,0.6462,0.1089,0.2449,0.6462
474,"9oli chnoua lhal, ma najamch nd5ol l app.",arabizi,,positif,0.5392,0.4603,0.0005,0.5392
475,"Leilla 5dmet mli7, l'yom chay mouch mli7.",arabizi,,negatif,0.9954,0.9954,0.0008,0.0038
476,"L'application mych tji mte3i, chnoua ta3mel?",arabizi,,neutre,0.9995,0.0002,0.9995,0.0003
477,Sna3na problme m3a la fibre optique.,arabizi,,neutre,0.9996,0.0001,0.9996,0.0003
478,Merci Topnet Tunisie 3ala l suivi. ??,arabizi,,positif,0.9925,0.0074,0.0001,0.9925
479,"Kahwa l'application, tatti crash kol ma nd5ol.",arabizi,,positif,0.8558,0.139,0.0052,0.8558
480,"Yelzem tna9sou fel les prix, chwaya 8alya.",arabizi,,positif,0.9775,0.0224,0.0001,0.9775
481,"Ma 3andekom 7ata 7aja mliha, kollou faza.",arabizi,,negatif,0.9171,0.9171,0.0004,0.0825
482,L'offre hedhi top! N7ibha. ??,arabizi,,positif,0.9934,0.0065,0.0001,0.9934
483,"7atta l'application ma t5dmch, wa9teli nchouf solde?",arabizi,,neutre,0.9922,0.003,0.9922,0.0048
484,Serviceclient@topnet.com mawjoud? Nhib naba3th mail.,arabizi,,negatif,0.7709,0.7709,0.0006,0.2285
485,"Jawna behi, mli7 3ala koll.",arabizi,,positif,0.9579,0.0418,0.0004,0.9579
486,"Ma 3reftech kifach n7ot 5idma, 3awnouni.",arabizi,,negatif,0.9881,0.9881,0.0001,0.0118
487,Application tnajem tkoun akther mli7a.,english,تطبيق تنجم تكون أكثر مليحا.,positif,0.9976,0.0023,0.0001,0.9976
488,Barcha problems m3a l'activation mta3 sim.,arabizi,,negatif,0.8729,0.8729,0.0003,0.1268
489,"Merci 3ala l'application, hyya a7la men 5idmet l'agent. ??",arabizi,,positif,0.9985,0.0013,0.0002,0.9985
490,"Ma tballaghouch 3ala l consommation, l fatura kbira.",arabizi,,negatif,0.9804,0.9804,0.0002,0.0194
491,Najm ykoun probleme mta3 update? L app makhdamtech.,arabizi,,neutre,0.9995,0.0002,0.9995,0.0003
492,"Rej3ou l'ancienne version, hedhi glay9a.",arabizi,,neutre,0.9996,0.0002,0.9996,0.0002
493,Brabbi chbikom msakrin l comments?,arabizi,,negatif,0.9739,0.9739,0.0001,0.026
494,"Wa9teli nheb na3mel reclama, ma 7ad mawjoud.",arabizi,,neutre,0.9996,0.0002,0.9996,0.0002
495,"3jbni l'offre mta3 adsl, sbitar. ??",arabizi,,positif,0.9743,0.0256,0.0001,0.9743
496,"Moush mla7 l debit fi sousse, choufou l 7aja hedhi.",arabizi,,negatif,0.9936,0.9936,0.0001,0.0063
497,"Tawwa n3ayetkom w n9oulkom, 5idmetkom mych mli7a.",arabizi,,negatif,0.9587,0.9587,0.0001,0.0411
498,"Fhemtna, l'application fiha bug. Attent le correctif.",french,فهمتنا، التطبيق فيه خلل. انتظر الإصلاح.,neutre,0.9757,0.0122,0.9757,0.012
499,"Yelzem t5admou 3la service client, yelzem ykoun human.",french,يجب أن أخدم العملاء ، يجب أن يكون إنسانا.,positif,0.9673,0.0141,0.0186,0.9673
500,Mli7a l'application ama tzid info 3ala consomation.,arabizi,,neutre,0.989,0.002,0.989,0.0089
501,"Floskom zahra, w jawkom ta7t.",arabizi,,negatif,0.9971,0.9971,0.0001,0.0028
502,"Ma 3adech taba3kom, 5alitou l terrain. ??",arabizi,,negatif,0.9525,0.9525,0.0001,0.0474
503,"L'application jedida a7la barcha, bravo! ??",arabizi,,positif,0.9966,0.0014,0.0021,0.9966
504,"Kahwa reel fi gammarth, choufouha. ??",arabizi,,positif,0.6528,0.347,0.0002,0.6528
505,"Jawek 3amali 3ala 9ad ma nheb, merci.",arabizi,,positif,0.9709,0.009,0.0202,0.9709
506,"Choufou l'application, moush karima w interface glay9.",english,شوفو التطبيق، مش كريم و واجهة غليظ.,negatif,0.996,0.996,0.0001,0.0038
507,"Merci 3ala l'experience mla7a, customer service behi.",arabizi,,positif,0.9969,0.0029,0.0002,0.9969
508,"Nhib nta3 jawek, kifach? ??",arabizi,,positif,0.9748,0.025,0.0002,0.9748
509,"Ma 3adech ykoun, l internet lelw wa9t yji.",arabizi,,neutre,0.9989,0.0003,0.9989,0.0008
510,"C'est une arnaque l'offre hedhi, ma ykhalloch.",arabizi,,negatif,0.9542,0.9542,0.0001,0.0457
511,5idmtek mliha fi l'agence mta3 marsa.,arabizi,,negatif,0.7331,0.7331,0.002,0.2649
512,"L'application t3attini problem, mais ma 3andich mochkla.",arabizi,,neutre,0.9992,0.0004,0.9992,0.0005
513,"Sna3na 7aja fi l box, sri3 barcha. ??",arabizi,,negatif,0.9882,0.9882,0.0002,0.0116
514,"Merci 3ala l'offre Ramadhan, bravo.",arabizi,,positif,0.9975,0.0024,0.0001,0.9975
515,"Yelzem tna9sou l les prix, w zidou l debit.",arabizi,,negatif,0.7909,0.7909,0.0001,0.209
516,"Mli7 3ala koll, merci Topnet.",arabizi,,positif,0.9903,0.0096,0.0001,0.9903
517,"Tfaddalou, chnoua l pass mta3 sbeh?",arabizi,,positif,0.6172,0.3797,0.0031,0.6172
518,"Application mouch mla7a, khallouna fi site web. ??",arabizi,,neutre,0.9995,0.0002,0.9995,0.0003
519,"Ma najamch nactivi l internet, 3awnouni.",arabizi,,negatif,0.9587,0.9587,0.0003,0.0409
520,"Brabbi 3ala 3bed, l'application tji mte3i?",arabizi,,neutre,0.9989,0.0003,0.9989,0.0007
521,Fasa5t ligne win? Ma 3amaltouch Demarche. ??,arabizi,,negatif,0.998,0.998,0.0002,0.0018
522,"L'internet mych mli7 fel 7ouch, sna3ou 7aja.",arabizi,,neutre,0.9994,0.0003,0.9994,0.0003
523,"L'equipe mta3kom zawali, 3awnouni barcha.",arabizi,,negatif,0.9316,0.9316,0.0009,0.0674
524,Nhib n3ref win n9oul a3chay mta3 l box?,arabizi,,negatif,0.9831,0.9831,0.0005,0.0164
525,"Service client robot, wa9teli n7ib na3mel rclamation?",arabizi,,neutre,0.998,0.0007,0.998,0.0014
526,"A7la reseau fi tounes, courage! ????",arabizi,,positif,0.9985,0.0014,0.0001,0.9985
527,"L'application crashi, w ma t9balch l update.",arabizi,,neutre,0.9994,0.0002,0.9994,0.0003
528,"Ma 3adech ykoun, t3aytou 10 marra.",arabizi,,negatif,0.9796,0.9796,0.0002,0.0203
529,"Debit 4G sri3 barcha, choukran. ??",arabizi,,negatif,0.6146,0.6146,0.0002,0.3852
530,Chbikom msakrin l commentaires? 3amaltou 7aja?,arabizi,,negatif,0.962,0.962,0.0001,0.0379
531,"Merci Topnet, n3ayetkom barcha w t5admouni mli7.",arabizi,,positif,0.9932,0.0067,0.0001,0.9932
532,"Mochkla fel paiement, carte bancaire ma t5admetch.",arabizi,,negatif,0.9109,0.9109,0.0009,0.0882
533,"Application simple, w koll chay mzian.",english,تطبيق بسيط، و كل شيء مزين.,positif,0.9915,0.0082,0.0003,0.9915
534,L'offre mta3 l't hya hia! ???,arabizi,,negatif,0.9957,0.9957,0.0004,0.0039
535,"Ma fhemt chay, l'interface komplexe. Sahlouha.",arabizi,,negatif,0.9943,0.9943,0.0001,0.0056
536,"Re9i9a l'application, ma t7ibouch t5dmouha?",arabizi,,negatif,0.8857,0.8857,0.0012,0.1131
537,"Jawkom 9wi fi zone rurale, merci! ??",arabizi,,positif,0.9982,0.0015,0.0003,0.9982
538,"Yelzem tzidou agences, barcha attente.",arabizi,,positif,0.9628,0.0371,0.0001,0.9628
539,"Ma 3andekom 7ata flos, w 5idmtkom zero.",arabizi,,negatif,0.9966,0.9966,0.0001,0.0033
540,"Nhib nchouf code puk, win njibou?",english,نحب نشوف كود بوك، وين نجيبو؟,neutre,0.9989,0.0002,0.9989,0.0009
541,"L'application ma tahbetch, design 9dim.",arabizi,,neutre,0.9752,0.0161,0.9752,0.0087
542,"Merci 3ala l'amlioration, l'app saret a7la.",arabizi,,neutre,0.6428,0.0039,0.6428,0.3533
543,"C'est dommage, 3andna mochkla m3a l box.",arabizi,,negatif,0.9933,0.9933,0.0001,0.0066
544,Najm ykoun pass mta3 l 3chya?,arabizi,,neutre,0.8108,0.0238,0.8108,0.1654
545,"Service mla7, w jaw behi.",english,خدمة ملا7، و جاو بيهي.,positif,0.9944,0.0055,0.0001,0.9944
546,"L'application glay9a, wa9teli nheb na3mel recharge.",arabizi,,negatif,0.9199,0.9199,0.0088,0.0713
547,"Inssafna, l'application tatti erreur 500.",arabizi,,neutre,0.9981,0.0011,0.9981,0.0008
548,"7attyt sim fi telephone okhr, ma 3adchet. ??",arabizi,,negatif,0.9289,0.9289,0.0001,0.071
549,Brabbi kifach nsa7het compte?,english,برابي كيفاش نصحح الحساب؟,negatif,0.9955,0.9955,0.0001,0.0044
550,"Merci 3ala l'avantage, c'est gentil. ??",arabizi,,positif,0.9911,0.0086,0.0003,0.9911
551,Wa9teli nheb na3tel fiha l'application barcha.,arabizi,,neutre,0.9997,0.0001,0.9997,0.0002
552,"L'internet thebb waqt l'user, choufouha.",english,الإنترنت ثعب وقت المستخدم، شوفوها.,negatif,0.9981,0.9981,0.0003,0.0016
553,"Ma3adech taba3kom, 9al3itouna b les prix.",arabizi,,negatif,0.9964,0.9964,0.0001,0.0035
554,"Tna9sou flouskom, chwaya 8alya. ??",arabizi,,negatif,0.9932,0.9932,0.0001,0.0068
555,"Service rapide fi l'agence, merci.",arabizi,,positif,0.9962,0.0037,0.0001,0.9962
556,L'application ma t5dmch 3ala l'ancien telephone.,arabizi,,neutre,0.9994,0.0002,0.9994,0.0004
557,Najm nkaml l offre mta3i mnghir ma n9ess?,arabizi,,neutre,0.9443,0.0187,0.9443,0.0369
558,"Mouch mla7 l internet fi biti, yelzem tzidou. ??",arabizi,,negatif,0.944,0.944,0.005,0.051
559,"Jawkom mouch 3adi, sri3 barcha.",arabizi,,positif,0.8394,0.1605,0.0001,0.8394
560,Chnoua l pass mta3 weekend? wa9teli ybda?,arabizi,,positif,0.9471,0.0416,0.0113,0.9471
561,"Ma najamch n3ayet service client, le numero makhdmch.",arabizi,,negatif,0.9907,0.9907,0.0001,0.0093
562,"Merci 3ala l reponse, mais ma fhemt chay.",arabizi,,positif,0.8681,0.1316,0.0002,0.8681
563,L'application crashi kif nji nchouf offre. ??,english,تطبيق كرشتي كيف نجي نشوف عروض ??,positif,0.6641,0.3309,0.005,0.6641
564,"Kahwa l'application, zidou fiha options.",english,تطبيق قهوة، أضف إليه خيارات.,positif,0.9918,0.0072,0.001,0.9918
565,C'est quoi l probleme? Internet taih. ??,french,ما المشكلة؟ الإنترنت متوقف ??,negatif,0.9967,0.9967,0.001,0.0023
566,"Nhib na3mel rclamation, win nemchi?",arabizi,,neutre,0.9969,0.0009,0.9969,0.0022
567,"Bonne continuation, a7la jaw. ??",french,استمر بالتوفيق، أحلى جو. ??,positif,0.9987,0.0011,0.0002,0.9987
568,"Ma tjawbouch 3ala l emails, service zero.",arabizi,,negatif,0.9979,0.9979,0.0002,0.0019
569,L'application ma t3attich l code puk.,arabizi,,neutre,0.9995,0.0002,0.9995,0.0003
570,"Faza m3a l'application, ma t7ebch t9abel l selfie.",arabizi,,negatif,0.6123,0.6123,0.0053,0.3824
571,"Merci 3ala l passeport, ma3adech na3mel 7aja. ??",arabizi,,negatif,0.9679,0.9679,0.0001,0.032
572,"L'interface 3jbni, moder ne w simple.",arabizi,,positif,0.9915,0.0085,0.0001,0.9915
573,Najm ykoun l bug mta3 l'app 3ala Android?,arabizi,,neutre,0.9993,0.0002,0.9993,0.0005
574,"Choufou l'application, tnajem tkoun akther fluid.",english,شوفو التطبيق، تنجم تكون أكثر سلاسة.,positif,0.9838,0.0149,0.0013,0.9838
575,Sna3na mochkla m3a l'activation mta3 l'option.,arabizi,,positif,0.9497,0.0484,0.002,0.9497
576,"Merci Topnet, les offres mtawla. ?",arabizi,,positif,0.9955,0.0044,0.0001,0.9955
577,Kifach n5arjou flous mn l'app?,french,كيفاش نحرج فلوس من لاب؟,negatif,0.9931,0.9931,0.0004,0.0065
578,"Ma 3adech ykoun, l'application tatti sueur. ??",arabizi,,neutre,0.9716,0.0211,0.9716,0.0073
579,"7aja bitha l'application, rahou fiha bugs barcha.",arabizi,,negatif,0.7998,0.7998,0.0001,0.2
580,Brabbi chbikom ma t7ottouch 5idma?,arabizi,,negatif,0.9175,0.9175,0.0001,0.0824
581,Yelzem tkoun l'application fi l'arabe.,arabizi,,neutre,0.9996,0.0001,0.9996,0.0003
582,"Mlih barcha, merci 3ala l update. ??",arabizi,,positif,0.9687,0.0311,0.0002,0.9687
583,"Service client ye5i barcha, ma 3awench.",arabizi,,neutre,0.7758,0.1616,0.7758,0.0626
584,L'application ma tzidch fiha les langues?,arabizi,,neutre,0.9995,0.0002,0.9995,0.0003
585,Kifach n7ot puce fi l'application?,arabizi,,neutre,0.9997,0.0001,0.9997,0.0002
586,"Jawkom sbitar, w l'application mli7a.",english,جاوكوم سبطار، و التطبيق مزيحا.,negatif,0.9979,0.9979,0.0005,0.0016
587,"Nhib na3mel upgrade, kifach?",arabizi,,neutre,0.9958,0.0006,0.9958,0.0035
588,"C'est honteur, 3andi mochkla w ma 7ad 3aweni. ??",arabizi,,negatif,0.9703,0.9703,0.0001,0.0297
589,Merci 3ala l'offre mta3 1DT. ??,arabizi,,neutre,0.9952,0.0013,0.9952,0.0035
590,Ma najamch n5dm l'application fi l'etranger?,arabizi,,negatif,0.969,0.969,0.0004,0.0306
591,"L'application tbarka 3ala 3bed, wa9teli n7eb na3mel 7aja tatti erreur.",arabizi,,neutre,0.998,0.0011,0.998,0.0008
592,"7ala mouch kima yelzem, l'application glay9a.",arabizi,,negatif,0.641,0.641,0.0476,0.3115
593,Merci 3ala l speed mta3 l'internet. ??,arabizi,,neutre,0.8911,0.0066,0.8911,0.1022
594,Chnoua l pass mta3 lilet?,french,شنوا اللي passé مع ليلة؟,neutre,0.6821,0.0137,0.6821,0.3042
595,"Ma 3andich signal fi l gharb, choufouha. ??",arabizi,,negatif,0.9939,0.9939,0.0001,0.006
596,Yelzem tzidou l'epaisseur mta3 l'application. ??,french,يجب أن أزيد سمك مع التطبيق ??,positif,0.9848,0.0151,0.0001,0.9848
597,"Merci Topnet, customer service sri3.",arabizi,,positif,0.9957,0.0042,0.0001,0.9957
598,"Nhib nchoukillek l'application, 5ayba barcha.",arabizi,,negatif,0.9787,0.9787,0.0006,0.0207
599,"Ma najamch nd5ol l'application, oublie mdp?",arabizi,,negatif,0.95,0.95,0.0001,0.0498
600,C'est normal l'attente fi l'agence? ??,arabizi,,negatif,0.9954,0.9954,0.0001,0.0045
601,"Brabbi l'application ma t5dmch, 7atta l'ancienne.",arabizi,,negatif,0.5043,0.5043,0.0993,0.3964
602,"Application mych mla7a, zidou l couleurs.",french,تطبيق ممتاز، أضف المزيد من الألوان.,positif,0.9937,0.0061,0.0002,0.9937
603,Najem nkamel l'abonnement mn l'app?,french,كملت الاشتراك من التطبيق؟,neutre,0.9991,0.0003,0.9991,0.0006
604,"Wa9teli n3ayet 1200, y9oulou errors. ??",arabizi,,neutre,0.999,0.0005,0.999,0.0005
605,"Merci 3ala les solutions, mli7 3ala koll.",arabizi,,positif,0.9738,0.0238,0.0025,0.9738
606,"Floskom 8alya, w l'internet brabi. ??",arabizi,,negatif,0.9859,0.9859,0.0001,0.014
607,L'application tnajem tkoun a7la men heka. ??,arabizi,,neutre,0.9984,0.0003,0.9984,0.0013
608,Chbikom tna9sou les go? Ma 3adech ykoun. ??,arabizi,,negatif,0.9273,0.9273,0.0001,0.0726
609,Jawkom fi l south mouch mla7. ??,arabizi,,positif,0.9747,0.0234,0.002,0.9747
610,"Application mla7, w interface simple.",english,تطبيق ملا7، و واجهة بسيطة.,positif,0.9809,0.0179,0.0012,0.9809
611,"Wa9teli nchouf les offres, l'application tatti sueur. ??",french,أنا شوف العروض، التطبيق يطي السوءر ??,positif,0.9681,0.0208,0.0112,0.9681
612,Merci Topnet 3ala l'amlioration. ?,arabizi,,positif,0.9917,0.0081,0.0003,0.9917
613,"Mochkla fel paiement, wa9teli n7eb na3mel. ??",arabizi,,negatif,0.8608,0.8608,0.0059,0.1332
614,C'est quoi l probleme mta3 l'application? ??,french,ما المشكلة مع التطبيق ??,negatif,0.9907,0.9907,0.0009,0.0083
615,"Nhib na3mel reclama, win n7ot'ha?",arabizi,,negatif,0.6903,0.6903,0.0063,0.3034
616,"Service client ye5i, w l'application akther. ??",english,خدمة العملاء رائعة، والتطبيق أفضل. ??,positif,0.9986,0.0013,0.0001,0.9986
617,Brabbi l'application ma t3attich l RIB?,arabizi,,neutre,0.9987,0.0005,0.9987,0.0008
618,"L'application crashi kol 5 min, chbikom?",arabizi,,neutre,0.9786,0.0174,0.9786,0.004
619,Merci 3ala les offers mla7. ??,arabizi,,positif,0.9919,0.0072,0.0009,0.9919
620,Najem n3ayet b free fi l'app?,arabizi,,neutre,0.9994,0.0002,0.9994,0.0004
621,"Ma 3adech ykoun, l'application ta7souna. ??",arabizi,,negatif,0.9498,0.9498,0.0004,0.0498
622,"Sna3na mochkla m3a l'solde, ma nchoufouch. ??",arabizi,,negatif,0.9878,0.9878,0.0007,0.0115
623,Yelzem t7ottou dark mode fi l'application. ??,arabizi,,positif,0.521,0.014,0.465,0.521
624,"C'est dommage, l'app kenet a7la.",french,ياحسرة، تطبيق كينت أحلى.,positif,0.9853,0.0142,0.0005,0.9853
625,L'application ma ta3tinich details mta3 consomation. ??,arabizi,,negatif,0.6575,0.6575,0.0923,0.2502
626,"Merci l'equipe, 3awnouni barcha. ??",arabizi,,positif,0.6009,0.399,0.0002,0.6009
627,"Ma najamch n3ayet fi l'etranger, chbikom? ??",arabizi,,negatif,0.9978,0.9978,0.0001,0.0021
628,"Choufou l'application, ma tzidouch features. ??",arabizi,,positif,0.7474,0.0209,0.2316,0.7474
629,Service client 3amli 3ala 9ad ma nheb. ??,arabizi,,negatif,0.5592,0.5592,0.0396,0.4013
630,"Nhib n5arjou flous, kifach? ??",english,نحب نخرج فلوس، كيفاش ??,negatif,0.5629,0.5629,0.0157,0.4214
631,"L'application t5dm barcha, merci Topnet. ??",arabizi,,positif,0.9803,0.0195,0.0002,0.9803
632,"Brabbi, chnoua l'offre mta3 l'anne? ??",arabizi,,negatif,0.9881,0.9881,0.0001,0.0118
633,Yelzem tzidou l vitesse mta3 l'app. ??,arabizi,,neutre,0.7775,0.0227,0.7775,0.1998
634,Merci 3ala l passeport internet. ?,arabizi,,neutre,0.7439,0.0076,0.7439,0.2485
635,"Faza m3a l'application, ma t3attich historique. ??",arabizi,,neutre,0.9792,0.0109,0.9792,0.0098
636,L'application ma t5dmch 3ala l'iphone 5. ??,arabizi,,negatif,0.9885,0.9885,0.0044,0.007
637,Chbikom ma t3awnounach? ??,arabizi,,negatif,0.8535,0.8535,0.0001,0.1464
638,Najem nchouf les factures fi l'app? ??,arabizi,,neutre,0.9994,0.0002,0.9994,0.0005
639,"Ma 3adech ykoun, l'application ta7t. ??",arabizi,,negatif,0.9379,0.9379,0.0181,0.0439
640,"Merci Topnet Tunisie, 5idmetkom top. ??",arabizi,,positif,0.9911,0.0088,0.0001,0.9911
641,"C'est haram 3likom, l'internet 3andkom 8ali. ??",arabizi,,negatif,0.9949,0.9949,0.0003,0.0047
642,L'application ma ta3tinich notification. ??,arabizi,,neutre,0.9548,0.01,0.9548,0.0353
643,"Nhib na3mel change mta3 l'offre, kifach?",arabizi,,neutre,0.9607,0.0208,0.9607,0.0185
644,Yelzem tna9sou l les attentes fi l'agence. ?,arabizi,,negatif,0.8499,0.8499,0.0008,0.1493
645,"L'application crashi, w ma 3andich solution. ??",arabizi,,neutre,0.9966,0.0025,0.9966,0.0009
646,"Merci 3ala l'update, saret a7la. ?",arabizi,,positif,0.9967,0.003,0.0003,0.9967
647,Ma najamch nactivi roaming. ??,arabizi,,negatif,0.8806,0.8806,0.0001,0.1193
648,"Service zero, w l'application zero. ??",arabizi,,negatif,0.9976,0.9976,0.0002,0.0022
649,Brabbi l'application ma t3attich les codes. ??,arabizi,,neutre,0.9983,0.0006,0.9983,0.0012
650,"L'interface 9dima, yelzem tzidou modernit. ??",arabizi,,positif,0.7364,0.2634,0.0002,0.7364
651,Merci 3ala l'activation sri3a. ?,arabizi,,positif,0.9938,0.006,0.0002,0.9938
652,"Choufou l'application, tnajem tkoun a7la. ??",english,شوفو التطبيق، تنجم تكون أحلى. ??,positif,0.9961,0.003,0.0009,0.9961
653,C'est grave l'application mta3kom. ??,french,هذا خطير تطبيق متعكم. ??,negatif,0.9974,0.9974,0.0001,0.0025
654,Nhib nchouf l'RIB mta3i. ??,arabizi,,neutre,0.9334,0.036,0.9334,0.0306
655,"Ma 3adech ykoun, l'application tbarka 3ala 3bed. ??",arabizi,,negatif,0.9759,0.9759,0.0007,0.0234
656,"Merci l'equipe Topnet, courage. ??",french,شكرا لفريق توب نت، شجاعة. ??,positif,0.9987,0.0011,0.0002,0.9987
657,"L'application ta7souna, chbikom? ??",arabizi,,negatif,0.9387,0.9387,0.0008,0.0604
658,Najem n3ayet 3al 1200 gratuitement? ??,arabizi,,neutre,0.9977,0.0006,0.9977,0.0017
659,Ma najamch n5dm l'app fi l'etranger. ??,arabizi,,negatif,0.9967,0.9967,0.0001,0.0032
660,"Brabbi, l'application ma t7ebch tji. ??",arabizi,,negatif,0.7678,0.7678,0.0097,0.2225
661,"C'est n'importe quoi, tna9sou les prix. ??",french,هذا شيء غير معقول، انخفضت الأسعار. ??,negatif,0.9972,0.9972,0.0008,0.0021
662,"Merci 3ala l'application, mli7a. ?",arabizi,,neutre,0.8268,0.0022,0.8268,0.1711
663,"L'application glay9a, wa9teli nd5ol. ??",arabizi,,neutre,0.8653,0.0453,0.8653,0.0895
664,Yelzem tzidou agences fi bledna. ??,arabizi,,positif,0.9272,0.0726,0.0002,0.9272
665,Chbikom l'app crashi barcha? ??,arabizi,,positif,0.572,0.4207,0.0073,0.572
666,Nhib na3mel transfer credit. ??,arabizi,,neutre,0.9982,0.0005,0.9982,0.0013
667,"Ma 3adech ykoun, l'application ma t5dmch. ??",arabizi,,negatif,0.9922,0.9922,0.0002,0.0076
668,"Merci 3ala l speed, l'internet sri3. ??",arabizi,,positif,0.8095,0.0435,0.147,0.8095
669,L'application ma ta3tinich les details. ??,arabizi,,neutre,0.9989,0.0005,0.9989,0.0006
670,"C'est dommage, ma t3awnounich. ??",arabizi,,negatif,0.9947,0.9947,0.0001,0.0052
671,Brabbi kifach nsa7het l'app? ??,arabizi,,neutre,0.9967,0.0012,0.9967,0.0021
672,"Service client mouch mla7, yelzem t5admou. ??",arabizi,,negatif,0.7014,0.7014,0.0008,0.2978
673,Najem nchouf l historique mta3 appels? ??,french,نجم نشوف التاريخ متاع المكالمات ??,positif,0.9942,0.0056,0.0002,0.9942
674,Yelzem tzidou l'options fi l'app. ??,arabizi,,neutre,0.9986,0.0004,0.9986,0.0009
675,Merci 3ala l'info. ??,arabizi,,neutre,0.9974,0.0006,0.9974,0.002
676,"L'application ta7t, wa9teli nheb na3mel 7aja. ??",arabizi,,neutre,0.998,0.001,0.998,0.0009
677,"Ma 3adech taba3kom, les prix t3adew. ??",arabizi,,negatif,0.9909,0.9909,0.0001,0.009
678,"Choufou l'application, ma t5dmch 3ala android. ??",arabizi,,neutre,0.9976,0.0007,0.9976,0.0017
679,"C'est haram, l'application crashi. ??",english,من المحرم ، تطبيق تحطم . ??,negatif,0.9739,0.9739,0.0002,0.0259
680,"Nhib n3ayet l'agent, win nemchi? ??",english,نحب نعيّط العميل، وين نمشي ??,positif,0.9976,0.0023,0.0002,0.9976
681,"Merci Topnet, l'app saret a7la. ?",arabizi,,positif,0.9974,0.0025,0.0001,0.9974
682,"Brabbi, l'application tatti erreur. ??",arabizi,,negatif,0.6232,0.6232,0.0017,0.3751
683,"L'interface mla7, mais l'app slow. ??",french,الواجهة جميلة، لكن التطبيق بطيء ??,negatif,0.7289,0.7289,0.0055,0.2656
684,Yelzem t7ottou dark mode. ??,arabizi,,positif,0.9913,0.0086,0.0001,0.9913
685,"Ma najamch nd5ol, mot de passe oubli. ??",arabizi,,negatif,0.9814,0.9814,0.0001,0.0185
686,Merci 3ala l'activation. ?,arabizi,,positif,0.9961,0.0034,0.0005,0.9961
687,Chbikom l'app ma tji? ??,arabizi,,negatif,0.6551,0.6551,0.0074,0.3376
688,C'est normal lenteur mta3 l'app? ??,french,هل من الطبيعي أن تكون البطء في التطبيق ??,negatif,0.7846,0.7846,0.0002,0.2151
689,Najem n5arjou flous mn compte? ??,french,ناجم نحرج فلوس من الحساب ??,negatif,0.9985,0.9985,0.0003,0.0012
690,L'application ma ta3tinich confirmation. ??,arabizi,,neutre,0.9994,0.0002,0.9994,0.0004
691,Merci 3ala l'avantage. ??,arabizi,,positif,0.9819,0.0105,0.0076,0.9819
692,"Ma 3adech ykoun, l'app glay9a. ??",arabizi,,negatif,0.8255,0.8255,0.0398,0.1347
693,Brabbi chnoua l pass mta3 sbeh? ??,arabizi,,negatif,0.5773,0.5773,0.0001,0.4226
694,"Service zero, l'application zero. ??",arabizi,,negatif,0.9979,0.9979,0.0002,0.0019
695,Yelzem tzidou l vitesse mta3 l'internet. ??,french,يجب أن أزيد من سرعة الإنترنت. ??,neutre,0.6065,0.114,0.6065,0.2795
696,Nhib na3mel reclamation. ??,arabizi,,neutre,0.9927,0.0016,0.9927,0.0057
697,"Merci l'equipe, 5idmetkom sbitar. ??",arabizi,,positif,0.8025,0.1974,0.0001,0.8025
698,"C'est dommage, l'app tbarka 3ala 3bed. ??",arabizi,,negatif,0.9973,0.9973,0.0001,0.0026
699,"Choufou l'application, crashi kol chwaya. ??",arabizi,,neutre,0.9741,0.0045,0.9741,0.0214
700,Ma najamch n3ayet l service client. ??,arabizi,,negatif,0.9879,0.9879,0.0001,0.012
701,L'application ma t3attich choix. ??,arabizi,,neutre,0.9971,0.001,0.9971,0.0018
702,"Brabbi, kifach nactivi 4G? ??",english,برابي، كيفاش ننطيفي 4G ??,negatif,0.9948,0.9948,0.0003,0.0049
703,"Merci Topnet, jawkom mli7. ??",arabizi,,positif,0.9967,0.0032,0.0001,0.9967
704,Yelzem tna9sou flous mta3 l'offre. ??,arabizi,,negatif,0.9883,0.9883,0.0001,0.0116
705,Najem nchouf les details mta3 sim? ??,arabizi,,neutre,0.9993,0.0003,0.9993,0.0004
706,"C'est haram 3likom, tna9sou les prix. ??",arabizi,,negatif,0.9979,0.9979,0.0002,0.0019
707,"L'application ma t5dmch, wa9teli nd5ol. ??",arabizi,,neutre,0.9844,0.004,0.9844,0.0117
708,Merci 3ala l reponse sri3a. ?,arabizi,,positif,0.9966,0.0031,0.0003,0.9966
709,Chbikom l'app slow barcha? ??,arabizi,,positif,0.8714,0.1196,0.009,0.8714
710,Nhib n3ayet m3a conseiller. ??,arabizi,,positif,0.9855,0.0131,0.0014,0.9855
711,"Service client mla7, mais l'app la. ??",french,خدمة العملاء ملاح، ولكن التطبيق لا ??,negatif,0.9298,0.9298,0.0001,0.07
712,"Brabbi, l'application tatti erreur 404. ??",arabizi,,neutre,0.9949,0.0024,0.9949,0.0027
713,Yelzem tzidou l features. ??,arabizi,,positif,0.9571,0.0427,0.0002,0.9571
714,Ma najamch n5dm l'app fi l leyel. ??,arabizi,,negatif,0.9838,0.9838,0.0002,0.016
715,Merci 3ala l offre. ??,arabizi,,negatif,0.8819,0.8819,0.0002,0.118
716,"L'application tbarka 3ala 3bed, ma t5dmch. ??",arabizi,,negatif,0.9929,0.9929,0.0001,0.007
717,"C'est grave, l'internet taih. ??",french,هذا خطير، الإنترنت ميت ??,negatif,0.99,0.99,0.0004,0.0096
718,"Choufou l'application, ma t3attich solde. ??",arabizi,,neutre,0.6198,0.085,0.6198,0.2951
719,Najem n3ayet 3al 1200? ??,arabizi,,positif,0.9672,0.032,0.0009,0.9672
720,"Ma 3adech taba3kom, 5idmetkom rahet. ??",arabizi,,negatif,0.9953,0.9953,0.0001,0.0046
721,Merci Topnet Tunisie. ??,arabizi,,positif,0.9975,0.0024,0.0001,0.9975
722,Brabbi l'application ma t3attich l code. ??,arabizi,,neutre,0.9993,0.0003,0.9993,0.0005
723,Yelzem t7ottou l'arabe. ????,arabizi,,positif,0.9828,0.0169,0.0002,0.9828
724,"L'application crashi, wa9teli nheb na3mel recharge. ??",arabizi,,neutre,0.9994,0.0003,0.9994,0.0003
725,Nhib nchouf consomation. ??,english,نحب نشوف استهلاك ??,positif,0.9949,0.0031,0.002,0.9949
726,"C'est n'importe quoi, l'app glay9a. ??",french,هادشي ماشي حاجة، التطبيق غلاي9ا ??,positif,0.8785,0.1214,0.0001,0.8785
727,Merci 3ala l update. ?,arabizi,,positif,0.9145,0.078,0.0075,0.9145
728,Ma najamch nactivi offre. ??,arabizi,,negatif,0.9851,0.9851,0.0001,0.0148
729,"Service zero, yelzem t5admou. ??",arabizi,,negatif,0.9972,0.9972,0.0001,0.0027
730,L'application ma t5dmch 3ala l'android. ??,arabizi,,neutre,0.9955,0.0024,0.9955,0.0022
731,"Brabbi, kifach nchouf fatura? ??",arabizi,,negatif,0.6063,0.6063,0.3332,0.0605
732,Yelzem tzidou l vitesse. ??,french,يجب أن أزيد من السرعة. ??,negatif,0.592,0.592,0.0003,0.4077
733,Najem n3ayet l'agent? ??,arabizi,,positif,0.9958,0.0039,0.0004,0.9958
734,"Merci 3ala l'info, mli7. ??",arabizi,,neutre,0.9991,0.0003,0.9991,0.0006
735,"C'est dommage, l'app crashi. ??",french,يا له من أسف ، التطبيق تعطل . ??,positif,0.6824,0.3174,0.0002,0.6824
736,"Choufou l'application, ma t5dmch bien. ??",arabizi,,positif,0.9479,0.0488,0.0033,0.9479
737,Nhib na3mel reclama. ??,arabizi,,neutre,0.9878,0.0045,0.9878,0.0077
738,L'application ma ta3tinihch l RIB. ??,arabizi,,neutre,0.9989,0.0006,0.9989,0.0005
739,Merci 3ala l service. ??,arabizi,,positif,0.9894,0.0102,0.0004,0.9894
740,Brabbi l'application tatti sueur. ??,arabizi,,positif,0.9531,0.0452,0.0017,0.9531
741,Yelzem tna9sou les prix. ??,arabizi,,positif,0.7344,0.2655,0.0002,0.7344
742,Ma najamch nd5ol l'app. ??,arabizi,,negatif,0.6525,0.6525,0.0003,0.3471
743,Service client mla7. ??,french,خدمة العملاء ملاحظة ??,positif,0.9982,0.0016,0.0001,0.9982
744,L'application tbarka 3ala 3bed. ??,arabizi,,neutre,0.9891,0.0064,0.9891,0.0046
745,"C'est haram, tna9sou les go. ??",french,من الحرام، تنقصوا قو؟؟,negatif,0.9984,0.9984,0.0004,0.0012
746,Chbikom l'app crashi? ??,english,شبيكوم لاب كرش ??,negatif,0.8403,0.8403,0.0004,0.1593
747,Najem n5arjou flous? ??,arabizi,,negatif,0.6815,0.6815,0.0004,0.3181
748,Ma 3adech taba3kom. ??,arabizi,,negatif,0.911,0.911,0.0002,0.0889
749,"Merci Topnet, l'app mla7. ?",arabizi,,positif,0.9954,0.0044,0.0002,0.9954
750,"Brabbi, l'application ma t5dmch. ??",arabizi,,negatif,0.9611,0.9611,0.0001,0.0388
751,Yelzem tzidou options. ??,french,يجب أن أزيد الخيارات. ??,positif,0.9949,0.005,0.0001,0.9949
752,Nhib n3ayet 1200. ??,arabizi,,neutre,0.8405,0.0331,0.8405,0.1265
753,L'application ta7souna. ??,arabizi,,positif,0.5557,0.0725,0.3718,0.5557
754,"C'est grave, l'app slow. ??",french,هذا خطير، التطبيق بطيء ??,negatif,0.9897,0.9897,0.0002,0.0101
755,Merci 3ala l activation. ?,arabizi,,positif,0.996,0.0031,0.0008,0.996
756,"Choufou l'application, tatti erreur. ??",french,شوفو التطبيق، تاتي خطأ ??,neutre,0.5803,0.1804,0.5803,0.2393
757,Ma najamch nchouf solde. ??,arabizi,,negatif,0.9907,0.9907,0.0001,0.0092
758,"Service zero, l'app zero. ??",arabizi,,negatif,0.9981,0.9981,0.0002,0.0017
759,L'application ma t3attich historique. ??,arabizi,,neutre,0.999,0.0004,0.999,0.0006
760,Brabbi kifach nactivi? ??,english,كيف أشتري نكتيفي ??,positif,0.9748,0.025,0.0002,0.9748
761,Najem n3ayet service? ??,arabizi,,neutre,0.9729,0.003,0.9729,0.024
762,Merci 3ala l offre mla7. ??,arabizi,,positif,0.8842,0.1154,0.0004,0.8842
763,"C'est dommage, ma t5dmch. ??",arabizi,,negatif,0.9947,0.9947,0.0001,0.0052
764,Chbikom l'app ta7t? ??,arabizi,,negatif,0.8163,0.8163,0.0003,0.1834
765,Nhib n5arjou flous. ??,french,نحب نخرج فلوس ??,negatif,0.7667,0.7667,0.0008,0.2325
766,L'application crashi barcha. ??,arabizi,,neutre,0.9994,0.0003,0.9994,0.0003
767,Merci l'equipe. ??,arabizi,,positif,0.9877,0.0121,0.0002,0.9877
768,Brabbi l'application ma tji. ??,arabizi,,neutre,0.6861,0.045,0.6861,0.2689
769,Yelzem tna9sou attente. ?,arabizi,,positif,0.9299,0.0699,0.0001,0.9299
770,Ma najamch n3ayet. ??,arabizi,,negatif,0.9761,0.9761,0.0001,0.0238
771,Service client zero. ??,arabizi,,negatif,0.996,0.996,0.0001,0.0039
772,L'application ma ta3tinihch details. ??,arabizi,,neutre,0.9978,0.0009,0.9978,0.0013
773,C'est haram 3likom. ??,arabizi,,negatif,0.9821,0.9821,0.0001,0.0178
774,Choufou l'application. ??,french,شوفو التطبيق. ??,positif,0.9123,0.0862,0.0015,0.9123
775,Najem nchouf fatura? ??,arabizi,,neutre,0.997,0.0008,0.997,0.0022
776,Ma 3adech ykoun. ??,arabizi,,negatif,0.9834,0.9834,0.0002,0.0164
777,Merci 3ala l speed. ??,arabizi,,positif,0.9788,0.0207,0.0005,0.9788
778,Brabbi l'app slow. ??,english,برابي لاب سلو ??,positif,0.9954,0.0044,0.0002,0.9954
779,L'application ta7t. ??,arabizi,,positif,0.5515,0.3256,0.1229,0.5515
780,C'est n'importe quoi. ??,french,هذا هراء. ??,positif,0.5209,0.479,0.0001,0.5209
781,Merci Topnet. ??,arabizi,,positif,0.997,0.0029,0.0001,0.997
782,Chbikom ma t5dmch? ??,arabizi,,negatif,0.905,0.905,0.0001,0.0949
783,Ma najamch nactivi. ??,arabizi,,negatif,0.78,0.78,0.0001,0.2199
784,Service mla7. ??,arabizi,,negatif,0.823,0.823,0.0002,0.1768
785,Brabbi chnoua l pass? ?,arabizi,,positif,0.4771,0.4552,0.0677,0.4771
786,Yelzem t5dmou 3la l'app. ??,french,يَزْمُ عَلَيَّ أَنْ أَسْتَخْدِمَ التَّطْبِيقَ ??,neutre,0.9531,0.0035,0.9531,0.0434
787,Najem n3ayet? ??,arabizi,,positif,0.9668,0.031,0.0023,0.9668
788,Merci 3ala l reponse. ?,arabizi,,positif,0.9958,0.0038,0.0004,0.9958
789,C'est dommage. ??,french,يالأسف. ??,negatif,0.9979,0.9979,0.0002,0.002
790,Choufouha. ??,english,شوفوها. ??,positif,0.998,0.0018,0.0001,0.998
791,Nhib l'RIB. ??,arabizi,,positif,0.5316,0.3703,0.0981,0.5316
792,L'application crashi. ??,arabizi,,neutre,0.9993,0.0003,0.9993,0.0004
793,Merci. ??,arabizi,,positif,0.9972,0.0026,0.0001,0.9972
794,Brabbi erreur. ??,arabizi,,negatif,0.986,0.986,0.0001,0.0139
795,Yelzem tzidou. ??,arabizi,,positif,0.9453,0.0545,0.0002,0.9453
796,Ma najamch. ??,arabizi,,negatif,0.9808,0.9808,0.0001,0.0191
797,Service zero. ??,arabizi,,negatif,0.9983,0.9983,0.0002,0.0015
798,L'app glay9a. ??,arabizi,,negatif,0.5704,0.5704,0.1867,0.2429
799,C'est haram. ??,french,هذا حرام. ??,negatif,0.9983,0.9983,0.0003,0.0014
800,Chbikom? ??,arabizi,,positif,0.8753,0.1245,0.0002,0.8753
801,Najem? ?,arabizi,,positif,0.9948,0.0049,0.0003,0.9948
802,Ma 3adech. ??,arabizi,,negatif,0.9528,0.9528,0.0001,0.0471
803,Yelzem. ??,arabizi,,positif,0.9691,0.0308,0.0001,0.9691
804,Nhib. ??,arabizi,,positif,0.977,0.0227,0.0003,0.977
805,L'app. ??,french,التطبيق,positif,0.9694,0.0239,0.0066,0.9694
806,C'est. ??,french,هذا. ??,negatif,0.9908,0.9908,0.0001,0.0091
807,Choufou. ??,english,شوفو ??,negatif,0.588,0.588,0.0026,0.4094
808,Ma. ??,arabizi,,positif,0.998,0.0019,0.0001,0.998
809,Service. ??,english,خدمة. ??,positif,0.9977,0.0022,0.0001,0.9977
810,Merci. ?,arabizi,,positif,0.9959,0.0038,0.0003,0.9959
811,Najem. ??,arabizi,,positif,0.9979,0.0019,0.0002,0.9979
812,L'application. ??,arabizi,,neutre,0.9201,0.0427,0.9201,0.0372
813,Chbikom. ??,arabizi,,positif,0.5583,0.4413,0.0004,0.5583
814,Nhib. ?,arabizi,,positif,0.8898,0.1092,0.001,0.8898
815,Brabbi l'app. ??,arabizi,,negatif,0.9596,0.9596,0.0004,0.0401
816,Yelzem tna9sou. ??,arabizi,,positif,0.8524,0.1475,0.0001,0.8524
817,Ma najamch nd5ol. ??,arabizi,,negatif,0.7598,0.7598,0.0001,0.2401
818,L'app ma t5dmch. ??,arabizi,,negatif,0.9607,0.9607,0.0004,0.0389
819,Najem n3ayet 1200? ??,arabizi,,positif,0.9948,0.0049,0.0003,0.9948
820,Brabbi erreur 404. ??,arabizi,,positif,0.5296,0.4702,0.0002,0.5296
821,Yelzem tzidou l options. ??,french,يجب أن أضيف الخيارات. ??,positif,0.9585,0.0403,0.0013,0.9585
822,Nhib nchouf solde. ??,english,نحب نشوف صولدي ??,positif,0.9985,0.0014,0.0002,0.9985
823,C'est grave. ??,french,هذا خطير. ??,negatif,0.9942,0.9942,0.0001,0.0057
824,Chbikom l'app crashi. ??,english,شبيكوم لاب كرش ??,negatif,0.8403,0.8403,0.0004,0.1593
825,Brabbi l'application glay9a. ??,arabizi,,positif,0.9222,0.0555,0.0223,0.9222
826,L'app ma t3attich l code. ??,arabizi,,neutre,0.9995,0.0002,0.9995,0.0003
827,Choufou l'application s'il vous plat. ??,french,شوفو التطبيق لو سمحتوا ??,neutre,0.9975,0.0004,0.9975,0.0021
828,Ma 3adech ykoun l'app ta7t. ??,arabizi,,negatif,0.9899,0.9899,0.0003,0.0099
829,Chbikom l'app slow? ??,arabizi,,positif,0.9856,0.0137,0.0007,0.9856
830,Chokran Topnet! 🔥,arabizi,,positif,0.9984,0.0015,0.0001,0.9984
831,a7sen offre mte3 sarka hhh,arabizi,,negatif,0.8948,0.8948,0.0001,0.1051
832,l'internet dima t9oss fi lil,arabizi,,neutre,0.9994,0.0002,0.9994,0.0004
833,"Bravo Topnet, service impeccable",arabizi,,positif,0.9984,0.0015,0.0001,0.9984
834,reseau 5/5 fil blassa mte3i ❤️,arabizi,,positif,0.9614,0.0385,0.0001,0.9614
835,Ya3tikom essa7a,arabizi,,positif,0.9983,0.0017,0.0001,0.9983
836,l'internet dima t9oss fi lil ❤️,arabizi,,neutre,0.9919,0.0008,0.9919,0.0073
837,Krahtha l'topnet mel offre hethi 😂,arabizi,,negatif,0.9798,0.9798,0.0001,0.0201
838,9adeh soum l'internet? ❤️,arabizi,,positif,0.9729,0.0267,0.0004,0.9729
839,Jawbouni message privé,french,رسالة خاصة لي,positif,0.9948,0.0022,0.003,0.9948
840,YA3TIKOM ESSA7A 📶,arabizi,,positif,0.9979,0.002,0.0001,0.9979
841,Chokran Topnet!,arabizi,,positif,0.9983,0.0016,0.0001,0.9983
842,top internet mcha m3aya mriguel,english,أفضل الإنترنت مشا معاي مريغيل,positif,0.9973,0.0026,0.0001,0.9973
843,top internet mcha m3aya mriguel 👍,english,أفضل إنترنت مشاء معاي مريغيل 👍,positif,0.9984,0.0014,0.0002,0.9984
844,yatikom sa7a 3al offre jdida,arabizi,,positif,0.9967,0.0027,0.0007,0.9967
845,9ASIT 4G W MAFAMA CHAY,arabizi,,negatif,0.9967,0.9967,0.0001,0.0032
846,Krahtha l'topnet mel offre hethi,arabizi,,negatif,0.9901,0.9901,0.0001,0.0098
847,check inbox svp,english,تفقد صندوق الواردات من فضلك,neutre,0.9992,0.0003,0.9992,0.0005
848,Chnowa jdid lyoum?,arabizi,,neutre,0.997,0.0005,0.997,0.0024
849,Ahla topnet dima ltop 🙄,arabizi,,positif,0.9916,0.0082,0.0001,0.9916
850,Tawa hetha réseau?,arabizi,,negatif,0.9774,0.9774,0.0001,0.0225
851,TOP INTERNET MCHA M3AYA MRIGUEL,english,أفضل الإنترنت معي مريغيل,positif,0.997,0.0029,0.0001,0.997
852,Dima mdalletna Topnet,arabizi,,positif,0.9896,0.0103,0.0001,0.9896
853,9asit 4G w mafama chay 🙄,arabizi,,negatif,0.9953,0.9953,0.0001,0.0046
854,Solde yetser9 wahdou!! 👍,arabizi,,positif,0.9709,0.029,0.0001,0.9709
855,connexion stable w tayara,english,اتصال مستقر وطائرة,positif,0.8319,0.1294,0.0387,0.8319
856,Reseau zerooo fi bardo,arabizi,,negatif,0.9941,0.9941,0.0001,0.0058
857,Solde yetser9 wahdou!!,arabizi,,negatif,0.889,0.889,0.0001,0.1108
858,FLOUSSI MCHET FIL FARAGH,arabizi,,negatif,0.986,0.986,0.0001,0.0139
859,Pff dima l'internet m9oussa,french,بف دايما الانترنت مقوصة,negatif,0.9986,0.9986,0.0003,0.0011
860,9asit 4g w mafama chay,arabizi,,negatif,0.9967,0.9967,0.0001,0.0032
861,Dima mdalletna Topnet ❤️,arabizi,,positif,0.9975,0.0024,0.0001,0.9975
862,TAWA HETHA RÉSEAU?,english,ما شبكتك؟,neutre,0.5706,0.0413,0.5706,0.3881
863,KIFECH NA3REF EL SOLDE MTE3I? 😡,arabizi,,negatif,0.9943,0.9943,0.0016,0.0041
864,Floussi mchet fil faragh,arabizi,,negatif,0.986,0.986,0.0001,0.0139
865,N7eb nbadal l'offre chna3mel?,arabizi,,negatif,0.9277,0.9277,0.0002,0.0721
866,yezzi mel sarka ya topnet 📶,arabizi,,negatif,0.9956,0.9956,0.0001,0.0043
867,Top internet mcha m3aya mriguel,english,أفضل الإنترنت مش معايا مريغيل,positif,0.9521,0.0476,0.0003,0.9521
868,"Bonjour, comment activer? ❤️",french,مرحبا، كيف أشغل؟ ❤️,positif,0.9931,0.002,0.005,0.9931
869,Mafhemtech l'offre hethi chnowa feha,arabizi,,negatif,0.9774,0.9774,0.001,0.0216
870,Pff dima l'internet m9oussa 💸,french,بف دايما الانترنت مغوسا 💸,negatif,0.9982,0.9982,0.0002,0.0016
871,SERVICE CLIENT MAYHEZZOUCH,english,خدمة العملاء مايه زوش,negatif,0.9975,0.9975,0.0001,0.0024
872,Bonne continuation!,french,مزيد من التقدم!,positif,0.9979,0.002,0.0002,0.9979
873,Code topnet svp 😂,arabizi,,neutre,0.9972,0.0006,0.9972,0.0021
874,PFF DIMA L'INTERNET M9OUSSA 💸,arabizi,,negatif,0.9922,0.9922,0.0001,0.0078
875,n7eb nbadal l'offre chna3mel?,arabizi,,negatif,0.9277,0.9277,0.0002,0.0721
876,Ya3tikom essa7a ❤️,arabizi,,positif,0.9984,0.0015,0.0001,0.9984
877,Service client mayhezzouch,english,خدمة العملاء مايهزوش,positif,0.9843,0.0157,0.0001,0.9843
878,JAWBOUNI MESSAGE PRIVÉ,arabizi,,neutre,0.9929,0.002,0.9929,0.0051
879,Chnowa jdid lyoum? 👍,arabizi,,neutre,0.8934,0.0038,0.8934,0.1028
880,Yatikom sa7a 3al offre jdida,arabizi,,positif,0.9967,0.0027,0.0007,0.9967
881,Ahla topnet dima ltop,arabizi,,positif,0.9973,0.0026,0.0001,0.9973
882,Appel ma yet3adech jemla,arabizi,,neutre,0.998,0.0004,0.998,0.0015
883,topnet tounes,english,توب نت تونس,positif,0.9976,0.0023,0.0001,0.9976
884,Winhom les points fidelité?,french,كيف يمكنني الحصول على نقاط الولاء؟,neutre,0.908,0.0586,0.908,0.0334
885,AHLA TOPNET DIMA LTOP,english,أهلا توب نت ديمة التوب,positif,0.9986,0.0013,0.0001,0.9986
886,Arnaque kbira,arabizi,,negatif,0.9666,0.9666,0.0001,0.0333
887,Check inbox svp 🤔,arabizi,,positif,0.979,0.0169,0.0041,0.979
888,Service client tayara,english,خدمة العملاء طيارة,positif,0.9981,0.0018,0.0001,0.9981
889,Connexion stable w tayara 📶,english,اتصال مستقر وطائرة 📶,positif,0.8286,0.1519,0.0195,0.8286
890,reseau 5/5 fil blassa mte3i,french,شبكة 5/5 فيل بلاسا متاعي,negatif,0.9831,0.9831,0.0001,0.0168
891,"BRAVO TOPNET, SERVICE IMPECCABLE 🔥",english,برافو توب نت، خدمة ممتازة 🔥,positif,0.9987,0.0012,0.0001,0.9987
892,appel ma yet3adech jemla 💸,arabizi,,neutre,0.9987,0.0003,0.9987,0.001
893,est-ce que famma promo jeyya?,arabizi,,negatif,0.5895,0.5895,0.0044,0.406
894,Est-ce que famma promo jeyya?,arabizi,,negatif,0.5895,0.5895,0.0044,0.406
895,"Bravo Topnet, service impeccable 🔥",arabizi,,positif,0.9984,0.0015,0.0001,0.9984
896,L'OFFRE HETHI JET FI WA9THA 💸,arabizi,,negatif,0.8321,0.8321,0.0004,0.1676
897,Connexion stable w tayara,english,اتصال مستقر وطائرة,positif,0.8319,0.1294,0.0387,0.8319
898,Bonne continuation! 👍,arabizi,,positif,0.9987,0.0012,0.0001,0.9987
899,L'offre hethi s7i7a?,arabizi,,positif,0.8942,0.1055,0.0003,0.8942
900,A7sen operateur fi tounes sans discussion,arabizi,,positif,0.9976,0.0023,0.0001,0.9976
901,Reseau 5/5 fil blassa mte3i 🙏,arabizi,,positif,0.8403,0.1596,0.0001,0.8403
902,SERVICE CLIENT TAYARA,english,خدمة العملاء تيارا,negatif,0.9791,0.9791,0.0001,0.0208
903,Bonne continuation! 📶,french,مزيد من التقدم! 📶,positif,0.9981,0.0017,0.0002,0.9981
904,RESEAU ZEROOO FI BARDO 🔥,arabizi,,negatif,0.9849,0.9849,0.0001,0.015
905,A7sen offre mte3 sarka hhh 👍,arabizi,,negatif,0.8104,0.8104,0.0001,0.1895
906,Vraiment l'application jdida sahla barcha 👌,arabizi,,positif,0.6466,0.0129,0.3405,0.6466
907,floussi mchet fil faragh 👍,english,فلوسي مشات في الفراغ 👍,positif,0.9976,0.0023,0.0001,0.9976
908,Winhom les points fidelité? 🔥,french,كيف نربح نقاط الولاء؟ 🔥,neutre,0.6525,0.0319,0.6525,0.3156
909,Floussi mchet fil faragh 😂,english,فلوصي مشت في الفراغ 😂,positif,0.7609,0.239,0.0002,0.7609
910,Service client tayara 😂,english,خدمة العملاء طيارة 😂,positif,0.9975,0.0023,0.0002,0.9975
911,Null service ❤️,arabizi,,negatif,0.9713,0.9713,0.0001,0.0287
912,service client mayhezzouch 🔥,english,خدمة العملاء مايهزوش 🔥,positif,0.9962,0.0037,0.0001,0.9962
913,L'offre hethi jet fi wa9tha,arabizi,,negatif,0.8628,0.8628,0.0002,0.1369
914,Ya3tikom essa7a 🙏,arabizi,,positif,0.9983,0.0016,0.0001,0.9983
915,Null service,arabizi,,negatif,0.9979,0.9979,0.0002,0.0019
916,A7sen offre mte3 sarka hhh 🙏,arabizi,,negatif,0.7026,0.7026,0.0001,0.2973
917,"BONJOUR, COMMENT ACTIVER? 💸",english,مرحبا، كيف يمكن تفعيل؟ 💸,neutre,0.9994,0.0002,0.9994,0.0003
918,Code topnet svp,arabizi,,neutre,0.9995,0.0002,0.9995,0.0003
919,Tawa hetha réseau? 👌,arabizi,,negatif,0.8935,0.8935,0.0001,0.1064
920,KIFECH NA3REF EL SOLDE MTE3I?,arabizi,,neutre,0.9993,0.0003,0.9993,0.0004
921,Code topnet svp 🤔,arabizi,,neutre,0.9995,0.0002,0.9995,0.0003
922,a7sen operateur fi tounes sans discussion,arabizi,,positif,0.9976,0.0023,0.0001,0.9976
923,"bonjour, comment activer? 📶",french,مرحبا، كيف يتم التنشيط؟ 📶,positif,0.7385,0.0067,0.2548,0.7385
924,Service client mayhezzouch 🔥,english,خدمة العملاء مايهزوش 🔥,positif,0.9962,0.0037,0.0001,0.9962
925,YEZZI MEL SARKA YA TOPNET,arabizi,,negatif,0.9945,0.9945,0.0001,0.0054
926,l'offre hethi s7i7a?,arabizi,,positif,0.8942,0.1055,0.0003,0.8942
927,A7sen offre mte3 sarka hhh,arabizi,,negatif,0.8948,0.8948,0.0001,0.1051
928,service client tayara,french,خدمة العملاء طيارة,positif,0.9981,0.0018,0.0001,0.9981
929,l'internet dima t9oss fi lil 😂,arabizi,,neutre,0.9994,0.0002,0.9994,0.0004
930,Vraiment l'application jdida sahla barcha 🤔,arabizi,,positif,0.6343,0.0138,0.3519,0.6343
931,A7sen operateur fi tounes sans discussion 👌,arabizi,,positif,0.9973,0.0026,0.0001,0.9973
932,Tawa hetha réseau? ❤️,arabizi,,positif,0.9285,0.0714,0.0001,0.9285
933,service client tayara 😡,french,خدمة العملاء طيارة 😡,negatif,0.9969,0.9969,0.0002,0.0029
934,Ahla topnet dima ltop 🤔,arabizi,,positif,0.9968,0.0031,0.0001,0.9968
935,vraiment l'application jdida sahla barcha,arabizi,,positif,0.7653,0.0173,0.2174,0.7653
936,Mochkla fil code,arabizi,,neutre,0.9989,0.0003,0.9989,0.0008
937,L'offre hethi s7i7a? 👌,arabizi,,positif,0.9733,0.0265,0.0002,0.9733
938,MOCHKLA FIL CODE,english,موشكلا فيل كود,positif,0.9465,0.0534,0.0001,0.9465
939,Check inbox svp,english,تفقد صندوق الواردات من فضلك,neutre,0.9992,0.0003,0.9992,0.0005
940,9ADEH SOUM L'INTERNET?,arabizi,,negatif,0.9722,0.9722,0.0005,0.0273
941,dima mdalletna topnet,arabizi,,positif,0.9896,0.0103,0.0001,0.9896
942,A7sen operateur fi tounes sans discussion 😡,arabizi,,positif,0.8797,0.1202,0.0001,0.8797
943,"Bravo Topnet, service impeccable ❤️",arabizi,,positif,0.9985,0.0014,0.0001,0.9985
944,Topnet tounes,arabizi,,positif,0.99,0.0098,0.0001,0.99
945,L'internet dima t9oss fi lil,arabizi,,neutre,0.9994,0.0002,0.9994,0.0004
946,Dima mdalletna Topnet 💸,arabizi,,positif,0.9912,0.0087,0.0001,0.9912
947,Tebloka el compte mte3i w 7ad ma jawedni,arabizi,,negatif,0.9825,0.9825,0.0001,0.0174
948,svp 3andi mochkla sghira 💸,arabizi,,neutre,0.9894,0.0028,0.9894,0.0078
949,Jawbouni message privé 😂,french,رسالة خاصة لي 😂,positif,0.9967,0.0025,0.0008,0.9967
950,tawa hetha réseau?,arabizi,,negatif,0.9774,0.9774,0.0001,0.0225
951,9asit 4G w mafama chay 🙏,arabizi,,negatif,0.9901,0.9901,0.0001,0.0098
952,9adeh soum l'internet?,arabizi,,negatif,0.9722,0.9722,0.0005,0.0273
953,service client mayhezzouch,arabizi,,negatif,0.9589,0.9589,0.0001,0.041
954,L'offre hethi jet fi wa9tha 👍,arabizi,,positif,0.7878,0.2121,0.0001,0.7878
955,"bravo topnet, service impeccable 👍",arabizi,,positif,0.9984,0.0015,0.0001,0.9984
956,Jawbouni message privé 🙄,french,رسالة خاصة لي 🙄,positif,0.9742,0.0057,0.0201,0.9742
957,Svp 3andi mochkla sghira 🤔,arabizi,,neutre,0.9904,0.0026,0.9904,0.007
958,Vraiment l'application jdida sahla barcha 😂,arabizi,,neutre,0.8195,0.0072,0.8195,0.1733
959,Chokran Topnet! 💸,arabizi,,positif,0.9984,0.0015,0.0001,0.9984
960,A7SEN OPERATEUR FI TOUNES SANS DISCUSSION,arabizi,,positif,0.9976,0.0023,0.0001,0.9976
961,Vraiment l'application jdida sahla barcha,arabizi,,positif,0.7653,0.0173,0.2174,0.7653
962,N7eb nbadal l'offre chna3mel? 🤔,arabizi,,negatif,0.8891,0.8891,0.0003,0.1106
963,service client mayhezzouch 👌,english,خدمة العملاء مايهزوش 👌,positif,0.9977,0.0022,0.0001,0.9977
964,Yezzi mel sarka ya topnet,arabizi,,negatif,0.9945,0.9945,0.0001,0.0054
965,Jawbouni message privé 👌,french,رسالة خاصة لي 👌,positif,0.9982,0.0015,0.0003,0.9982
966,9asit 4G w mafama chay,arabizi,,negatif,0.9967,0.9967,0.0001,0.0032
967,yezzi mel sarka ya topnet,arabizi,,negatif,0.9945,0.9945,0.0001,0.0054
968,Service client mayhezzouch 👍,english,خدمة العملاء mayhezzouch 👍,positif,0.9581,0.0418,0.0001,0.9581
969,Service client tayara 🙄,english,خدمة العملاء تيارة 🙄,negatif,0.9804,0.9804,0.0001,0.0195
970,tawa hetha réseau? 🙏,arabizi,,negatif,0.851,0.851,0.0001,0.1489
971,n7eb nbadal l'offre chna3mel? ❤️,arabizi,,positif,0.95,0.0497,0.0003,0.95
972,YA3TIKOM ESSA7A 🙄,arabizi,,positif,0.9976,0.0024,0.0001,0.9976
973,Code topnet svp 🔥,arabizi,,neutre,0.9952,0.0009,0.9952,0.0039
974,kifech na3ref el solde mte3i?,arabizi,,neutre,0.9993,0.0003,0.9993,0.0004
975,check inbox svp 👌,english,تفقد صندوق الوارد من فضلك 👌,neutre,0.9992,0.0003,0.9992,0.0006
976,mafhemtech l'offre hethi chnowa feha 👌,arabizi,,negatif,0.9677,0.9677,0.0003,0.0321
977,9adeh soum l'internet? 😡,arabizi,,negatif,0.9977,0.9977,0.0003,0.002
978,"bravo topnet, service impeccable",arabizi,,positif,0.9984,0.0015,0.0001,0.9984
979,Floussi mchet fil faragh 🙄,english,فلوصي مشت في الفراغ 🙄,negatif,0.6149,0.6149,0.0002,0.3848
980,Service client mayhezzouch 🙄,english,خدمة العملاء مايهزوش 🙄,positif,0.992,0.008,0.0001,0.992
981,Ya3tikom essa7a 👌,arabizi,,positif,0.9982,0.0018,0.0001,0.9982
982,reseau zerooo fi bardo,arabizi,,negatif,0.9941,0.9941,0.0001,0.0058
983,ya3tikom essa7a 🙄,arabizi,,positif,0.9976,0.0024,0.0001,0.9976
984,"bravo topnet, service impeccable 🙏",arabizi,,positif,0.9984,0.0015,0.0001,0.9984
985,ya3tikom essa7a,arabizi,,positif,0.9983,0.0017,0.0001,0.9983
986,VRAIMENT L'APPLICATION JDIDA SAHLA BARCHA,arabizi,,positif,0.7653,0.0173,0.2174,0.7653
987,TAWA HETHA RÉSEAU? 😂,english,ما هذا الشبكة؟ 😂,neutre,0.8953,0.0099,0.8953,0.0948
988,Winhom les points fidelité? 😡,french,كيف أحصل على نقاط الولاء؟ 😡,negatif,0.9959,0.9959,0.0001,0.004
989,Yezzi mel sarka ya topnet 💸,arabizi,,negatif,0.9917,0.9917,0.0001,0.0082
990,Svp 3andi mochkla sghira,arabizi,,positif,0.6962,0.0428,0.2609,0.6962
991,Null service 🔥,arabizi,,negatif,0.9974,0.9974,0.0001,0.0025
992,a7sen operateur fi tounes sans discussion 💸,arabizi,,positif,0.9973,0.0026,0.0001,0.9973
993,Yezzi mel sarka ya topnet 👌,arabizi,,negatif,0.9791,0.9791,0.0001,0.0209
994,A7sen offre mte3 sarka hhh 😂,arabizi,,negatif,0.8964,0.8964,0.0001,0.1035
995,Ahla topnet dima ltop ❤️,arabizi,,positif,0.9983,0.0015,0.0001,0.9983
996,n7eb nbadal l'offre chna3mel? 🤔,arabizi,,negatif,0.8891,0.8891,0.0003,0.1106
997,solde yetser9 wahdou!!,arabizi,,negatif,0.889,0.889,0.0001,0.1108
998,Check inbox svp 👍,arabizi,,positif,0.9971,0.0028,0.0001,0.9971
999,Pff dima l'internet m9oussa 😡,french,بف دايما الانترنت مقوصة 😡,negatif,0.9986,0.9986,0.0003,0.0011
1000,Mochkla fil code 🤔,arabizi,,neutre,0.9992,0.0003,0.9992,0.0005
1001,Jawbouni message privé 😡,french,رسالة خاصة لي 😡,negatif,0.9841,0.9841,0.0003,0.0156
1002,Topnet tounes 😡,french,توبنيت تونس 😡,positif,0.9858,0.0141,0.0001,0.9858
1003,N7eb nbadal l'offre chna3mel? 😡,arabizi,,negatif,0.9969,0.9969,0.0001,0.0029
1004,L'internet dima t9oss fi lil 🔥,arabizi,,neutre,0.9984,0.0004,0.9984,0.0013
1005,"Bonjour, comment activer?",french,مرحبا، كيف يتم التنشيط؟,positif,0.9873,0.0036,0.0091,0.9873
1006,bonne continuation!,english,مزيد من التقدم!,positif,0.9979,0.002,0.0002,0.9979
1007,chokran topnet!,arabizi,,positif,0.9983,0.0016,0.0001,0.9983
1008,Reseau 5/5 fil blassa mte3i,arabizi,,negatif,0.9257,0.9257,0.0001,0.0742
1009,Service client tayara 🤔,english,خدمة العملاء تيارة 🤔,positif,0.9883,0.0116,0.0001,0.9883
1010,Floussi mchet fil faragh ❤️,english,فلوسی مشت في الفراغ ❤️,positif,0.9935,0.0064,0.0001,0.9935
1011,l'offre hethi s7i7a? 👍,arabizi,,positif,0.9876,0.0123,0.0002,0.9876
1012,tebloka el compte mte3i w 7ad ma jawedni,arabizi,,negatif,0.9825,0.9825,0.0001,0.0174
1013,Ya3tikom essa7a 🤔,arabizi,,positif,0.9981,0.0018,0.0001,0.9981
1014,code topnet svp ❤️,arabizi,,positif,0.7176,0.0168,0.2656,0.7176
1015,Vraiment l'application jdida sahla barcha 🙏,arabizi,,positif,0.9373,0.0131,0.0496,0.9373
1016,tebloka el compte mte3i w 7ad ma jawedni 🔥,arabizi,,negatif,0.9644,0.9644,0.0001,0.0355
1017,L'OFFRE HETHI S7I7A?,arabizi,,positif,0.8942,0.1055,0.0003,0.8942
1018,krahtha l'topnet mel offre hethi,arabizi,,negatif,0.9901,0.9901,0.0001,0.0098
1019,code topnet svp,french,كود توب نت من فضلك,positif,0.8336,0.1662,0.0003,0.8336
1020,chnowa jdid lyoum?,arabizi,,neutre,0.997,0.0005,0.997,0.0024
1021,FLOUSSI MCHET FIL FARAGH 📶,arabizi,,negatif,0.9888,0.9888,0.0001,0.0111
1022,L'offre hethi s7i7a? 🤔,arabizi,,positif,0.8907,0.1073,0.0019,0.8907
1023,AHLA TOPNET DIMA LTOP 🤔,english,أهلا توب نت دايما ل توب 🤔,positif,0.9981,0.0018,0.0001,0.9981
1024,Bonne continuation! ❤️,french,مزيد من التقدم! ❤️,positif,0.9987,0.0012,0.0002,0.9987
1025,"Bonjour, comment activer? 🙏",french,مرحبا، كيف يتم التنشيط؟ 🙏,positif,0.8571,0.0049,0.138,0.8571
1026,L'offre hethi jet fi wa9tha ❤️,arabizi,,positif,0.8062,0.1936,0.0001,0.8062
1027,L'offre hethi jet fi wa9tha 🤔,arabizi,,negatif,0.8536,0.8536,0.0003,0.1461
1028,appel ma yet3adech jemla,arabizi,,neutre,0.998,0.0004,0.998,0.0015
1029,DIMA MDALLETNA TOPNET,english,ديما مدالتنا توب نت,positif,0.9449,0.055,0.0001,0.9449
1030,SOLDE YETSER9 WAHDOU!!,arabizi,,negatif,0.889,0.889,0.0001,0.1108
1031,service client tayara 🙄,french,خدمة العملاء طيارة 🙄,positif,0.9945,0.0054,0.0001,0.9945
1032,Null service 😂,arabizi,,negatif,0.9957,0.9957,0.0001,0.0042
1033,pff dima l'internet m9oussa 🙏,arabizi,,negatif,0.9927,0.9927,0.0001,0.0072
1034,Svp 3andi mochkla sghira 🙄,arabizi,,positif,0.4934,0.1054,0.4012,0.4934
1035,TOPNET TOUNES,arabizi,,positif,0.99,0.0098,0.0001,0.99
1036,bonne continuation! 💸,french,مزيد من التقدم! 💸,positif,0.9985,0.0013,0.0002,0.9985
1037,BONNE CONTINUATION!,arabizi,,positif,0.9986,0.0013,0.0001,0.9986
1038,Chokran Topnet! 👌,arabizi,,positif,0.9983,0.0016,0.0001,0.9983
1039,SVP 3ANDI MOCHKLA SGHIRA,arabizi,,positif,0.6962,0.0428,0.2609,0.6962
1040,service client tayara 👍,french,خدمة العملاء طيارة 👍,positif,0.9985,0.0014,0.0002,0.9985
1041,RESEAU 5/5 FIL BLASSA MTE3I,english,شبكة 5/5 خيط بلاسا متع3ي,negatif,0.9949,0.9949,0.0001,0.005
1042,EST-CE QUE FAMMA PROMO JEYYA?,arabizi,,negatif,0.5895,0.5895,0.0044,0.406
1043,a7sen offre mte3 sarka hhh 🔥,arabizi,,negatif,0.8814,0.8814,0.0001,0.1185
1044,Krahtha l'topnet mel offre hethi 🙄,arabizi,,negatif,0.9883,0.9883,0.0001,0.0116
1045,Bonne continuation! 💸,french,مزيد من التقدم! 💸,positif,0.9985,0.0013,0.0002,0.9985
1046,Mochkla fil code ❤️,arabizi,,positif,0.792,0.0202,0.1877,0.792
1047,dima mdalletna topnet 👌,arabizi,,positif,0.9953,0.0046,0.0001,0.9953
1048,RESEAU ZEROOO FI BARDO 🤔,arabizi,,negatif,0.9892,0.9892,0.0001,0.0107
1049,A7sen offre mte3 sarka hhh 💸,arabizi,,negatif,0.7766,0.7766,0.0001,0.2233
1050,Svp 3andi mochkla sghira ❤️,arabizi,,positif,0.9942,0.0045,0.0013,0.9942
1051,Yatikom sa7a 3al offre jdida 👌,arabizi,,positif,0.9965,0.0031,0.0004,0.9965
1052,yatikom sa7a 3al offre jdida 👌,arabizi,,positif,0.9965,0.0031,0.0004,0.9965
1053,null service,arabizi,,negatif,0.9979,0.9979,0.0002,0.0019
1054,Winhom les points fidelité? 💸,french,كيف نربح نقاط الولاء؟ 💸,neutre,0.8724,0.04,0.8724,0.0876
1055,Kifech na3ref el solde mte3i? 🤔,arabizi,,neutre,0.9994,0.0002,0.9994,0.0003
1056,Winhom les points fidelité? 📶,french,كيف أحصل على نقاط الولاء؟ 📶,positif,0.6102,0.3646,0.0252,0.6102
1057,Connexion stable w tayara 😂,english,اتصال مستقر و طائرة 😂,positif,0.9935,0.0058,0.0007,0.9935
1058,jawbouni message privé 💸,french,رسالة خاصة لي 💸,positif,0.9978,0.0011,0.001,0.9978
1059,mafhemtech l'offre hethi chnowa feha 🙄,arabizi,,negatif,0.9696,0.9696,0.0008,0.0296
1060,RESEAU ZEROOO FI BARDO,arabizi,,negatif,0.9941,0.9941,0.0001,0.0058
1061,Winhom les points fidelité? 🙄,french,كيف أحصل على نقاط الولاء؟ 🙄,negatif,0.6531,0.6531,0.003,0.3438
1062,Kifech na3ref el solde mte3i?,arabizi,,neutre,0.9993,0.0003,0.9993,0.0004
1063,KRAHTHA L'TOPNET MEL OFFRE HETHI 📶,arabizi,,negatif,0.9912,0.9912,0.0001,0.0087
1064,L'OFFRE HETHI S7I7A? 🙏,arabizi,,positif,0.9689,0.0298,0.0013,0.9689
1065,l'internet dima t9oss fi lil 💸,arabizi,,neutre,0.9993,0.0003,0.9993,0.0005
1066,TOP INTERNET MCHA M3AYA MRIGUEL 🙄,english,أفضل الإنترنت مش معايا مريغيل 🙄,positif,0.9511,0.0461,0.0028,0.9511
1067,svp 3andi mochkla sghira,arabizi,,positif,0.6962,0.0428,0.2609,0.6962
1068,jawbouni message privé,french,رسالة خاصة لي,positif,0.9948,0.0022,0.003,0.9948
1069,ARNAQUE KBIRA,arabizi,,negatif,0.9666,0.9666,0.0001,0.0333
1070,ahla topnet dima ltop 📶,arabizi,,positif,0.9971,0.0028,0.0001,0.9971
1071,l'offre hethi jet fi wa9tha,arabizi,,negatif,0.8628,0.8628,0.0002,0.1369
1072,Tawa hetha réseau? 🔥,arabizi,,negatif,0.5931,0.5931,0.0001,0.4067
1073,vraiment l'application jdida sahla barcha 👍,arabizi,,positif,0.9716,0.0081,0.0203,0.9716
1074,krahtha l'topnet mel offre hethi 🔥,arabizi,,negatif,0.9871,0.9871,0.0001,0.0128
1075,Top internet mcha m3aya mriguel 💸,arabizi,,negatif,0.8046,0.8046,0.0001,0.1953
1076,Solde yetser9 wahdou!! 😡,arabizi,,negatif,0.9958,0.9958,0.0001,0.0041
1077,bonne continuation! 🤔,arabizi,,positif,0.9986,0.0012,0.0001,0.9986
1078,Check inbox svp 💸,arabizi,,positif,0.9938,0.0058,0.0004,0.9938
1079,ahla topnet dima ltop,arabizi,,positif,0.9973,0.0026,0.0001,0.9973
1080,9adeh soum l'internet? 🙄,arabizi,,negatif,0.8802,0.8802,0.0154,0.1043
1081,9asit 4g w mafama chay 🙏,arabizi,,negatif,0.9901,0.9901,0.0001,0.0098
1082,Solde yetser9 wahdou!! 📶,arabizi,,negatif,0.9341,0.9341,0.0001,0.0658
1083,APPEL MA YET3ADECH JEMLA,arabizi,,neutre,0.998,0.0004,0.998,0.0015
1084,réseau topnet 4G mazel ma3adch ykhdm fi blasti 😤 chwiya ta7sin please,arabizi,,negatif,0.9363,0.9363,0.0001,0.0636
1085,Bonne offre mais le service client يعيش في عالم ثاني والله,arabic,,positif,0.9973,0.0026,0.0001,0.9973
1086,اتصلت بـ customer service وستيني 45 دقيقة وما حليلوليش الموضوع 😡,arabic,,negatif,0.9851,0.9851,0.0066,0.0083
1087,l'application topnet tunisie crashed mara khra 😑 kifeh nhot recharge maintenant,english,تطبيق توب نت تونس تعطل مرة أخرى 😑 كيف نهو تريشيرج الآن,negatif,0.9942,0.9942,0.0002,0.0056
1088,"Fibra topnet باهية برشا، débit super, merci topnet 👏",french,فايبر توب نت باهية برشا، سرعة رائعة، شكرا توب نت 👏,positif,0.9986,0.0012,0.0001,0.9986
1089,winou el réseau fi zone 3 sfax?? كل يوم H+ وما عندناش 4G بركة,arabic,,negatif,0.9958,0.9958,0.0004,0.0038
1090,Promotion mois de ramadan كانت باهية برشا، bonne initiative 🌙,arabic,,positif,0.9988,0.001,0.0002,0.9988
1091,"Mobiflous ykhdem bien, pratique barcha w ama3 😊",arabizi,,positif,0.9972,0.0027,0.0001,0.9972
1092,prix les forfaits ghaliw برشا مقارنةً بـ Ooredoo w Telecom,arabic,,negatif,0.9601,0.9601,0.0001,0.0398
1093,"3adet internet 3 jours w barka ma rja3ch, chkoun ysa3dni??",arabizi,,negatif,0.9847,0.9847,0.0005,0.0148
1094,Application mobile حق topnet محتاجة update، بطيئة جدا 😩,arabic,,neutre,0.9854,0.011,0.9854,0.0037
1095,Franchement réseau topnet fi Tunis ville super 👍 content barcha,arabizi,,positif,0.9983,0.0016,0.0001,0.9983
1096,Recharge automatique ma khdmtech nhar l3id wech heka service 😒,arabizi,,negatif,0.997,0.997,0.0001,0.0028
1097,Fibra 100MB ما لقيتهاش في منطقتي، kifeh na3mel demande?,arabic,,negatif,0.9857,0.9857,0.0001,0.0143
1098,"Service client aimables w mfahmin, 3jebni el ta3amol 🙂",arabizi,,positif,0.9664,0.0335,0.0001,0.9664
1099,5G winou 😩 كل المشغلين يحكوا على 5G وما نشوفوهاش في تونس,arabic,,negatif,0.9831,0.9831,0.0023,0.0146
1100,Forfait data mazel 5edma بركة !!,arabizi,,positif,0.9894,0.0105,0.0001,0.9894
1101,Roaming fi france كان ghali برشا، 10 dinars el yawm mouch normal,arabizi,,positif,0.9072,0.0926,0.0002,0.9072
1102,"Topnet money khedma w service fiable, tnajem tchargi w tkhelles bil raha 😊",english,توبنيت مال خدمة وخدمة موثوقة، تنجم تشرجي وتخلص بالراحة 😊,positif,0.9979,0.002,0.0001,0.9979
1103,"Na9es réseau fi mateur complètement, kifeh n3ich هكذا 😤",arabizi,,negatif,0.9955,0.9955,0.0001,0.0044
1104,"offre internet monthly bahy, mrigla prix",english,عرض الإنترنت الشهري باهي، مريغلا السعر,positif,0.9964,0.0034,0.0002,0.9964
1105,اتصلت 3 مرات بالـ support وكل مرة يقولوا ننتظر جواب 🙄,arabic,,positif,0.9883,0.0028,0.0089,0.9883
1106,"SMS confirmation moch tjina, عنجهية هذي 😠",arabic,,negatif,0.9944,0.9944,0.0001,0.0056
1107,باهية خدمتكم في مطار قرطاج، réseau 4G top,arabic,,positif,0.9986,0.0013,0.0001,0.9986
1108,"Forfait 30j mrigel, j'utilise depuis 2 ans w barka mouch nadem",arabizi,,positif,0.5801,0.4197,0.0002,0.5801
1109,couverture réseau fi jendouba na9sa برشا 😢,arabizi,,negatif,0.9916,0.9916,0.0001,0.0083
1110,حاولت نبدل forfait من التطبيق وما قدرتش، bug mouçab!,arabic,,negatif,0.9513,0.9513,0.0007,0.048
1111,fibra mazel tji 3indna الريف wala mouch service غير للمدن؟,arabic,,negatif,0.9899,0.9899,0.0006,0.0095
1112,Recharge 5d وما لقيتهاش في تطبيق، kifeh ne3mel??,arabic,,neutre,0.9864,0.0066,0.9864,0.007
1113,"merci topnet 3la offre famille, économique barcha 💕",arabizi,,positif,0.9963,0.0036,0.0001,0.9963
1114,Service client répondent vite على وتساب، top 👌,french,خدمة العملاء تستجيب بسرعة على الوتس اب، توب 👌,positif,0.9984,0.0014,0.0002,0.9984
1115,"internet انقطع نهار كامل وما عطاوناش compensation, mouch 3adel",arabic,,negatif,0.9955,0.9955,0.0002,0.0043
1116,"connexion 4G fi sousse centre bahy, content 😃",arabizi,,positif,0.9749,0.025,0.0001,0.9749
1117,Hotline مرات تعيب برشا، no3od nstanna w ma yrodch,arabic,,negatif,0.6513,0.6513,0.0001,0.3486
1118,اشتريت شريحة topnet وما خدمتش، rjact للمحل قالولي اصبر 🙃,arabic,,negatif,0.9814,0.9814,0.0078,0.0108
1119,Topnet business خدمة مميزة للشركات 👍,arabic,,positif,0.9979,0.0019,0.0001,0.9979
1120,Coupure internet kol yom fi 7:00 du soir wech hhh 😂,arabizi,,negatif,0.9865,0.9865,0.0002,0.0133
1121,"winou el technician weld el 3am, 3 jours w ma jach encore",arabizi,,positif,0.7179,0.0108,0.2713,0.7179
1122,mrigel l forfait الشبابي، prix mlogout,arabizi,,positif,0.946,0.0539,0.0001,0.946
1123,"Application ma t7melch photos brabi, تصليحوا يا ناس",arabic,,neutre,0.9734,0.0194,0.9734,0.0072
1124,réseau صفاقس الجنوبية مريح، باهي الحمدلله 😊,arabic,,positif,0.9975,0.0023,0.0002,0.9975
1125,recharge بالبطاقة البنكية في التطبيق tnetfa3 bien,arabic,,negatif,0.9046,0.9046,0.002,0.0934
1126,كيفاه نعمل migration من postpaid لـ prepaid?,arabic,,negatif,0.5936,0.5936,0.0151,0.3913
1127,"offre roaming europe 3jebni barcha, prix raisonnable 🌍",arabizi,,positif,0.9967,0.0032,0.0001,0.9967
1128,الشبكة في المدرج تعيب، kifeh ykhdmu الناس 😤,arabic,,negatif,0.9906,0.9906,0.0001,0.0094
1129,Facture مش واضحة، من فضلكم اعملوا details أحسن,arabic,,negatif,0.8063,0.8063,0.0106,0.1831
1130,Appli topnet ma t5demch 3la android قديم، chkoun ysa3dni,arabizi,,neutre,0.9992,0.0003,0.9992,0.0005
1131,Service client تبسمو وساعدوا، merci لهم 🙏,arabic,,positif,0.9981,0.0018,0.0001,0.9981
1132,"internet bta3 fibra mwazen barcha, mazel nstanna tji fi blasti",arabizi,,positif,0.8157,0.1841,0.0002,0.8157
1133,Na9es data wala credit بلا سبب، ما فهمتش ليش,arabic,,neutre,0.9575,0.0239,0.9575,0.0187
1134,"topnet bta3 زغارة mouch kbir, données mrigla",arabizi,,positif,0.853,0.1468,0.0001,0.853
1135,"4G fi monastir top, راضي على الخدمة 👍",arabic,,positif,0.9951,0.0045,0.0004,0.9951
1136,recharge منحل مريحة، facile barcha,arabic,,positif,0.6678,0.332,0.0001,0.6678
1137,"Réseau coupé fi route nationale pendant 2h, wech هذا 😡",arabizi,,negatif,0.9966,0.9966,0.0001,0.0032
1138,kifeh n3mel transfert de solde? ما لقيتهاش في التطبيق,arabic,,neutre,0.9993,0.0002,0.9993,0.0005
1139,Topnet Fibra fi hay ennasr top جداً، vitesse super 🚀,arabizi,,positif,0.9975,0.0025,0.0001,0.9975
1140,تحديث التطبيق الجديد أبطأ من القديم، هذا تراجع مش تقدم 😒,arabic,,negatif,0.9966,0.9966,0.0018,0.0017
1141,content barcha بالعروض الحصرية لمشتركي أورنج 🎉,arabic,,positif,0.9955,0.004,0.0004,0.9955
1142,"hotline 8012 no3od nstanna 30 min, zahri 😩",arabizi,,negatif,0.9284,0.9284,0.0001,0.0714
1143,ما عندكمش فرع في زغوان، kifeh n3amlu المسائل,arabic,,negatif,0.9782,0.9782,0.0001,0.0217
1144,Topnet Tunisie الأحسن في تونس حسب رأيي 💪,arabic,,positif,0.9982,0.0017,0.0001,0.9982
1145,Data 4G fine في تونس العاصمة لكن في الريف zéro,arabic,,negatif,0.832,0.832,0.0002,0.1677
1146,التطبيق crash عند كل recharge 😩 fix it please,arabic,,neutre,0.9456,0.0294,0.9456,0.025
1147,عرض internet شهر رمضان كان باهي برشا، نتمنا يرجع,arabic,,positif,0.9971,0.0018,0.0011,0.9971
1148,Réseau في مطار تونس قرطاج ضعيف، مش معقول في المطار 😤,arabic,,negatif,0.9979,0.9979,0.0003,0.0018
1149,internet fibra وقف من الصباح ونهار كامل بلا حل 😡,arabic,,negatif,0.9928,0.9928,0.002,0.0052
1150,سرفيس كلينت بالعربي باهي برشا، merci 😊,arabic,,positif,0.9969,0.003,0.0001,0.9969
1151,offre 4G+ 15Go mrigla prix 👌,english,عرض 4G+ 15Go مريغلا بسعر 👌,neutre,0.999,0.0002,0.999,0.0007
1152,topnet money امن وسريع، nbeh biha برشا,arabic,,positif,0.9915,0.0085,0.0001,0.9915
1153,Réseau في بنزرت تحسن برشا هذا العام 👍,arabic,,positif,0.9974,0.0025,0.0001,0.9974
1154,كيفاه نلغي abonnement من التطبيق بدون ما اتصل,arabic,,neutre,0.9985,0.0002,0.9985,0.0013
1155,Coupure نهارية كل يوم نفس الوقت تقريباً 😒,arabic,,negatif,0.997,0.997,0.0001,0.0029
1156,Application joie نهار، mouch ça 3la iOS أحسن من android,arabizi,,neutre,0.9994,0.0002,0.9994,0.0005
1157,تصليحو التطبيق برابي والله يخليكم 🙏,arabic,,positif,0.9983,0.0016,0.0001,0.9983
1158,topnet money tnajem تشحن بكل سهولة 👍,arabic,,positif,0.9823,0.0176,0.0001,0.9823
1159,"réseau fi jdou9 mazel kamel 5arba, chkoun ysa3dna",arabizi,,negatif,0.9667,0.9667,0.0001,0.0332
1160,"Offre famille économique barcha, merci topnet 😊",arabizi,,positif,0.9977,0.0022,0.0001,0.9977
1161,internet waqaf fi منطقتنا وما حكاونا بشي 😠,arabic,,negatif,0.9974,0.9974,0.0002,0.0025
1162,"Service client wa7em, 3 jours w ma hal-lilich el mochkla 😡",arabizi,,negatif,0.9851,0.9851,0.0001,0.0147
1163,"Fibra 200MB thela3, nchofou YouTube 4K bla ta7mil 🎬",arabizi,,negatif,0.9939,0.9939,0.0002,0.0059
1164,"المنطقة تبعتي H+ فقط والناس الأخرى 4G, chkoun ya5udh حقي",arabic,,negatif,0.8521,0.8521,0.0002,0.1477
1165,"recharge barcha mrigla, facile w sari3",arabizi,,negatif,0.9909,0.9909,0.0001,0.009
1166,Application topnet تحتاج redesign كاملة، UX سيء 😐,arabic,,neutre,0.6372,0.1908,0.6372,0.172
1167,Topnet sponsorise مهرجانات كثيرة، bon pour la culture 🎵,arabic,,positif,0.9951,0.0048,0.0001,0.9951
1168,"Réseau fi Djerba touristique top, content 😃",arabizi,,positif,0.9946,0.0053,0.0001,0.9946
1169,خدمة مبيعات ممتازة لكن support ta3eb نفسه 🤷,arabic,,positif,0.9564,0.0435,0.0001,0.9564
1170,Forfait pro barcha mrigel للشغل 💼,arabizi,,positif,0.9958,0.0041,0.0001,0.9958
1171,"winou 5G ya topnet hhh, kol yom post w ma nalqawouhach 😂",arabizi,,negatif,0.9011,0.9011,0.0001,0.0988
1172,"Coupure internet fi bab souika ma3roof, 3adi عندكم؟",arabizi,,neutre,0.9993,0.0003,0.9993,0.0004
1173,4G speed في سوسة الميدان رائعة الحمدلله 🚀,arabic,,positif,0.9978,0.0021,0.0001,0.9978
1174,"التطبيق يطلب login في كل مرة, bug mouch normal 😩",arabic,,positif,0.9497,0.05,0.0002,0.9497
1175,Offre données illimitée lil 3oumal باهية برشا 🙌,french,عرض بيانات غير محدود للعمال باهض برشا 🙌,neutre,0.9948,0.0023,0.9948,0.0029
1176,"réseau fi Ain Draham zéro barre, kifeh n3ich هكذا في الجبال 😢",arabizi,,negatif,0.9953,0.9953,0.0001,0.0046
1177,"Service réparation vite w efficace, chokran 🙏",french,خدمة صيانة سريعة وفعالة، شكرا 🙏,positif,0.9985,0.0013,0.0001,0.9985
1178,"recharge en ligne tnajem ta3mlha بكل سهولة, thumbs up 👍",english,"شحن اون لاين تنجم تعملها بكل سهولة, 👍",positif,0.9962,0.0037,0.0001,0.9962
1179,Fibra مش متوفرة في منطقتي، kifeh na3mel demande d'installation,arabic,,negatif,0.8601,0.8601,0.0003,0.1396
1180,Topnet Tunisie يحتاج يرفع مستوى خدمة العملاء 😒,arabic,,negatif,0.8994,0.8994,0.0001,0.1005
1181,عرض الدخول المدرسي كان ممتاز 🎒,arabic,,positif,0.9934,0.0043,0.0024,0.9934
1182,"Application crash 5arba, fix it svp 😤",english,تطبيق 5arba يتعطل، أصلحه من فضلك 😤,negatif,0.9868,0.9868,0.0008,0.0124
1183,"Mrigla l forfait 4G, content barcha 😊",arabizi,,positif,0.9955,0.0045,0.0001,0.9955
1184,winou el réseau fi mahdia? kol yom coupure 😡,arabizi,,negatif,0.9954,0.9954,0.0002,0.0044
1185,"vitesse fibra thela3 barcha, streaming irréprochable 🎉",arabizi,,positif,0.9978,0.0021,0.0001,0.9978
1186,سرفيس كلينت ردوا بالسرعة على الفيسبوك، شكراً,arabic,,positif,0.9953,0.0046,0.0001,0.9953
1187,topnet money khalesst fatouri barcha facile 💸,arabizi,,positif,0.7701,0.2297,0.0002,0.7701
1188,الشبكة في مكتبي H+ تحت، mouch bahi lil chghal,arabic,,negatif,0.9772,0.9772,0.0001,0.0228
1189,"Forfait mensuel prix mrigla, najem nhottah w nkhelles",arabizi,,positif,0.9849,0.015,0.0001,0.9849
1190,appli ma ta9darch tchargi بطاقة بنكية منذ update الأخيرة 😩,arabic,,negatif,0.9475,0.9475,0.0051,0.0474
1191,Réseau 4G Tunis lac stable w rapide 👌,french,شبكة 4G تونس لاك مستقرة وسريعة 👌,positif,0.9954,0.0045,0.0001,0.9954
1192,SMS notification ta3 recharge moch tjini 😒,english,إشعار رسالة قصيرة بشأن إعادة شحن موش تيجيني 😒,negatif,0.9971,0.9971,0.0003,0.0027
1193,"Offre roaming europe 3ajebni, prix logique 🌍",french,عرض رونج أوروبا عجبني، سعر منطقي 🌍,positif,0.8833,0.0725,0.0443,0.8833
1194,"اشتريت شريحة topnet pro w ma 5demtech, chkoun yrod 3liya",arabizi,,negatif,0.9341,0.9341,0.0007,0.0652
1195,Service client sympathiques w efficaces 🙂,french,خدمة العملاء المتعاونة والمؤثرة 🙂,positif,0.9984,0.0015,0.0001,0.9984
1196,Fibra tnajem ta3mlha بدون technician? wala lazem yji dima,arabizi,,positif,0.7305,0.1255,0.144,0.7305
1197,"internet انقطع وقت الباك بكلوريا, taw 3layna 😤",arabic,,negatif,0.9923,0.9923,0.0001,0.0076
1198,l'offre promotionnelle de fin d'année كانت رائعة 🎁,french,العرض الترويجي لنهاية العام كان رائعا 🎁,positif,0.9982,0.0014,0.0005,0.9982
1199,"réseau fi kef na9es برشا, kifeh nta3rfu mta يتحسن",arabizi,,negatif,0.8775,0.8775,0.0001,0.1224
1200,"Topnet تحب تونس, sponsoring sportif bahy 🇹🇳",english,توبنيت تحب تونس، الرعاية الرياضية بهي 🇹🇳,positif,0.9978,0.0021,0.0001,0.9978
1201,"Mrigla téléchargement bta3 appli, facile install",french,تéléchargement بسهولة تطبيق مريغلا، سهل التثبيت,negatif,0.5439,0.5439,0.0012,0.4549
1202,الأسعار غلاو هذا العام مقارنة بالمنافسين 😒,arabic,,negatif,0.9977,0.9977,0.0002,0.002
1203,"internet waqaf fil matin w rja3 fil messa, normal هذا؟",english,الإنترنت وقف في الصباح و رجع في المساء، هذا طبيعي؟,neutre,0.9925,0.0012,0.9925,0.0063
1204,4G+ fi sfax centre bahy brabi 🚀,arabizi,,positif,0.9442,0.0126,0.0432,0.9442
1205,Forfait famille 3 lignes économique barcha 👨‍👩‍👧,arabizi,,positif,0.9792,0.0203,0.0004,0.9792
1206,Appli تحتاج dark mode برابي 🌙,arabic,,positif,0.9116,0.0882,0.0002,0.9116
1207,"ma3adch qader nchargi crédit fi التطبيق منذ أسبوع, chkoun ysa3dni 😩",arabic,,negatif,0.874,0.874,0.0001,0.1259
1208,Réseau في الشمال الغربي محتاج تحسين عاجل,arabic,,positif,0.8268,0.1724,0.0008,0.8268
1209,content barcha من مستوى الشبكة في Hammamet 🏖️,arabic,,positif,0.8212,0.1777,0.0011,0.8212
1210,"Topnet box كانت problem w جاء technician بسرعة, مرسي 🙏",arabic,,positif,0.9174,0.0824,0.0002,0.9174
1211,Application iOS ma3adch ta5dem منذ التحديث الأخير 😡,arabic,,neutre,0.9992,0.0004,0.9992,0.0004
1212,facile tchargi من Topnet money فيل، super,english,سهل التحميل من Topnet money فيل، سوبر,positif,0.9943,0.0056,0.0001,0.9943
1213,"Débit internet في المنزل ضعيف رغم forfait 100MB, chkoun y7el",arabic,,negatif,0.9197,0.9197,0.0001,0.0802
1214,topnet mon opérateur منذ 10 ans وبركة وفي 💪,arabic,,positif,0.9972,0.0027,0.0001,0.9972
1215,Réseau fi mahres na9es برشا 😢,arabizi,,negatif,0.9754,0.9754,0.0001,0.0245
1216,Offre black friday كانت top l3am el 9adim 🔥,arabizi,,positif,0.9951,0.0048,0.0001,0.9951
1217,كيفاه نشوف رصيدي بسرعة بدون ما نفتح التطبيق؟,arabic,,neutre,0.9978,0.0005,0.9978,0.0018
1218,"Service client répondent vite, 3jebni 👍",french,خدمة العملاء تستجيب بسرعة، 3jebni 👍,positif,0.9984,0.0014,0.0001,0.9984
1219,"internet مازال بطيء رغم ما زدنا forfait, wech هكذا 😒",arabic,,negatif,0.9968,0.9968,0.0001,0.003
1220,4G fi kelibia w nabeul 3ajeba برشا ☀️,arabizi,,positif,0.8119,0.188,0.0001,0.8119
1221,"Fibra توقفت 3 أيام والتقني ما جاش, c'est inacceptable 😠",arabic,,negatif,0.9968,0.9968,0.0001,0.0031
1222,عرض شبابي 4G mrigla برشا للطلبة 🎓,arabic,,positif,0.864,0.009,0.127,0.864
1223,SMS يجيني في وقت خاطئ، même numéro 😂,arabic,,positif,0.8617,0.1381,0.0001,0.8617
1224,"Topnet fibre في منطقتي mazel تجيش, kifeh na3mel demande",arabic,,positif,0.9927,0.0072,0.0001,0.9927
1225,Appli shari3a w interface باهية، top 👌,english,تطبيق الشريعة و واجهة باهية، توب 👌,positif,0.9984,0.0015,0.0001,0.9984
1226,réseau في طريق تونس-قابس na9es برشا، خطر على المسافرين 😤,arabic,,negatif,0.9979,0.9979,0.0002,0.002
1227,Hotline 8012 ndirha w ma yhowlich احد 😡,arabizi,,negatif,0.9967,0.9967,0.0001,0.0032
1228,"internet في المركز التجاري top, stable",arabic,,positif,0.9978,0.0021,0.0001,0.9978
1229,"Forfait annuel prix mrigla barcha, économique",arabizi,,positif,0.9548,0.045,0.0001,0.9548
1230,Topnet Tunisie mazel ahsan min ooredoo 3indi 💪,arabizi,,positif,0.9901,0.0098,0.0001,0.9901
1231,"Application ne marche pas offline, problème majeur",french,التطبيق لا يعمل بدون اتصال بالإنترنت، مشكلة كبيرة,negatif,0.4926,0.4926,0.4872,0.0202
1232,recharge بالبطاقة البنكية منحل سهلة، merci,arabic,,positif,0.9151,0.0833,0.0016,0.9151
1233,"Data wiqfet w ma3adch rj3et, chkoun yrod 3liya 😩",arabizi,,negatif,0.8815,0.8815,0.0001,0.1184
1234,Mobiflous service sécurisé w pratique 💰,french,خدمة موبفلوس آمنة و pratique 💰,positif,0.9619,0.0379,0.0002,0.9619
1235,Réseau في بئر علي البن ضعيف، kifeh n3ich 😢,arabic,,negatif,0.9959,0.9959,0.0002,0.0039
1236,"topnet fibra أحسن من adsl barcha, vitesse rh3a 🚀",arabizi,,positif,0.989,0.011,0.0001,0.989
1237,"Application graphique qadim, time for redesign 😐",english,تطبيق رسومي قديم، حان الوقت لإعادة التصميم 😐,neutre,0.9428,0.0231,0.9428,0.0341
1238,Merci service client helpline 3la ta3amul لطيف 🙏,arabizi,,neutre,0.9978,0.0004,0.9978,0.0018
1239,internet قطع نهار الباك بكلوريا وهكذا تصير فينا 😡,arabic,,negatif,0.9981,0.9981,0.0002,0.0017
1240,Forfait data 10Go mrigla barcha 👍,arabizi,,positif,0.9936,0.006,0.0004,0.9936
1241,topnet money اسهل طريقة تخلص فواتير 💸,arabic,,positif,0.8932,0.1066,0.0001,0.8932
1242,"Réseau في قرية متلوي zéro, ma3adch acceptable",arabic,,negatif,0.9976,0.9976,0.0001,0.0023
1243,عرض end of year كان مميز برشا 🎊,arabic,,positif,0.9983,0.0014,0.0003,0.9983
1244,Technical support لا يردون بعد 18:00 😒,arabic,,positif,0.9252,0.0747,0.0001,0.9252
1245,"4G stable fi ariana, content barcha 😊",arabizi,,positif,0.9956,0.0034,0.001,0.9956
1246,Appli mobile كلما زدت شي تتعقد أكثر 😩,arabic,,negatif,0.9923,0.9923,0.0023,0.0053
1247,recharge kol شهر من التطبيق بدون مشاكل 👍,arabic,,positif,0.5497,0.0868,0.3635,0.5497
1248,سرفيس كلينت أونلاين أسرع من الهاتف ✅,arabic,,positif,0.9218,0.078,0.0002,0.9218
1249,internet mazel bati3 fi منطقتي رغم العروض الجديدة 😔,arabic,,positif,0.684,0.3155,0.0005,0.684
1250,topnet تساهم في التنمية الرقمية في تونس 🇹🇳,arabic,,positif,0.9954,0.0044,0.0002,0.9954
1251,recharge carte بدون رسوم إضافية ✅,arabic,,negatif,0.8979,0.8979,0.0026,0.0995
1252,"réseau في الكاف مش acceptable, chkoun ysama3na 😡",french,الشبكة في الكاف غير مقبولة، من يسمعنا 😡,negatif,0.9939,0.9939,0.0042,0.0019
1253,"Application تطير على iOS, mazal android يعيب 🍎",arabic,,neutre,0.9987,0.0002,0.9987,0.001
1254,Fibra prix mrigla مقارنة بالخدمة المقدمة 👌,arabic,,positif,0.9875,0.0124,0.0001,0.9875
1255,topnet money تنجم تحول من بعد بلا تعقيد 💸,arabic,,positif,0.9874,0.0126,0.0001,0.9874
1256,Réseau 4G في حي التضامن 3adet normal,arabic,,negatif,0.7263,0.7263,0.0005,0.2732
1257,"appli crash fi kol update jadid, fix your bugs please 😤",arabizi,,negatif,0.9983,0.9983,0.0002,0.0015
1258,Offre للطلبة منافسة برشا 🎓,arabic,,positif,0.9964,0.0035,0.0001,0.9964
1259,كيفاه نعطل تجديد تلقائي ما عندي فلوس الأسبوع ذا 😅,arabic,,negatif,0.9855,0.9855,0.0005,0.014
1260,"Service client صبروني على الهاتف 40 دقيقة, mouch normal",arabic,,positif,0.6058,0.0146,0.3796,0.6058
1261,internet fibra هبطت سرعته من بعد ما زدنا plan 😒,arabic,,negatif,0.9963,0.9963,0.0001,0.0036
1262,"Mrigla l application, rapide w simple",arabizi,,positif,0.8604,0.0109,0.1287,0.8604
1263,topnet fi tunisie l opérateur numéro 1 😊,arabizi,,positif,0.9963,0.0036,0.0001,0.9963
1264,Data تنقص بسرعة كبيرة والله ما نعرف شكون ياكلها 😂,arabic,,negatif,0.9961,0.9961,0.0001,0.0038
1265,"réseau في route de bizerte coupure متكررة, خطر",arabic,,negatif,0.9976,0.9976,0.0001,0.0022
1266,"Forfait entreprise 3ajebni, prix logique 💼",french,باقة شركات 3ajebni، سعر منطقي 💼,positif,0.9961,0.0038,0.0001,0.9961
1267,Technical team جاو على الوقت و7lo el mochkla brabi ✅,arabic,,positif,0.9965,0.0033,0.0002,0.9965
1268,internet في المصحة الإقليمية ضعيف جداً، هذا يؤثر على العمل 😤,arabic,,negatif,0.9982,0.9982,0.0004,0.0014
1269,topnet هاني مشترك معاكم من 2008 وبركة وفي 💪,arabic,,positif,0.9972,0.0027,0.0001,0.9972
1270,Appli تحديث جديد أحسن من القديم، شكراً للمجهود 👍,arabic,,positif,0.839,0.0065,0.1545,0.839
1271,"internet mazel yqata3 كل ليلة نفس الوقت, normal هذا؟",arabic,,negatif,0.9952,0.9952,0.0001,0.0047
1272,recharge en ligne mrigla w sécurisée 👌,french,شحن اون لاين مريح وآمن 👌,positif,0.9932,0.0065,0.0003,0.9932
1273,Réseau في منطقة الطاهر na9es، kifeh n3amlu,arabic,,negatif,0.9462,0.9462,0.0001,0.0537
1274,"Offre promotionnelle vite تنهى, lazem tzidu le stock 😅",arabizi,,negatif,0.7142,0.7142,0.0001,0.2857
1275,سرفيس كلينت ma3adch ya3mel عطلة الجمعة، normal هذا؟,arabic,,negatif,0.9816,0.9816,0.0001,0.0183
1276,Fibra prix جديد رخيص برشا مقارنة بما كان عليه 🎉,arabic,,negatif,0.9811,0.9811,0.0001,0.0189
1277,"Application crash عند كل login, ma3adch qader ndakhal 😩",arabizi,,neutre,0.5266,0.1767,0.5266,0.2967
1278,4G في المناطق الصناعية ممتازة 👍,arabic,,positif,0.9889,0.0034,0.0078,0.9889
1279,topnet money تنجم تخلص في كل مكان 💸,arabic,,positif,0.9971,0.0028,0.0001,0.9971
1280,"ma3adch qader nchargi crédit depuis 3 jours, bug ou quoi?",arabizi,,negatif,0.8229,0.8229,0.0001,0.177
1281,"Réseau في تطاوين na9es برشا, rana 3aychin هنا بركة 😢",arabic,,negatif,0.9327,0.9327,0.0001,0.0672
1282,offre internet blimit bahy برشا 😍,english,عرض إنترنت بلا حدود برشا 😍,positif,0.7611,0.0085,0.2304,0.7611
1283,sms de confirmation tjini متأخرة برشا، fix it please,arabic,,negatif,0.5444,0.5444,0.0013,0.4543
1284,topnet fibra سرعة 300MB حلوة برشا في الدار 🚀,arabic,,positif,0.9969,0.003,0.0001,0.9969
1285,hotline trod وقت طويل، min fadhlek rakiz 3la ça 😒,arabizi,,negatif,0.9776,0.9776,0.0001,0.0223
1286,عندي مشكلة في الفاتورة منذ شهر وما حلوهاش 😡,arabic,,negatif,0.5349,0.5349,0.451,0.014
1287,Appli حديثة وسهلة الاستخدام، j'adore 😍,arabic,,positif,0.9981,0.0018,0.0001,0.9981
1288,"réseau fi kasserine na9es, wina rana baad العاصمة",arabizi,,negatif,0.9356,0.9356,0.0001,0.0643
1289,خدمة ممتازة في فرع المنزه، merci للفريق 🙏,arabic,,positif,0.9987,0.0012,0.0001,0.9987
1290,topnet money sécurisé barcha w fiable ✅,arabizi,,positif,0.9619,0.038,0.0001,0.9619
1291,Forfait flex باهي برشا للموظفين 💼,arabic,,positif,0.9846,0.0152,0.0002,0.9846
1292,"Réseau في Zarzis top, content 😃",french,شبكة في زرزيس الأعلى، محتوى 😃,positif,0.995,0.0049,0.0001,0.995
1293,application bta3 topnet tnajem ta3mlha ahsan bkthir 😒,arabizi,,negatif,0.9239,0.9239,0.0163,0.0598
1294,"Data 3G بدل 4G وأنا مشترك في 4G, kifeh? 😤",arabic,,negatif,0.9615,0.9615,0.0299,0.0087
1295,Offre famille 4 lignes économique barcha 👨‍👩‍👧‍👦,arabizi,,positif,0.9975,0.0024,0.0001,0.9975
1296,fibra mazel ma9adartch t9alab fi منطقتي 😢,arabizi,,neutre,0.6118,0.3213,0.6118,0.0669
1297,Service client لطيف وحل مشكلتي في اليوم ذاته ✅,arabic,,positif,0.8176,0.1823,0.0001,0.8176
1298,"Internet qata3 fi mbareh w ma rja3ch fel yom, wech هذا 😠",arabizi,,negatif,0.9974,0.9974,0.0002,0.0024
1299,topnet يدعم الشباب التونسي 💪🇹🇳,arabic,,positif,0.9985,0.0014,0.0002,0.9985
1300,Appli تحتاج widget للرصيد على الشاشة الرئيسية,arabic,,neutre,0.9985,0.0005,0.9985,0.0011
1301,réseau في المستشفى الجامعي ضعيف جداً، هذا خطير 😤,arabic,,negatif,0.9982,0.9982,0.0002,0.0015
1302,"recharge تلقائية ما عملتش هذا الشهر, mochkla",arabic,,negatif,0.9915,0.9915,0.0001,0.0084
1303,Fibra في العمارة تشتغل بكل الشقق بدون مشاكل ✅,arabic,,positif,0.8233,0.1762,0.0005,0.8233
1304,"SMS يجي بعد ساعة من إرساله, normal هذا في 2024؟ 🤦",arabic,,neutre,0.9861,0.0116,0.9861,0.0023
1305,topnet mrigel ama prix غلاو شوية 😅,arabic,,negatif,0.7956,0.7956,0.0001,0.2043
1306,connexion في المحطة بالغلط خيت 4G بالقبالة hhh,arabic,,negatif,0.9976,0.9976,0.0002,0.0022
1307,Technical support ردوا بالسرعة وحلوا المشكلة ✅,arabic,,positif,0.9975,0.0024,0.0001,0.9975
1308,Réseau في منطقة الزهور قمة 4G 🌟,arabic,,positif,0.9954,0.0045,0.0002,0.9954
1309,Appli تسمح تبدل forfait بسهولة، pratique barcha 👌,arabic,,neutre,0.9982,0.0003,0.9982,0.0015
1310,"internet fibra wiqfet nhar mzawej, zahri 😡",arabizi,,negatif,0.9951,0.9951,0.0001,0.0048
1311,topnet money tnajem ta3mel virement بسهولة 💸,arabizi,,positif,0.9295,0.0704,0.0001,0.9295
1312,Réseau في الشابة والجم na9es، كيفاه نعملوا طلب تحسين,arabic,,negatif,0.9813,0.9813,0.0001,0.0187
1313,Offre data إضافية عند استنزاف الباقة mrigla barcha 👍,arabic,,negatif,0.9088,0.9088,0.0001,0.0911
1314,"Application crash fi android 14, update please 😩",arabizi,,neutre,0.9994,0.0002,0.9994,0.0004
1315,خدمة عملاء رائعة عبر الواتساب ✅,arabic,,positif,0.9986,0.0013,0.0002,0.9986
1316,4G في منطقة مرسى ba7ri ممتازة 🏖️,arabic,,positif,0.9655,0.0341,0.0005,0.9655
1317,Fibra prix جديد أرخص، merci topnet 🎉,arabic,,positif,0.9965,0.0035,0.0001,0.9965
1318,"recharge fi agence mrigla, sans attente 👍",arabizi,,positif,0.9944,0.0055,0.0001,0.9944
1319,"réseau fi 3 منطقة مختلفة ما عندناش 4G, wech هذا 😠",arabic,,negatif,0.9974,0.9974,0.0007,0.0019
1320,topnet programme fidélité mrigla barcha 🌟,arabizi,,positif,0.996,0.0039,0.0001,0.996
1321,SMS spam من topnet yjiw كثيرة جداً 😒,arabic,,negatif,0.9944,0.9944,0.0001,0.0055
1322,4G في جزيرة جربة top pour les vacances ☀️,arabic,,positif,0.996,0.0039,0.0001,0.996
1323,"Appli تنهار عند تفعيل forfait, problem 5arba 😡",arabic,,negatif,0.9979,0.9979,0.0003,0.0018
1324,topnet service باهي لكن تحتاج ترفع couverture في الريف,arabic,,positif,0.9812,0.0187,0.0001,0.9812
1325,كيفاه نستعيد رقمي بعد ضياع شريحة؟,arabic,,neutre,0.9995,0.0002,0.9995,0.0003
1326,Fibra 100MB w streaming 4K bla ta7mil 🎬,arabizi,,negatif,0.9951,0.9951,0.0001,0.0048
1327,topnet money application تحتاج update جديد,english,تطبيق topnet money يحتاج إلى تحديث جديد,positif,0.5122,0.4836,0.0042,0.5122
1328,Réseau في المدرسة الابتدائية ضعيف، الأساتذة يشتكوا,arabic,,negatif,0.9968,0.9968,0.0002,0.0029
1329,content barcha من مستوى الخدمة في فرع صفاقس 😊,arabic,,positif,0.9977,0.0022,0.0001,0.9977
1330,internet fibra waqaf w ma3adch rja3 منذ يومين 😡,arabizi,,negatif,0.9972,0.9972,0.0001,0.0027
1331,Mrigla l forfait illimité 3lach ma7kach عليه قبل 👌,arabizi,,positif,0.9797,0.0202,0.0001,0.9797
1332,Application صعيبة بالنسبة لكبار السن، lazem tbasitouha,arabic,,neutre,0.8603,0.0114,0.8603,0.1283
1333,4G في باجة na9es برشا، kifeh n3ich 😢,arabic,,negatif,0.9709,0.9709,0.0078,0.0213
1334,merci topnet 3la cadeau anniversaire لمشتركين القدامى 🎁,arabic,,positif,0.9981,0.0017,0.0002,0.9981
1335,réseau coupé fi تونس العاصمة نهار كامل، wech هذا 😡,arabic,,negatif,0.9983,0.9983,0.0002,0.0014
1336,Fibra installation تأخرت 2 أسابيع على الموعد المحدد 😒,arabic,,negatif,0.976,0.976,0.0099,0.0141
1337,"topnet money fiable w sécurisé, j'utilise depuis 2 ans ✅",french,توب نت مال موثوق وآمن، أستخدمه منذ عامين ✅,positif,0.997,0.0029,0.0001,0.997
1338,Offre إضافة خط mrigla barcha 👍,arabic,,positif,0.8692,0.1307,0.0001,0.8692
1339,appli تحتاج ترجمة كاملة بالعربية 🇹🇳,arabic,,neutre,0.9994,0.0002,0.9994,0.0003
1340,Réseau في Rades centre top 😊,french,شبكة في رادس سنتر توب 😊,positif,0.9967,0.0032,0.0001,0.9967
1341,"SMS يجيني من رقم غريب باسم topnet, arnaque?? 😨",arabic,,neutre,0.9993,0.0003,0.9993,0.0004
1342,internet fibra سريعة جداً للعمل من المنزل 💻,arabic,,positif,0.9932,0.0067,0.0001,0.9932
1343,Service client ma3adch y7el مشاكل في وقت معقول 😡,arabic,,negatif,0.9964,0.9964,0.0001,0.0035
1344,Forfait 7Gb mrigla prix barcha للاستخدام اليومي 👌,arabic,,positif,0.9882,0.0117,0.0001,0.9882
1345,topnet يدعم الفرق الرياضية التونسية 🏆,arabic,,positif,0.9965,0.0033,0.0001,0.9965
1346,"Appli android 5arba من update الأخيرة, rollback please 😩",arabizi,,neutre,0.9389,0.0295,0.9389,0.0315
1347,Réseau في Raoued ممتاز، باهي الحمدلله ✅,arabic,,positif,0.998,0.0018,0.0001,0.998
1348,كيفاه نعمل portabilité من مشغل آخر لأورنج؟,arabic,,neutre,0.9992,0.0003,0.9992,0.0005
1349,internet waqaf w hotline 3adet ma trodch 😤,arabizi,,negatif,0.9948,0.9948,0.0001,0.0051
1350,topnet fibra أفضل من adsl بمراحل ✅,arabic,,positif,0.8111,0.1888,0.0001,0.8111
1351,Forfait family pack économique pour 5 membres 👨‍👩‍👧‍👦,french,عرض عائلي اقتصادي لخمس أشخاص 👨‍👩‍👧‍👦,positif,0.9979,0.0017,0.0003,0.9979
1352,"réseau في غار الدماء na9es, 3aycha في عزلة رقمية 😢",arabic,,negatif,0.9821,0.9821,0.0002,0.0177
1353,Application logique وسهلة، bien fait 👍,french,تطبيق منطقي وسهل، منظم جيدا 👍,positif,0.9971,0.0026,0.0003,0.9971
1354,Fibra connexion stable حتى في الطقس الرديء ✅,arabic,,negatif,0.7407,0.7407,0.0001,0.2593
1355,topnet تقدم خدمات للشركات الصغيرة مميزة 💼,arabic,,positif,0.993,0.0069,0.0001,0.993
1356,SMS confirmation عند الشحن يجي متأخر، 3adi عندكم؟,arabic,,neutre,0.9993,0.0003,0.9993,0.0003
1357,4G في Sidi Bouzid centre تحسنت برشا هذا العام 📈,arabic,,negatif,0.5553,0.5553,0.0008,0.4439
1358,application bta3 topnet ma ta9derch تفتح بدون wifi 😡,arabizi,,neutre,0.9934,0.0038,0.9934,0.0028
1359,Offre مناسبات وطنية دايما باهية 🇹🇳,arabic,,positif,0.9987,0.0012,0.0001,0.9987
1360,réseau fi chebba w mahres 5arba complètement 😤,arabizi,,negatif,0.9983,0.9983,0.0002,0.0015
1361,topnet money sécurisé w pratique pour paiements 💸,french,توبنيت موني آمن وعملية للمدفوعات 💸,positif,0.7808,0.2191,0.0001,0.7808
1362,Fibra installation كانت سريعة والتقني مهني ✅,arabic,,positif,0.9787,0.0209,0.0003,0.9787
1363,internet mazel H+ في منطقتي، متى تجيني 4G؟,arabic,,neutre,0.9977,0.0008,0.9977,0.0015
1364,Service client واتساب أحسن من الهاتف 🙂,arabic,,positif,0.6917,0.0115,0.2968,0.6917
1365,Appli تحتاج إضافة option لمتابعة consommation data بالتفصيل,arabic,,neutre,0.9996,0.0002,0.9996,0.0002
1366,réseau في فريانة وتاله na9es برشا 😢,arabic,,negatif,0.9962,0.9962,0.0001,0.0037
1367,Forfait étudiant économique barcha، شكراً topnet 🎓,arabizi,,positif,0.9983,0.0016,0.0001,0.9983
1368,internet coupé خلال امتحانات الباك، ما يصحش هذا 😡,arabic,,negatif,0.998,0.998,0.0002,0.0018
1369,topnet fibra vs adsl: لا مقارنة، fibra أحسن بمليون 🚀,arabic,,positif,0.9883,0.0116,0.0001,0.9883
1370,Application interface propre w moderne 👌,english,واجهة تطبيق نظيفة و عصرية 👌,positif,0.9892,0.0105,0.0002,0.9892
1371,recharge réussie من التطبيق خلال 30 ثانية ✅,arabic,,neutre,0.9988,0.0004,0.9988,0.0008
1372,Réseau في Le Kram ممتاز 😊,arabic,,positif,0.93,0.0699,0.0001,0.93
1373,Technical support ما ردوش على ticket منذ 5 أيام 😡,arabic,,positif,0.9552,0.0439,0.0009,0.9552
1374,topnet نتمنا تفتح نقاط بيع أكثر في الجهات,arabic,,positif,0.9932,0.0067,0.0001,0.9932
1375,4G في El Mourouj باهية الحمدلله 👍,arabic,,positif,0.9947,0.0052,0.0001,0.9947
1376,Appli تحتاج mode economie batterie 🔋,arabizi,,neutre,0.9975,0.0006,0.9975,0.0019
1377,internet fibra stable 24/7 ✅,arabizi,,positif,0.9908,0.0091,0.0001,0.9908
1378,"Réseau في Ben Guerdane na9es, kifeh n3ich هكذا 😢",arabizi,,negatif,0.9325,0.9325,0.0004,0.0672
1379,topnet money w fidélité mrigla برشا 🌟,french,توبنيت موني و فديليتي مرجلة برشا 🌟,positif,0.9982,0.0017,0.0001,0.9982
1380,SMS promotion يجيني عند وقت غلط 3:00 الليل 😩,arabic,,neutre,0.5042,0.3293,0.5042,0.1665
1381,Forfait 4G illimité la nuit باهي للطلبة 🌙,arabic,,positif,0.9958,0.0041,0.0001,0.9958
1382,"Appli تعلق عند فتح les paramètres, bug mouch normal",arabizi,,negatif,0.9746,0.9746,0.0002,0.0252
1383,merci topnet 3la جودة الشبكة في حمام سوسة ☀️,arabic,,positif,0.9861,0.0138,0.0002,0.9861
1384,Topnet fibra من أحسن ما في تونس للإنترنت المنزلي 🏠,arabic,,positif,0.9946,0.0053,0.0001,0.9946
1385,Réseau في Ennahli باهي برشا 😊,arabic,,positif,0.9895,0.0104,0.0001,0.9895
1386,recharge fi un click mrigla 👍,arabizi,,positif,0.9722,0.0275,0.0002,0.9722
1387,"internet وقف وقت match وطني, زهرتنا 😂",arabic,,neutre,0.9977,0.0009,0.9977,0.0013
1388,سرفيس كلينت responsive 3la الفيسبوك ✅,arabic,,neutre,0.9913,0.0011,0.9913,0.0076
1389,Offre data في المساء أرخص، bahy barcha 🌙,arabic,,negatif,0.955,0.955,0.0001,0.0449
1390,"Appli design joie, UX منطقي 👌",french,تصميم تطبيق سعادة، UX منطقي 👌,positif,0.998,0.0018,0.0002,0.998
1391,réseau 4G في Hay Hlal باهي 😊,arabic,,positif,0.9895,0.0102,0.0003,0.9895
1392,"internet cut في kol weekend, wech سبة 😡",arabizi,,negatif,0.9952,0.9952,0.0001,0.0046
1393,Mobiflous sécurisé w pratique بالزبط ✅,french,موبيفلوس آمن وعملي بالزبط ✅,negatif,0.6576,0.6576,0.0001,0.3423
1394,Forfait roaming maghreb رخيص برشا 🌍,arabic,,negatif,0.9965,0.9965,0.0001,0.0034
1395,application topnet bta3 الأصحاب قالولي أحسن من ooredoo,arabic,,positif,0.8167,0.1605,0.0228,0.8167
1396,réseau في Boumhel باهي w stable ✅,french,الشبكة في بومهل رائعة ومستقرة ✅,positif,0.9984,0.0015,0.0001,0.9984
1397,SMS non sollicités كثيرة جداً من topnet 😒,arabic,,negatif,0.9971,0.9971,0.0001,0.0027
1398,Fibra في عمارة الجوار زادت سرعتها هذا الشهر 📈,arabic,,neutre,0.988,0.0051,0.988,0.0068
1399,كيفاه نعطل auto-renewal من التطبيق مباشرة؟,arabic,,neutre,0.9994,0.0002,0.9994,0.0005
1400,4G في Mornag w Fouchana top 😊,english,4G في المورناق و الفوشانة على القمة 😊,positif,0.9975,0.0024,0.0001,0.9975
1401,internet fibra waqfet w hotline تصبر 1 ساعة 😡,english,إنترنت فايبر واقفة و هوت لاين تصبر 1 ساعة 😡,neutre,0.9973,0.002,0.9973,0.0007
1402,topnet money تنجم تدفع فواتير steg w sonede 💸,arabic,,positif,0.8381,0.1617,0.0001,0.8381
1403,Appli تحتاج notification عند انتهاء data 🔔,arabic,,negatif,0.6188,0.6188,0.0387,0.3425
1404,"Réseau fi Siliana 5arba complètement, kifeh na3mel 😢",arabizi,,negatif,0.9916,0.9916,0.0001,0.0083
1405,Offre spéciale fêtes باهية برشا 🎊,arabic,,positif,0.9986,0.0013,0.0001,0.9986
1406,Fibra تنفع برشا لـ gaming والله سرعة وبدون lag 🎮,arabic,,positif,0.9972,0.0027,0.0001,0.9972
1407,service client لطيف لكن بطيء في الحلول 😐,arabic,,negatif,0.9777,0.9777,0.0003,0.022
1408,internet في البيت مريح w stable الحمدلله 😊,arabic,,positif,0.9977,0.0022,0.0001,0.9977
1409,Topnet يحتاج يمد شبكة الفيبرا في أكثر مناطق 📡,arabic,,positif,0.9796,0.0203,0.0001,0.9796
1410,recharge عبر التطبيق في أقل من دقيقة ✅,arabic,,neutre,0.9521,0.0259,0.9521,0.022
1411,réseau في Mdhilla na9es برشا 😢,french,شبكة في المذيلة ناقصة برشا 😢,negatif,0.9971,0.9971,0.0003,0.0026
1412,Forfait شباب économique مريح للطلبة 🎓,arabic,,positif,0.9979,0.0019,0.0002,0.9979
1413,Appli تحديث الأخير ما عاد يخدمش على هاتفي 😡,arabic,,neutre,0.9938,0.005,0.9938,0.0012
1414,topnet Fibra installation rapide w professionnelle ✅,arabizi,,positif,0.7094,0.2905,0.0001,0.7094
1415,Réseau في السيجومي وسيدي بوسعيد ممتاز ☀️,arabic,,positif,0.9979,0.002,0.0001,0.9979
1416,internet mazel bati3 لهذا السعر، wech هكذا 😒,arabic,,negatif,0.9979,0.9979,0.0002,0.002
1417,السرفيس كلينت على أونلاين أحسن من الفرع 💻,arabic,,positif,0.8426,0.1544,0.0029,0.8426
1418,4G في Ain Zaghouan باهي برشا ✅,arabic,,positif,0.989,0.0109,0.0001,0.989
1419,Appli bug عند تسجيل الدخول يومياً 😩,arabic,,negatif,0.9909,0.9909,0.0006,0.0085
1420,topnet fibra gaming w streaming بدون مشاكل 🎮,english,توب نت فايبر جيمينج و استريمينج بدون مشاكل 🎮,positif,0.9965,0.0034,0.0001,0.9965
1421,Réseau في Feriana na9es جداً 😢,arabic,,negatif,0.9931,0.9931,0.0001,0.0068
1422,Offre internet شهري مريح w prix مناسب 👍,arabic,,positif,0.539,0.4607,0.0002,0.539
1423,Mobiflous تنجم تشحن من أي مكان ✅,arabic,,positif,0.9966,0.0033,0.0001,0.9966
1424,internet fibra waqfet w ma rja3etch depuis ce matin 😡,arabizi,,negatif,0.9967,0.9967,0.0001,0.0032
1425,Forfait professionnel مميز للمتعاملين 💼,arabic,,positif,0.9981,0.0018,0.0001,0.9981
1426,Appli تحتاج option لمشاركة data بين أفراد العائلة,arabic,,neutre,0.9987,0.0003,0.9987,0.001
1427,réseau 4G في Bir Mcherga حلو 😊,french,الشبكة 4G في بير مشرقة جميلة 😊,positif,0.9978,0.0021,0.0002,0.9978
1428,SMS تأكيد recharge يتأخر أكثر من ساعة 😒,arabic,,negatif,0.9966,0.9966,0.0002,0.0032
1429,topnet 3jebni l offre nouveauté بتاعت هذا الشهر 🎉,arabic,,positif,0.9972,0.0027,0.0001,0.9972
1430,Fibra في حي كرمبالية top 🚀,arabic,,positif,0.9965,0.0034,0.0001,0.9965
1431,internet في المنطقة الصناعية ضعيف رغم التعاقد 😤,arabic,,negatif,0.9946,0.9946,0.0002,0.0052
1432,كيفاه نشكي في التطبيق مباشرة بدون ما أتصل؟,arabic,,neutre,0.9984,0.0005,0.9984,0.0011
1433,Service client حل مشكلتي في نفس اليوم، شكراً 🙏,arabic,,positif,0.9972,0.0026,0.0002,0.9972
1434,Réseau في Mahrès حلو منذ التحديث 📈,arabic,,positif,0.9811,0.0188,0.0001,0.9811
1435,internet mazel bati3 رغم اشتراك fibra 100MB 😡,arabizi,,negatif,0.9974,0.9974,0.0001,0.0025
1436,topnet money تنجم تحوّل فلوس لأي رقم ✅,arabic,,positif,0.9904,0.0095,0.0001,0.9904
1437,Offre weekend data gratuite باهية للترفيه 😍,arabic,,positif,0.9943,0.0056,0.0001,0.9943
1438,Appli notification push مش تشتغل عندي 😒,arabic,,negatif,0.9674,0.9674,0.019,0.0137
1439,réseau في Sidi Alouane حلو برشا ✅,arabic,,positif,0.9961,0.0038,0.0001,0.9961
1440,Fibra تنفع برشا لـ télétravail 💻,arabic,,positif,0.9805,0.0168,0.0027,0.9805
1441,Service client متاح يوم الجمعة بالعشية؟ ما نعرفش,arabic,,negatif,0.9638,0.9638,0.0276,0.0086
1442,4G في Mezzouna top 😊,arabizi,,positif,0.9932,0.0067,0.0001,0.9932
1443,internet cut نهار match كبير، coincidence؟ 😂,arabic,,negatif,0.9846,0.9846,0.0002,0.0153
1444,topnet fibra meilleure vitesse than adsl definitely 🚀,english,توب نت فايبر أفضل سرعة من أيه دي إس إل بالتأكيد 🚀,positif,0.9972,0.0027,0.0001,0.9972
1445,Réseau في Tebourba stable w حلو 😊,french,الشبكة في تبربة مستقرة و جميلة 😊,positif,0.995,0.0049,0.0001,0.995
1446,recharge facile min التطبيق بكل ريحة ✅,arabic,,negatif,0.9961,0.9961,0.0001,0.0038
1447,internet waqfet waqt امتحانات في جامعة صفاقس 😤,arabic,,negatif,0.9736,0.9736,0.0001,0.0263
1448,topnet 3jebni l programme points fidélité 🌟,french,توب نت 3جبني البرنامج نقاط الولاء 🌟,positif,0.9984,0.0015,0.0001,0.9984
1449,Appli تحتاج dark mode لأصحاب البصر الضعيف 🌙,arabic,,positif,0.9324,0.0674,0.0002,0.9324
1450,réseau في Majel Bel Abbès na9es 😢,arabizi,,negatif,0.9944,0.9944,0.0001,0.0055
1451,Forfait internet شهري economique للعائلة 👨‍👩‍👧,arabic,,positif,0.9855,0.0062,0.0083,0.9855
1452,Fibra installation كانت نظيفة وسريعة ✅,arabic,,positif,0.9816,0.018,0.0004,0.9816
1453,internet في المطعم حق topnet box باهي 😋,arabic,,positif,0.9858,0.0141,0.0001,0.9858
1454,السرفيس كلينت مش متاح ليلاً، مشكلة للحالات الطارئة,arabic,,negatif,0.5975,0.5975,0.0006,0.4019
1455,4G في Bir Ali Ben Khalifa stable ✅,arabizi,,positif,0.9717,0.028,0.0003,0.9717
1456,Appli يعطي error 500 عند كل تحديث forfait 😡,arabic,,negatif,0.9975,0.9975,0.0003,0.0023
1457,topnet money w recharge في نفس التطبيق، pratique barcha 💸,arabic,,positif,0.8815,0.1184,0.0001,0.8815
1458,Réseau في El Fahs حلو brabi 😊,arabizi,,positif,0.9853,0.0146,0.0001,0.9853
1459,internet mazel يقطع كل ليلة نفس الوقت 😒,arabic,,negatif,0.9951,0.9951,0.0001,0.0048
1460,topnet team تحل مشاكل الفيبرا بسرعة ✅,arabic,,positif,0.9899,0.01,0.0001,0.9899
1461,"Forfait spécial Ramadan ma3adch, kifeh 3adet قصة سنوية",arabizi,,negatif,0.5893,0.5893,0.0006,0.4101
1462,Appli UI تحسنت برشا في الإصدار الجديد 📱,arabic,,neutre,0.9057,0.0062,0.9057,0.0881
1463,réseau 4G في Mateur حلو الحمدلله ✅,arabic,,positif,0.992,0.0079,0.0001,0.992
1464,internet fibra ما جاش على الموعد المحدد 😡,arabic,,negatif,0.9961,0.9961,0.0002,0.0037
1465,topnet مريحة للأعمال التجارية الصغيرة 💼,arabic,,positif,0.9576,0.0422,0.0002,0.9576
1466,SMS spam من topnet يجي في منتصف الليل 😩,arabic,,negatif,0.9671,0.9671,0.0004,0.0325
1467,4G في Nefta w Tozeur حلو برشا 🌴,arabic,,positif,0.9945,0.0054,0.0001,0.9945
1468,Appli تعلق عند تحميل الفاتورة 😒,arabic,,neutre,0.9975,0.0019,0.9975,0.0006
1469,topnet fibra أحسن قرار اتخذته في الحياة 😂✅,arabic,,positif,0.9967,0.0032,0.0001,0.9967
1470,Réseau في Tataouine centre حلو 😊,french,شبكة في تطاوين مركز حلو 😊,positif,0.9941,0.0058,0.0001,0.9941
1471,internet mazel بطيء رغم تغيير الباقة 😔,arabic,,positif,0.5221,0.4682,0.0097,0.5221
1472,topnet money pratique لكن هل هو 100% آمن؟,arabic,,positif,0.9242,0.0756,0.0002,0.9242
1473,Offre data illimitée ليلاً مميزة للطلبة 🎓,arabic,,positif,0.9978,0.002,0.0002,0.9978
1474,Appli تحتاج integration مع apple watch ⌚,english,تطبيق تحتاج إلى دمج مع ساعة أبل ⌚,neutre,0.6104,0.0274,0.6104,0.3622
1475,réseau في Douar Hicher حلو w stable ✅,french,الشبكة في دوار هيشر حلوة ومستقرة ✅,positif,0.9957,0.004,0.0003,0.9957
1476,Fibra waqfet كل يوم نفس الوقت، normal هذا؟ 😒,arabic,,negatif,0.9979,0.9979,0.0001,0.002
1477,topnet sponsore Topnet Cup برشا، supporteur 🏆,french,توب نت راعٍ كأس توب نت برشا، داعم 🏆,positif,0.998,0.0019,0.0001,0.998
1478,4G في Jedaida والمحيط باهي 😊,arabic,,positif,0.987,0.0123,0.0006,0.987
1479,internet fibra w gaming PS5 بدون lag، رائع 🎮,arabic,,positif,0.9978,0.0021,0.0001,0.9978
1480,كيفاه نعرف إذا منطقتي مغطاة بـ fibra؟,arabic,,negatif,0.6885,0.6885,0.0389,0.2726
1481,Service client sur facebook répondent bien ✅,french,خدمة العملاء على فيسبوك ترد جيدًا ✅,positif,0.9968,0.0031,0.0001,0.9968
1482,Réseau في Borj Cedria حلو 😊,french,شبكة في بورج السدرية حلو 😊,positif,0.9966,0.0033,0.0001,0.9966
1483,internet mazel يقطع وقت الفطور 😂 أكيد مسخرة,arabic,,positif,0.9941,0.0058,0.0001,0.9941
1484,topnet fibra prix جديد أرخص، merci الإدارة 🎉,arabic,,positif,0.9978,0.002,0.0001,0.9978
1485,Réseau في Mornag حلو برشا ✅,arabic,,positif,0.9969,0.003,0.0001,0.9969
1486,كيفاه نجدد forfait تلقائياً من التطبيق؟,arabic,,neutre,0.9625,0.0056,0.9625,0.0319
1487,internet وقف وقت الفيلم، زهرتنا 😂😩,arabic,,positif,0.994,0.0059,0.0001,0.994
1488,topnet supportent مهرجانات شبابية ✅,arabic,,positif,0.9974,0.0025,0.0001,0.9974
1489,4G في Sidi Thabet باهي الحمدلله 😊,arabic,,positif,0.992,0.0077,0.0003,0.992
1490,Appli update جديد أسرع من القديم 📱,arabic,,neutre,0.998,0.0006,0.998,0.0015
1491,réseau في El Guettar na9es جداً 😢,french,الشبكة في القطار ناقصة جداً 😢,negatif,0.9925,0.9925,0.0041,0.0034
1492,Mobiflous تنجم تدفع أقساطك بدون بنك ✅,arabic,,positif,0.9447,0.0546,0.0007,0.9447
1493,internet fibra stable حتى في الرياح الشديدة ✅,arabic,,positif,0.9964,0.0035,0.0001,0.9964
1494,Offre data شهرية bien mais مش كافية 😅,arabic,,positif,0.8668,0.1317,0.0015,0.8668
1495,topnet team ردت بسرعة على مشكلتي 🙏,arabic,,positif,0.9975,0.0024,0.0002,0.9975
1496,Réseau في Soliman حلو برشا 😊,arabic,,positif,0.9983,0.0015,0.0002,0.9983
1497,internet fibra انقطعت ليومين وما في تعويض 😡,arabic,,negatif,0.9967,0.9967,0.0005,0.0028
1498,Forfait professionnel مميز للشركات الصغيرة 💼,arabic,,positif,0.9933,0.0066,0.0001,0.9933
1499,"Appli simple w facile, j'adore 😍",arabizi,,positif,0.998,0.002,0.0001,0.998
1500,réseau في Sidi Bou Ali حلو ✅,french,شبكة في سيدي بوعلي حلو ✅,positif,0.9914,0.0083,0.0003,0.9914
1501,internet في المطار ضعيف رغم الدفع 😒,arabic,,negatif,0.9964,0.9964,0.0001,0.0035
1502,topnet تحسنت خدماتها هذا العام نسبياً 📈,arabic,,positif,0.9687,0.0267,0.0046,0.9687
1503,4G في Enfidha w Hergla باهي 😊,arabic,,positif,0.9938,0.0061,0.0001,0.9938
1504,Appli تحتاج option chat مباشرة مع Support,arabic,,positif,0.9914,0.0071,0.0015,0.9914
1505,réseau في Oued Zarga na9es جداً 😢,french,الشبكة في واد زرقة ناقصة جداً 😢,negatif,0.9981,0.9981,0.0002,0.0017
1506,Fibra 200Mb streaming Netflix 4K بدون مشاكل 🎬,english,فايبر 200Mb بث نتفليكس 4K بدون مشاكل 🎬,neutre,0.9759,0.0025,0.9759,0.0216
1507,topnet money تنجم تعمل transfers من بعيد ✅,arabic,,positif,0.975,0.0249,0.0001,0.975
1508,Réseau في Téboursouk حلو برشا 😊,arabic,,positif,0.9891,0.0108,0.0001,0.9891
1509,internet mazel بطيء في أوقات الذروة 😒,arabic,,negatif,0.9913,0.9913,0.0001,0.0086
1510,topnet prix خدمات متنافسة مقارنة بالمنافسين 👍,arabic,,positif,0.9943,0.0056,0.0001,0.9943
1511,Forfait data 20Go mrigla لاستخدام شهر 👌,arabic,,neutre,0.9942,0.0006,0.9942,0.0052
1512,Appli تحتاج option e-SIM activation 📱,english,تطبيق تحتاج خيار تفعيل سيم إلكتروني 📱,positif,0.5028,0.0148,0.4824,0.5028
1513,réseau 4G في Oued Ellil باهي ✅,arabic,,positif,0.9836,0.0162,0.0002,0.9836
1514,internet fibra installation بسرعة قياسية، merci ✅,arabic,,positif,0.997,0.0029,0.0001,0.997
1515,Topnet Tunisie مستمرة في التطوير، juste continue 🙂,arabic,,positif,0.9977,0.0023,0.0001,0.9977
1516,4G في Grombalia w Menzel Bouzelfa حلو 😊,arabizi,,positif,0.9764,0.0235,0.0001,0.9764
1517,internet وقف وقت اجتماع zoom مهم 😡,arabic,,negatif,0.8952,0.8952,0.0001,0.1047
1518,topnet fidélité mrigla ويتجه لـ premium لكن باهي 🌟,arabic,,positif,0.9972,0.0027,0.0001,0.9972
1519,Réseau في Sidi El Béchir حلو برشا ✅,arabic,,positif,0.9944,0.0055,0.0001,0.9944
1520,Appli تحتاج widget للـ homescreen برصيد سريع 📱,arabic,,neutre,0.9811,0.0009,0.9811,0.018
1521,internet في منطقتي مازال بطيء يستهلك وقتي 😔,arabic,,neutre,0.9307,0.034,0.9307,0.0353
1522,topnet fibra tnajem ta3mlha للـ télétravail بدون مشاكل 💻,arabic,,positif,0.9895,0.0103,0.0002,0.9895
1523,Forfait spécial été مريح للعطلة ☀️,arabic,,positif,0.9966,0.0033,0.0001,0.9966
1524,Appli update الأخيرة fix برشا bugs، شكراً للفريق 🙏,arabic,,positif,0.8884,0.111,0.0006,0.8884
1525,réseau في Béja centre باهي الحمدلله ✅,arabic,,positif,0.9969,0.003,0.0001,0.9969
1526,internet fibra waqfet waqt travail من المنزل 😡,english,إنترنت فايبر واقف وقت العمل من المنزل 😡,neutre,0.6195,0.3734,0.6195,0.0071
1527,topnet mrigla pour les petites entreprises 💼,french,توبنيت مرجلة للشركات الصغيرة 💼,positif,0.9973,0.0026,0.0001,0.9973
1528,"4G في Metlaoui w Redeyef na9es, kifeha 😢",arabizi,,negatif,0.9937,0.9937,0.0001,0.0062
1529,Appli تتيح متابعة فاتورة شهرية بكل سهولة ✅,arabic,,neutre,0.9992,0.0003,0.9992,0.0005
1530,réseau في Oued Mliz حلو برشا 😊,arabic,,positif,0.9969,0.0028,0.0004,0.9969
1531,internet fibra من أحسن ما في تونس for gaming 🎮,arabic,,positif,0.9985,0.0013,0.0001,0.9985
1532,Topnet merci 3la الخدمات الجيدة ونتمنا تستمر 🙏,arabic,,positif,0.9985,0.0013,0.0001,0.9985
1533,Forfait 30 jours مريح لاستخدام عادي 👍,arabic,,positif,0.9909,0.0085,0.0006,0.9909
1534,Appli تحتاج option تغيير اللغة بسهولة 🌐,arabic,,neutre,0.9995,0.0002,0.9995,0.0003
1535,réseau 4G في Manouba باهي ✅,arabic,,positif,0.9903,0.0096,0.0001,0.9903
1536,internet fibra installation طالت أكثر من المتوقع 😒,arabic,,negatif,0.9792,0.9792,0.0001,0.0207
1537,topnet money convenient w fiable للمدفوعات اليومية 💸,arabic,,positif,0.9601,0.0398,0.0001,0.9601
1538,4G في Gafsa centre حلو برشا 😊,arabic,,positif,0.9897,0.0084,0.0019,0.9897
1539,Appli design moderne w ergonomique 👌,french,تصميم تطبيق حديث ومتوافق إرغونياً 👌,positif,0.9969,0.0028,0.0004,0.9969
1540,réseau في Bir Lahmar na9es جداً 😢,french,الشبكة في بير لحمر ناقصة جداً 😢,negatif,0.9984,0.9984,0.0004,0.0012
1541,Forfait illimité ليلاً باهي للدراسة 🌙🎓,arabic,,positif,0.9983,0.0016,0.0001,0.9983
1542,internet fibra waqfet w رجعت بعد 6 ساعات 😡,arabic,,negatif,0.996,0.996,0.0001,0.0039
1543,topnet لها برامج مسؤولية اجتماعية كثيرة ✅,arabic,,positif,0.995,0.0049,0.0001,0.995
1544,Réseau في Hammam Lif حلو برشا 😊,arabic,,positif,0.9983,0.0016,0.0001,0.9983
1545,internet بطيء في أوقات الذروة مساءً 😒,arabic,,negatif,0.9963,0.9963,0.0001,0.0036
1546,topnet money سهل وآمن، أنصح به الجميع ✅,arabic,,positif,0.9923,0.0076,0.0001,0.9923
1547,Offre data promotionnelle جديدة مريحة 👍,arabic,,positif,0.803,0.1968,0.0001,0.803
1548,Appli تحتاج option لمشاركة موقع بسرعة 📍,arabic,,neutre,0.9994,0.0002,0.9994,0.0004
1549,réseau في Zaghouan centre حلو ✅,french,شبكة في زغوان مركز حلو ✅,positif,0.5214,0.4785,0.0001,0.5214
1550,Fibra ما كانتش في منطقتي وتجي العام الجاي إن شاء الله 🤞,arabic,,positif,0.8846,0.1152,0.0001,0.8846
1551,topnet service زاد عن السنة الماضية 📈,arabic,,positif,0.9829,0.017,0.0001,0.9829
1552,4G في Oued Sbaihia باهي برشا 😊,arabic,,positif,0.9923,0.0075,0.0001,0.9923
1553,internet وقف وقت إرسال ملفات عمل مهمة 😤,arabic,,negatif,0.9958,0.9958,0.0006,0.0036
1554,topnet money pratique pour payer tout en ligne 💸,french,توب نت مالي عملي لدفع كل شيء عبر الإنترنت 💸,positif,0.9963,0.0036,0.0001,0.9963
1555,Réseau في Kesra w Djebba حلو للسياحة 🏞️,arabic,,positif,0.9437,0.0562,0.0001,0.9437
1556,internet fibra سريعة لكن أحياناً تقطع 😔,arabic,,positif,0.9909,0.009,0.0001,0.9909
1557,Forfait données شهر économique للعائلة 👨‍👩‍👧,arabic,,positif,0.9974,0.0024,0.0002,0.9974
1558,Appli تحتاج option dark لراحة العين ليلاً 🌙,arabic,,positif,0.9938,0.0061,0.0001,0.9938
1559,réseau في Feriana na9es شديد، kifeh na3mel 😢,arabizi,,negatif,0.9207,0.9207,0.0005,0.0788
1560,topnet fibra تنفع برشا للعمل والترفيه معاً ✅,arabic,,positif,0.9976,0.0023,0.0001,0.9976
1561,Service client ردوا على مشكلتي في 24 ساعة 👍,arabic,,positif,0.9962,0.0031,0.0007,0.9962
1562,4G في Mnihla w El Gobba باهي ✅,arabic,,positif,0.99,0.0099,0.0001,0.99
1563,internet يقطع وقت match، كلي مشتبه في topnet 😂,arabic,,negatif,0.5308,0.5308,0.0001,0.469
1564,topnet price مناسبة مقارنة بالخدمات المقدمة 👌,arabic,,positif,0.9685,0.0299,0.0017,0.9685
1565,Forfait weekend مريح للترفيه 🎉,arabic,,positif,0.9949,0.005,0.0002,0.9949
1566,Appli تحتاج إضافة biometric login ✅,arabic,,positif,0.7343,0.2649,0.0008,0.7343
1567,réseau في Bou Argoub حلو برشا 😊,arabic,,positif,0.9967,0.0032,0.0001,0.9967
1568,internet fibra waqfet فجأة وما عندناش سبب 😡,arabic,,negatif,0.9966,0.9966,0.0001,0.0033
1569,topnet mon opérateur depuis 2010 وما بدلتش ولاّ 💪,arabic,,positif,0.9632,0.0367,0.0001,0.9632
1570,4G في Takelsa w Menzel Temime باهي ✅,arabizi,,positif,0.8715,0.1284,0.0001,0.8715
1571,Appli تحتاج عرض أسبوعي لاستهلاك data 📊,arabic,,positif,0.3647,0.3615,0.2738,0.3647
1572,réseau في El Hencha na9es جداً 😢,french,الشبكة في الحنشاء سيئة جداً 😢,negatif,0.9983,0.9983,0.0002,0.0015
1573,topnet تقدم offres تنافسية كل شهر 👍,arabic,,positif,0.9973,0.0026,0.0001,0.9973
1574,Fibra installation في يوم واحد، service rapide ✅,arabic,,negatif,0.9933,0.9933,0.0002,0.0065
1575,internet بطيء في ساعات الذروة رغم fibra 😒,arabic,,negatif,0.9922,0.9922,0.0001,0.0077
1576,topnet money سهلة w آمنة لجميع الأعمار 👴👧,arabic,,positif,0.9972,0.0027,0.0001,0.9972
1577,Réseau في Bir Bou Rekba حلو ✅,french,شبكة في بير بوركبا حلو ✅,positif,0.6507,0.3492,0.0001,0.6507
1578,internet وقف وقت cours en ligne، 3lash تصير فينا هكذا 😡,arabic,,negatif,0.9968,0.9968,0.0001,0.0031
1579,topnet مشغل موثوق، أنصح به العائلة والأصحاب 👍,arabic,,positif,0.9981,0.0018,0.0001,0.9981
1580,4G في Sahline w Akouda باهي برشا 😊,arabic,,positif,0.9961,0.0038,0.0001,0.9961
1581,Appli تحتاج option لتفعيل eSIM مباشرة 📱,arabic,,neutre,0.9988,0.0002,0.9988,0.001
1582,réseau في Fernana na9es، متى يتحسن؟ 😢,arabic,,negatif,0.9731,0.9731,0.0002,0.0268
1583,topnet merci على الخدمات المستمرة، نتمنا تتحسنوا دايماً 🙏🇹🇳,arabic,,positif,0.9987,0.0012,0.0001,0.9987
1584,شكون يعرف كيفاش نفعل forfait internet ؟ 100% 👍 wallah,arabic,,neutre,0.999,0.0002,0.999,0.0008
1585,application سهلة برشا و service client محترم ❤️ franchement 😅,arabic,,positif,0.9977,0.0021,0.0002,0.9977
1586,شنية أحسن forfait pour télétravail ؟ yaatikom essa7a,french,شنية أحسن forfait للعمل عن بعد ؟ يا أتيكم الصحة,positif,0.9727,0.0155,0.0117,0.9727
1587,forfait يتقص بسرعة موش normal 😂 🙌,arabic,,positif,0.9875,0.0124,0.0001,0.9875
1588,débit faible برشا خاصة الليل yaatikom essa7a,arabic,,positif,0.9728,0.0272,0.0001,0.9728
1589,forfait mte3kom yesser mezyen مقارنة بالباقي wallah 100%,arabic,,positif,0.9096,0.0903,0.0001,0.9096
1590,connexion stable même filil 😍 😅 👍 wallah,french,اتصال مستقر حتى فيل 😍 😅 👍 والله,positif,0.9855,0.0085,0.006,0.9855
1591,topnet money سهللي برشا حاجات 100%,arabic,,positif,0.9932,0.0068,0.0001,0.9932
1592,connexion stable même filil 😍 😭,french,اتصال مستقر حتى الفيل 😍 😭,positif,0.9969,0.0024,0.0007,0.9969
1593,chnowa هالخدمة؟؟ كل مرة coupure 😡 100% 😅 yaatikom essa7a,arabic,,negatif,0.9705,0.9705,0.0001,0.0295
1594,connexion stable même filil 😍 😅 yaatikom essa7a mais bon,french,اتصال مستقر حتى في الفيل 😍 😅 يأتيكم الصحة mais bon,positif,0.9973,0.0025,0.0002,0.9973
1595,app ma thebch t7el 😑 🙌,arabizi,,positif,0.7899,0.1761,0.034,0.7899
1596,شنية أحسن forfait pour télétravail ؟ mais bon 👍,french,شنية أحسن باقة لتقنية العمل عن بعد ؟ ولكن جيد 👍,neutre,0.9766,0.0012,0.9766,0.0222
1597,connexion stable même filil 😍 wallah,french,اتصال مستقر حتى في الفيل 😍 والله,positif,0.9958,0.004,0.0001,0.9958
1598,chnowa هالخدمة؟؟ كل مرة coupure 😡 wallah 👍 yaatikom essa7a,arabic,,negatif,0.7248,0.7248,0.0001,0.275
1599,service rapide w support تجاوب معايا بسرعة 😂 👍 😅,arabic,,positif,0.9703,0.0295,0.0002,0.9703
1600,connexion stable même filil 😍 yaatikom essa7a,french,اتصال مستقر حتى في الفيل 😍 يأتيكم الصحة,positif,0.9965,0.0034,0.0002,0.9965
1601,débit faible برشا خاصة الليل 100%,arabic,,negatif,0.7949,0.7949,0.0001,0.205
1602,internet بطيئة برشا اليوم wallah 100% merci ❤️,arabic,,positif,0.8325,0.1672,0.0002,0.8325
1603,internet بطيئة برشا اليوم 100% 😭 mais bon,arabic,,negatif,0.9158,0.9158,0.0007,0.0835
1604,franchement satisfait بالـ 4G fi Monastir nchallah يتحسن 😭,arabizi,,positif,0.9955,0.0036,0.0009,0.9955
1605,franchement satisfait بالـ 4G fi Bizerte wallah 😭 yaatikom essa7a inchallah t7assnou,arabizi,,positif,0.9862,0.0137,0.0001,0.9862
1606,forfait يتقص بسرعة موش normal yaatikom essa7a,arabic,,positif,0.9884,0.0115,0.0001,0.9884
1607,forfait mte3kom yesser mezyen مقارنة بالباقي franchement 😂 yaatikom essa7a,arabizi,,positif,0.9905,0.0095,0.0001,0.9905
1608,service client ما يجاوبش 😅 franchement merci ❤️,french,خدمة العملاء ما يجاوبش 😅 بصراحة شكرا ❤️,positif,0.9979,0.0018,0.0003,0.9979
1609,خلصت و ما تفعلش الforfait 😤 mouch logique,arabic,,negatif,0.9957,0.9957,0.0001,0.0042
1610,استعملت Topnet Money أول مرة 😭 svp,arabic,,positif,0.9951,0.0047,0.0002,0.9951
1611,شكون يعرف كيفاش نفعل forfait internet ؟ nchallah يتحسن,arabic,,neutre,0.9994,0.0002,0.9994,0.0005
1612,فما عروض للطلاب ؟ 😂 yaatikom essa7a 😅,arabic,,positif,0.812,0.1877,0.0002,0.812
1613,juste نسأل ال4G متوفرة fi Tunis ؟ 🙌 👍 100%,arabic,,positif,0.6924,0.0031,0.3045,0.6924
1614,شنية أحسن forfait pour télétravail ؟ 😅 bara choufou,french,شنية أحسن باقة للعمل عن بعد ؟ 😅 بارا شوفو,neutre,0.9994,0.0003,0.9994,0.0004
1615,app جديدة و لا نفس النسخة ؟ mais bon,arabic,,neutre,0.9993,0.0002,0.9993,0.0005
1616,استعملت Topnet Money أول مرة 🙌 ena client depuis snin,arabic,,positif,0.9962,0.0037,0.0002,0.9962
1617,forfait mte3kom yesser mezyen مقارنة بالباقي wallah 🙌,arabic,,positif,0.9938,0.006,0.0001,0.9938
1618,خلصت و ما تفعلش الforfait 😤 mais bon 😭 yaatikom essa7a,arabic,,negatif,0.502,0.502,0.0001,0.4979
1619,franchement satisfait بالـ 4G fi Sfax 🙌,arabizi,,positif,0.9948,0.0044,0.0008,0.9948
1620,chnowa هالخدمة؟؟ كل مرة coupure 😡 yaatikom essa7a mais bon bara choufou,arabizi,,negatif,0.979,0.979,0.0001,0.021
1621,app جديدة و لا نفس النسخة ؟ 100% mais bon 👍,arabic,,neutre,0.8747,0.0041,0.8747,0.1213
1622,forfait mte3kom yesser mezyen مقارنة بالباقي 🙌 100% top,arabic,,positif,0.9971,0.0028,0.0001,0.9971
1623,service client ما يجاوبش 😭 yaatikom essa7a,french,خدمة العملاء ما يجاوبون 😭 يا أتيكم الصحة,positif,0.9949,0.0049,0.0002,0.9949
1624,chnowa هالخدمة؟؟ كل مرة coupure 😡 🙌 nchallah يتحسن svp,arabic,,positif,0.8376,0.1525,0.01,0.8376
1625,prix معقول مقارنة بالباقي 😂 mais bon,arabic,,positif,0.9916,0.0082,0.0002,0.9916
1626,juste نسأل ال4G متوفرة fi La Marsa ؟ wallah merci ❤️,arabic,,neutre,0.7397,0.0066,0.7397,0.2537
1627,app ma thebch t7el 😑 wallah bara choufou,arabizi,,negatif,0.9922,0.9922,0.0002,0.0076
1628,service behya barcha 👌 réseau stable fi Kairouan 👍 franchement,arabizi,,positif,0.9938,0.0062,0.0001,0.9938
1629,service rapide w support تجاوب معايا بسرعة,arabic,,positif,0.9513,0.0479,0.0008,0.9513
1630,app جديدة و لا نفس النسخة ؟ 😅 svp,arabic,,neutre,0.9993,0.0002,0.9993,0.0004
1631,forfait mte3kom yesser mezyen مقارنة بالباقي franchement nchallah يتحسن,arabic,,positif,0.9957,0.0042,0.0001,0.9957
1632,فما عروض للطلاب ؟ 😅 😭,arabic,,neutre,0.9985,0.0006,0.9985,0.0009
1633,réseau y9os barcha fi Sousse 😒 😭 mouch logique,arabizi,,negatif,0.9962,0.9962,0.0001,0.0037
1634,connexion stable même filil 😍 👍 yaatikom essa7a merci ❤️,french,اتصال مستقر حتى فيل 😍 👍 يأتيكم الصحة شكرا ❤️,positif,0.9984,0.0014,0.0002,0.9984
1635,débit faible برشا خاصة الليل 😂,arabic,,positif,0.6217,0.3782,0.0001,0.6217
1636,شكون يعرف كيفاش نفعل forfait internet ؟ yaatikom essa7a 😅 🙌 inchallah t7assnou,arabic,,neutre,0.9929,0.0008,0.9929,0.0062
1637,application سهلة برشا و service client محترم ❤️ wallah,arabic,,positif,0.9976,0.0023,0.0001,0.9976
1638,app ma thebch t7el 😑 😭 wallah,arabizi,,negatif,0.8884,0.8884,0.0077,0.1038
1639,فما عروض للطلاب ؟ 🙌 nchallah يتحسن,arabic,,neutre,0.8683,0.0034,0.8683,0.1284
1640,connexion stable même filil 😍 mais bon,french,اتصال مستقر حتى في الفيل 😍 لكن حسنًا,positif,0.9903,0.0095,0.0002,0.9903
1641,forfait mte3kom yesser mezyen مقارنة بالباقي 🙌 👍,arabic,,positif,0.9965,0.0034,0.0001,0.9965
1642,service rapide w support تجاوب معايا بسرعة 😭,arabic,,positif,0.9939,0.0059,0.0002,0.9939
1643,juste نسأل ال4G متوفرة fi Bizerte ؟ 😂 😭 service محترم,arabic,,positif,0.7999,0.0392,0.1609,0.7999
1644,"merci Topnet, internet tayara اليوم 🔥",arabizi,,positif,0.9982,0.0017,0.0001,0.9982
1645,خلصت و ما تفعلش الforfait 😤 100% 👍 wallah,arabic,,negatif,0.9954,0.9954,0.0001,0.0045
1646,internet بطيئة برشا اليوم nchallah يتحسن,arabic,,negatif,0.7062,0.7062,0.0006,0.2932
1647,service rapide w support تجاوب معايا بسرعة wallah,arabic,,positif,0.9797,0.0201,0.0002,0.9797
1648,forfait يتقص بسرعة موش normal 100% 😂,arabic,,positif,0.6585,0.3413,0.0002,0.6585
1649,internet بطيئة برشا اليوم mais bon franchement,arabic,,negatif,0.9516,0.9516,0.0001,0.0482
1650,شكون يعرف كيفاش نفعل forfait internet ؟ 😅 100% svp,arabic,,neutre,0.9993,0.0002,0.9993,0.0005
1651,prix معقول مقارنة بالباقي 😭,arabic,,positif,0.9956,0.0042,0.0001,0.9956
1652,forfait يتقص بسرعة موش normal 😭 mais bon ena client depuis snin,french,يتقص بسرعة موش طبيعي 😭 لكني عندي عميل منذ سنين,positif,0.8691,0.1308,0.0001,0.8691
1653,استعملت Topnet Money أول مرة 100% yaatikom essa7a mais bon,arabic,,positif,0.9837,0.0162,0.0001,0.9837
1654,réseau y9os barcha fi Bizerte 😒 🙌 nchallah يتحسن,arabizi,,negatif,0.9886,0.9886,0.0001,0.0113
1655,réseau y9os barcha fi Monastir 😒 😂 svp,arabizi,,negatif,0.9926,0.9926,0.0001,0.0074
1656,prix معقول مقارنة بالباقي mais bon,arabic,,positif,0.9715,0.0281,0.0005,0.9715
1657,internet بطيئة برشا اليوم 😭 😅 inchallah t7assnou,arabic,,negatif,0.921,0.921,0.0002,0.0788
1658,service client ما يجاوبش franchement wallah ena client depuis snin,french,خدمة العملاء ما يجاوبون بصراحة والله عندي عميل منذ سنين,positif,0.9774,0.022,0.0006,0.9774
1659,internet بطيئة برشا اليوم franchement 100%,arabic,,negatif,0.9615,0.9615,0.0002,0.0383
1660,réseau y9os barcha fi Hammamet 😒 yaatikom essa7a,arabizi,,negatif,0.997,0.997,0.0001,0.0029
1661,service rapide w support تجاوب معايا بسرعة mais bon 😂 inchallah t7assnou,arabizi,,positif,0.9885,0.0114,0.0001,0.9885
1662,débit faible برشا خاصة الليل 😭 nchallah يتحسن 😂,arabic,,positif,0.9911,0.0088,0.0001,0.9911
1663,connexion stable même filil 😍 yaatikom essa7a ena client depuis snin,french,اتصال مستقر حتى في الفيل 😍 يااتيكم الصحة أنا العميل منذ سنين,positif,0.9983,0.0016,0.0001,0.9983
1664,استعملت Topnet Money أول مرة 😂 yaatikom essa7a mouch logique,arabic,,positif,0.9583,0.0416,0.0001,0.9583
1665,connexion stable même filil 😍 mais bon ..,french,اتصال مستقر حتى في الفيل 😍 لكن حسنًا ..,positif,0.9915,0.0084,0.0001,0.9915
1666,chnowa هالخدمة؟؟ كل مرة coupure 😡 mais bon 😂 3lech haka ?,arabic,,negatif,0.916,0.916,0.0017,0.0823
1667,شنية أحسن forfait pour télétravail ؟ 🙌 😂 inchallah t7assnou,arabizi,,positif,0.9628,0.0138,0.0234,0.9628
1668,شنية أحسن forfait pour télétravail ؟ nchallah يتحسن 😂,arabic,,positif,0.6594,0.0077,0.3329,0.6594
1669,topnet money سهللي برشا حاجات 👍 😂 svp,arabic,,positif,0.9952,0.0048,0.0001,0.9952
1670,app ma thebch t7el 😑 😅 100% nchallah يتحسن,arabizi,,positif,0.7461,0.2537,0.0002,0.7461
1671,اليوم réseau متوسط موش خايب nchallah يتحسن wallah 100%,arabic,,positif,0.9949,0.0048,0.0003,0.9949
1672,application سهلة برشا و service client محترم ❤️ 👍,arabic,,positif,0.9977,0.0022,0.0001,0.9977
1673,استعملت Topnet Money أول مرة 😂 franchement nchallah يتحسن,arabic,,positif,0.9976,0.0023,0.0001,0.9976
1674,استعملت Topnet Money أول مرة 100% 😭 mais bon top,arabic,,positif,0.9935,0.0064,0.0001,0.9935
1675,فما عروض للطلاب ؟ 👍 mais bon wallah,arabic,,positif,0.508,0.1862,0.3059,0.508
1676,service rapide w support تجاوب معايا بسرعة 🙌 100% wallah,arabic,,positif,0.9976,0.0023,0.0001,0.9976
1677,connexion stable même filil 😍 👍 nchallah يتحسن 😅,arabizi,,positif,0.9924,0.0075,0.0001,0.9924
1678,service client ما يجاوبش 100% wallah,arabic,,negatif,0.9745,0.9745,0.0001,0.0254
1679,اليوم réseau متوسط موش خايب 😂 yaatikom essa7a,arabic,,positif,0.9952,0.0047,0.0001,0.9952
1680,connexion stable même filil 😍 yaatikom essa7a 🙌 😅 inchallah t7assnou,arabizi,,positif,0.9534,0.0465,0.0001,0.9534
1681,service client ما يجاوبش,arabic,,negatif,0.9544,0.9544,0.0013,0.0443
1682,franchement satisfait بالـ 4G fi Ariana franchement 🙌,arabizi,,positif,0.998,0.0017,0.0003,0.998
1683,réseau y9os barcha fi Hammamet 😒 wallah inchallah t7assnou,arabizi,,negatif,0.9943,0.9943,0.0001,0.0056
1684,"merci Topnet, internet tayara اليوم 🔥 yaatikom essa7a 👍 mais bon",arabizi,,positif,0.9972,0.0027,0.0001,0.9972
1685,شنية أحسن forfait pour télétravail ؟ 🙌 nchallah يتحسن,arabic,,positif,0.9885,0.0027,0.0088,0.9885
1686,service client ما يجاوبش 🙌 mais bon 👍,arabic,,positif,0.9921,0.0078,0.0002,0.9921
1687,app ma thebch t7el 😑 wallah 3lech haka ?,arabizi,,negatif,0.5196,0.5196,0.2175,0.2629
1688,franchement satisfait بالـ 4G fi La Marsa nchallah يتحسن,arabizi,,positif,0.9926,0.0048,0.0026,0.9926
1689,topnet money سهللي برشا حاجات 😂 100%,arabic,,positif,0.99,0.0099,0.0001,0.99
1690,service behya barcha 👌 réseau stable fi Gabes mais bon franchement yaatikom essa7a,arabizi,,positif,0.9903,0.0097,0.0001,0.9903
1691,service behya barcha 👌 réseau stable fi Sfax nchallah يتحسن yaatikom essa7a 😅 ena client depuis snin,arabizi,,positif,0.9818,0.0181,0.0001,0.9818
1692,topnet money سهللي برشا حاجات franchement 😭 nchallah يتحسن,arabic,,positif,0.9968,0.0031,0.0001,0.9968
1693,service rapide w support تجاوب معايا بسرعة franchement 😅 nchallah يتحسن,arabic,,positif,0.9947,0.005,0.0002,0.9947
1694,juste نسأل ال4G متوفرة fi Bizerte ؟ yaatikom essa7a mais bon,arabic,,positif,0.7105,0.0278,0.2617,0.7105
1695,juste نسأل ال4G متوفرة fi Gabes ؟ franchement merci ❤️,arabic,,neutre,0.8366,0.0176,0.8366,0.1459
1696,شنية أحسن forfait pour télétravail ؟ 100%,arabic,,neutre,0.9698,0.0017,0.9698,0.0285
1697,juste نسأل ال4G متوفرة fi Nabeul ؟ 🙌 😭 wallah,arabic,,neutre,0.9977,0.0004,0.9977,0.0019
1698,franchement satisfait بالـ 4G fi Kairouan 👍 franchement yaatikom essa7a,arabizi,,positif,0.9978,0.0021,0.0001,0.9978
1699,فما عروض للطلاب ؟ franchement yaatikom essa7a bara choufou,arabic,,negatif,0.7499,0.7499,0.0002,0.2499
1700,forfait يتقص بسرعة موش normal 👍 yaatikom essa7a,arabic,,positif,0.9944,0.0056,0.0001,0.9944
1701,فما عروض للطلاب ؟ franchement yaatikom essa7a wallah 3lech haka ?,arabic,,positif,0.8501,0.1496,0.0003,0.8501
1702,خلصت و ما تفعلش الforfait 😤 😂 😅,arabic,,negatif,0.9878,0.9878,0.0001,0.0121
1703,app ma thebch t7el 😑 😂,arabizi,,positif,0.5041,0.4879,0.0081,0.5041
1704,franchement satisfait بالـ 4G fi Monastir mais bon 😂,arabizi,,neutre,0.9114,0.0028,0.9114,0.0858
1705,شكون يعرف كيفاش نفعل forfait internet ؟ 👍,arabic,,neutre,0.9994,0.0002,0.9994,0.0005
1706,forfait يتقص بسرعة موش normal 👍,arabic,,positif,0.9388,0.0611,0.0001,0.9388
1707,application سهلة برشا و service client محترم ❤️ 🙌 franchement wallah,arabic,,positif,0.998,0.0019,0.0001,0.998
1708,réseau y9os barcha fi Gabes 😒 🙌 👍,arabizi,,negatif,0.9899,0.9899,0.0001,0.01
1709,"merci Topnet, internet tayara اليوم 🔥 👍 wallah",arabizi,,positif,0.9982,0.0017,0.0001,0.9982
1710,prix معقول مقارنة بالباقي wallah 😅 🙌 ena client depuis snin,arabic,,positif,0.989,0.0099,0.0011,0.989
1711,app جديدة و لا نفس النسخة ؟ mais bon ❤️,arabic,,neutre,0.9983,0.0003,0.9983,0.0014
1712,اليوم réseau متوسط موش خايب franchement yaatikom essa7a bara choufou,arabic,,negatif,0.976,0.976,0.0001,0.024
1713,internet بطيئة برشا اليوم 😂 mais bon 👍,arabic,,positif,0.7653,0.2346,0.0002,0.7653
1714,forfait يتقص بسرعة موش normal wallah,arabic,,negatif,0.9333,0.9333,0.0001,0.0666
1715,service behya barcha 👌 réseau stable fi Tunis 🙌,arabizi,,positif,0.9966,0.0033,0.0001,0.9966
1716,service client ما يجاوبش yaatikom essa7a wallah nchallah يتحسن,arabizi,,positif,0.8213,0.1786,0.0001,0.8213
1717,شكون يعرف كيفاش نفعل forfait internet ؟ service محترم,arabic,,neutre,0.9992,0.0002,0.9992,0.0006
1718,service behya barcha 👌 réseau stable fi Nabeul yaatikom essa7a,arabizi,,positif,0.993,0.007,0.0001,0.993
1719,service client ما يجاوبش 👍 😭 mouch logique,arabizi,,positif,0.9742,0.0257,0.0001,0.9742
1720,اليوم réseau متوسط موش خايب 😂,arabic,,positif,0.9081,0.0905,0.0014,0.9081
1721,app جديدة و لا نفس النسخة ؟ franchement nchallah يتحسن 😭,arabic,,neutre,0.9979,0.0003,0.9979,0.0018
1722,خلصت و ما تفعلش الforfait 😤 bara choufou,arabic,,negatif,0.9972,0.9972,0.0001,0.0026
1723,app ma thebch t7el 😑 wallah yaatikom essa7a svp,arabizi,,positif,0.9658,0.034,0.0003,0.9658
1724,prix معقول مقارنة بالباقي nchallah يتحسن 👍 franchement,arabic,,positif,0.9981,0.0018,0.0001,0.9981
1725,استعملت Topnet Money أول مرة yaatikom essa7a franchement top,english,استعملت Topnet Money لأول مرة يا أتيكوم الصحة بصراحة توب,positif,0.9982,0.0017,0.0001,0.9982
1726,app جديدة و لا نفس النسخة ؟ 😭 100% mais bon,arabic,,neutre,0.9974,0.0004,0.9974,0.0022
1727,فما عروض للطلاب ؟ franchement yaatikom essa7a 😂 ena client depuis snin,french,فما عروض للطلاب ؟ بصراحة يا أتيكم الصحة 😂 أنا زبون منذ سنين,positif,0.97,0.0206,0.0094,0.97
1728,اليوم réseau متوسط موش خايب nchallah يتحسن 😅 100% svp,arabic,,positif,0.9917,0.0064,0.002,0.9917
1729,prix معقول مقارنة بالباقي yaatikom essa7a 😭 😅 3lech haka ?,arabic,,positif,0.8729,0.127,0.0001,0.8729
1730,franchement satisfait بالـ 4G fi Hammamet 🙌 nchallah يتحسن franchement top,arabizi,,positif,0.9981,0.0018,0.0001,0.9981
1731,فما عروض للطلاب ؟ 😅,arabic,,neutre,0.9974,0.0012,0.9974,0.0014
1732,"merci Topnet, internet tayara اليوم 🔥 😂 top",arabizi,,positif,0.9983,0.0016,0.0001,0.9983
1733,service rapide w support تجاوب معايا بسرعة mais bon 😭 wallah,arabic,,positif,0.987,0.0129,0.0001,0.987
1734,استعملت Topnet Money أول مرة nchallah يتحسن 😂,arabic,,positif,0.9952,0.0047,0.0001,0.9952
1735,internet بطيئة برشا اليوم franchement wallah yaatikom essa7a,arabic,,positif,0.9435,0.0564,0.0001,0.9435
1736,forfait يتقص بسرعة موش normal 😅,arabic,,negatif,0.7145,0.7145,0.0002,0.2853
1737,service behya barcha 👌 réseau stable fi Sousse mais bon nchallah يتحسن wallah,arabizi,,positif,0.9941,0.0058,0.0001,0.9941
1738,app جديدة و لا نفس النسخة ؟ franchement nchallah يتحسن 👍,arabic,,neutre,0.9859,0.0007,0.9859,0.0135
1739,app ma thebch t7el 😑 😂 👍 ena client depuis snin,arabizi,,positif,0.9206,0.0784,0.001,0.9206
1740,استعملت Topnet Money أول مرة mais bon 😭 😂,arabic,,positif,0.9858,0.014,0.0002,0.9858
1741,service behya barcha 👌 réseau stable fi Ariana mais bon yaatikom essa7a wallah,arabizi,,positif,0.9955,0.0044,0.0001,0.9955
1742,"merci Topnet, internet tayara اليوم 🔥 franchement 100%",english,شكرا توب نت، إنترنت طيارة اليوم 🔥 بصراحة 100%,positif,0.9988,0.001,0.0002,0.9988
1743,شنية أحسن forfait pour télétravail ؟ 😅 👍 merci ❤️,arabic,,positif,0.8864,0.0058,0.1077,0.8864
1744,خلصت و ما تفعلش الforfait 😤 🙌 mouch logique,arabic,,negatif,0.985,0.985,0.0001,0.0149
1745,service behya barcha 👌 réseau stable fi La Marsa 🙌 merci ❤️,arabizi,,positif,0.9975,0.0024,0.0001,0.9975
1746,service behya barcha 👌 réseau stable fi Monastir yaatikom essa7a 3lech haka ?,arabizi,,positif,0.9692,0.0307,0.0001,0.9692
1747,réseau y9os barcha fi Sousse 😒 franchement 🙌,arabizi,,negatif,0.9971,0.9971,0.0001,0.0028
1748,forfait يتقص بسرعة موش normal,arabic,,negatif,0.8379,0.8379,0.0001,0.162
1749,app ma thebch t7el 😑 100% mais bon,arabizi,,negatif,0.7601,0.7601,0.001,0.2389
1750,débit faible برشا خاصة الليل 😂 top,arabic,,positif,0.9953,0.0046,0.0001,0.9953
1751,topnet money سهللي برشا حاجات 😭,arabic,,positif,0.9941,0.0058,0.0001,0.9941
1752,juste نسأل ال4G متوفرة fi Ariana ؟ mais bon nchallah يتحسن,arabic,,neutre,0.9862,0.0008,0.9862,0.013
1753,application سهلة برشا و service client محترم ❤️ 🙌 😭 nchallah يتحسن,arabic,,positif,0.9984,0.0015,0.0001,0.9984
1754,شنية أحسن forfait pour télétravail ؟ 😂 100%,arabic,,neutre,0.9472,0.0025,0.9472,0.0502
1755,app جديدة و لا نفس النسخة ؟ mais bon yaatikom essa7a 😂 3lech haka ?,arabic,,neutre,0.9652,0.0172,0.9652,0.0176
1756,chnowa هالخدمة؟؟ كل مرة coupure 😡 franchement 🙌,arabic,,negatif,0.9793,0.9793,0.0002,0.0206
1757,chnowa هالخدمة؟؟ كل مرة coupure 😡 franchement 100% nchallah يتحسن,arabic,,positif,0.6077,0.392,0.0003,0.6077
1758,فما عروض للطلاب ؟ service محترم,arabic,,neutre,0.9987,0.0003,0.9987,0.001
1759,service rapide w support تجاوب معايا بسرعة nchallah يتحسن mouch logique,arabic,,positif,0.988,0.0119,0.0001,0.988
1760,internet بطيئة برشا اليوم 100% 😅 top,arabic,,positif,0.976,0.0239,0.0001,0.976
1761,اليوم réseau متوسط موش خايب wallah,arabic,,negatif,0.8808,0.8808,0.0004,0.1187
1762,service client ما يجاوبش franchement,french,خدمة العملاء التي لا تجيب بصراحة,negatif,0.9976,0.9976,0.0002,0.0022
1763,application سهلة برشا و service client محترم ❤️ 😅 wallah,arabic,,positif,0.9973,0.0026,0.0001,0.9973
1764,service client ما يجاوبش nchallah يتحسن 👍 mais bon service محترم,arabic,,positif,0.9966,0.0033,0.0001,0.9966
1765,forfait mte3kom yesser mezyen مقارنة بالباقي 😭 inchallah t7assnou,arabizi,,positif,0.7765,0.2234,0.0001,0.7765
1766,خلصت و ما تفعلش الforfait 😤 👍 😭 wallah,arabic,,negatif,0.9834,0.9834,0.0001,0.0165
1767,app جديدة و لا نفس النسخة ؟ wallah 🙌 top,arabic,,positif,0.8746,0.0037,0.1217,0.8746
1768,استعملت Topnet Money أول مرة 😅 svp,arabic,,positif,0.8718,0.1279,0.0002,0.8718
1769,forfait يتقص بسرعة موش normal 100% mais bon,arabic,,positif,0.9519,0.048,0.0001,0.9519
1770,استعملت Topnet Money أول مرة wallah yaatikom essa7a,arabic,,positif,0.9896,0.0103,0.0001,0.9896
1771,internet بطيئة برشا اليوم 👍,arabic,,negatif,0.7185,0.7185,0.0002,0.2813
1772,خلصت و ما تفعلش الforfait 😤 😂 mais bon 👍,arabic,,negatif,0.7236,0.7236,0.0001,0.2763
1773,app جديدة و لا نفس النسخة ؟ mais bon wallah,arabic,,neutre,0.9988,0.0004,0.9988,0.0008
1774,débit faible برشا خاصة الليل 🙌 100%,arabic,,positif,0.9945,0.0055,0.0001,0.9945
1775,application سهلة برشا و service client محترم ❤️ 👍 ❤️,arabic,,positif,0.9979,0.0019,0.0001,0.9979
1776,prix معقول مقارنة بالباقي 😂,arabic,,positif,0.9876,0.0121,0.0003,0.9876
1777,forfait mte3kom yesser mezyen مقارنة بالباقي wallah,arabic,,positif,0.942,0.0579,0.0001,0.942
1778,app جديدة و لا نفس النسخة ؟ 100% 😭 yaatikom essa7a svp,arabic,,positif,0.972,0.0043,0.0237,0.972
1779,خلصت و ما تفعلش الforfait 😤 mais bon 😂,arabic,,negatif,0.9587,0.9587,0.0001,0.0412
1780,شنية أحسن forfait pour télétravail ؟ mais bon wallah yaatikom essa7a ena client depuis snin,french,شنية أحسن forfait للعمل عن بعد ؟ ولكن والله يااتيكم الصحة أنا عميل منذ سنين,positif,0.9888,0.0067,0.0045,0.9888
1781,forfait يتقص بسرعة موش normal 😅 ❤️,arabic,,positif,0.9894,0.0105,0.0001,0.9894
1782,franchement satisfait بالـ 4G fi Kairouan franchement yaatikom essa7a mais bon ena client depuis snin,arabizi,,positif,0.9555,0.0276,0.0169,0.9555
1783,app جديدة و لا نفس النسخة ؟ 😭 🙌,arabic,,neutre,0.9992,0.0002,0.9992,0.0006
1784,réseau y9os barcha fi Sfax 😒 100%,arabizi,,negatif,0.9979,0.9979,0.0002,0.002
1785,خلصت و ما تفعلش الforfait 😤 😅 😭,arabic,,negatif,0.9921,0.9921,0.0002,0.0077
1786,خلصت و ما تفعلش الforfait 😤 nchallah يتحسن wallah,arabic,,negatif,0.9956,0.9956,0.0001,0.0043
1787,service client ما يجاوبش 👍 100% inchallah t7assnou,arabizi,,positif,0.991,0.0089,0.0001,0.991
1788,forfait يتقص بسرعة موش normal 100% merci ❤️,arabic,,positif,0.9955,0.0044,0.0001,0.9955
1789,chnowa هالخدمة؟؟ كل مرة coupure 😡 👍 yaatikom essa7a svp,arabic,,negatif,0.5041,0.5041,0.0002,0.4957
1790,connexion stable même filil 😍 😭 yaatikom essa7a 🙌 inchallah t7assnou,arabizi,,positif,0.9884,0.0115,0.0001,0.9884
1791,service rapide w support تجاوب معايا بسرعة 100% 🙌 franchement merci ❤️,arabic,,positif,0.9986,0.0013,0.0001,0.9986
1792,app ma thebch t7el 😑 nchallah يتحسن mais bon franchement,arabizi,,positif,0.8135,0.1863,0.0002,0.8135
1793,اليوم réseau متوسط موش خايب 100%,arabic,,negatif,0.9928,0.9928,0.0002,0.007
1794,service rapide w support تجاوب معايا بسرعة franchement 😅 👍,arabic,,positif,0.993,0.0069,0.0001,0.993
1795,topnet money سهللي برشا حاجات 🙌 😭 svp,arabic,,positif,0.997,0.0029,0.0001,0.997
1796,اليوم réseau متوسط موش خايب 🙌 wallah 😭,arabic,,positif,0.9927,0.005,0.0023,0.9927
1797,franchement satisfait بالـ 4G fi La Marsa 100% 😭,arabizi,,positif,0.9592,0.0145,0.0263,0.9592
1798,"merci Topnet, internet tayara اليوم 🔥 😅 3lech haka ?",arabizi,,positif,0.9942,0.0057,0.0001,0.9942
1799,اليوم réseau متوسط موش خايب yaatikom essa7a mais bon,arabic,,positif,0.9818,0.018,0.0002,0.9818
1800,chnowa هالخدمة؟؟ كل مرة coupure 😡 😭 100% franchement merci ❤️,arabic,,positif,0.9618,0.038,0.0002,0.9618
1801,"merci Topnet, internet tayara اليوم 🔥 wallah nchallah يتحسن 😂 ena client depuis snin",arabizi,,positif,0.9975,0.0023,0.0001,0.9975
1802,prix معقول مقارنة بالباقي 😭 mais bon,arabic,,positif,0.995,0.0048,0.0002,0.995
1803,forfait mte3kom yesser mezyen مقارنة بالباقي 👍 🙌 😂 bara choufou,arabic,,positif,0.8505,0.1495,0.0001,0.8505
1804,connexion stable même filil 😍 👍 mais bon,french,اتصال مستقر حتى فيل 😍 👍 لكن حسنًا,positif,0.9912,0.0065,0.0023,0.9912
1805,débit faible برشا خاصة الليل 😂 inchallah t7assnou,arabic,,negatif,0.5194,0.5194,0.0001,0.4805
1806,app ma thebch t7el 😑 wallah,arabizi,,negatif,0.9686,0.9686,0.0009,0.0306
1807,app ma thebch t7el 😑 yaatikom essa7a 😂,arabizi,,negatif,0.5096,0.5096,0.0003,0.4901
1808,topnet money سهللي برشا حاجات 😭 ..,arabic,,positif,0.9955,0.0045,0.0001,0.9955
1809,service behya barcha 👌 réseau stable fi Kairouan 👍 😅 nchallah يتحسن merci ❤️,arabizi,,positif,0.996,0.004,0.0001,0.996
1810,service client ما يجاوبش 😭,arabic,,negatif,0.7748,0.7748,0.0087,0.2165
1811,topnet money سهللي برشا حاجات 100% 👍,arabic,,positif,0.9969,0.003,0.0001,0.9969
1812,"merci Topnet, internet tayara اليوم 🔥 😂",arabizi,,positif,0.9981,0.0018,0.0001,0.9981
1813,forfait mte3kom yesser mezyen مقارنة بالباقي nchallah يتحسن mais bon yaatikom essa7a,arabizi,,positif,0.9956,0.0043,0.0001,0.9956
1814,débit faible برشا خاصة الليل 😅 🙌 😂,arabic,,positif,0.9796,0.0203,0.0001,0.9796
1815,connexion stable même filil 😍 🙌,french,اتصال مستقر حتى الفيل 😍 🙌,positif,0.998,0.0017,0.0002,0.998
1816,فما عروض للطلاب ؟ 100% 🙌 wallah,arabic,,neutre,0.9842,0.001,0.9842,0.0148
1817,"merci Topnet, internet tayara اليوم 🔥 yaatikom essa7a 😂 100%",arabizi,,positif,0.9967,0.0032,0.0001,0.9967
1818,internet بطيئة برشا اليوم 100%,arabic,,negatif,0.9769,0.9769,0.0003,0.0228
1819,franchement satisfait بالـ 4G fi Ariana mais bon 😅 wallah,arabizi,,neutre,0.6967,0.0084,0.6967,0.295
1820,service rapide w support تجاوب معايا بسرعة 👍 franchement wallah,arabic,,positif,0.997,0.0028,0.0001,0.997
1821,franchement satisfait بالـ 4G fi Sousse 100% 3lech haka ?,arabizi,,positif,0.8165,0.1792,0.0043,0.8165
1822,chnowa هالخدمة؟؟ كل مرة coupure 😡 nchallah يتحسن wallah,arabic,,negatif,0.9716,0.9716,0.0003,0.0281
1823,chnowa هالخدمة؟؟ كل مرة coupure 😡 100% 👍 bara choufou,arabic,,negatif,0.9918,0.9918,0.0001,0.0081
1824,topnet money سهللي برشا حاجات 😭 😅,arabic,,positif,0.9781,0.0218,0.0001,0.9781
1825,chnowa هالخدمة؟؟ كل مرة coupure 😡 😭,arabic,,negatif,0.987,0.987,0.0007,0.0123
1826,connexion stable même filil 😍 😂,french,اتصال مستقر حتى في الفيل 😍 😂,positif,0.9905,0.0093,0.0002,0.9905
1827,فما عروض للطلاب ؟ 👍 😭 bara choufou,arabic,,neutre,0.9212,0.0503,0.9212,0.0285
1828,استعملت Topnet Money أول مرة 100%,arabic,,positif,0.9762,0.0237,0.0001,0.9762
1829,فما عروض للطلاب ؟ 👍,arabic,,neutre,0.979,0.0044,0.979,0.0167
1830,service behya barcha 👌 réseau stable fi Monastir,arabizi,,positif,0.9693,0.0307,0.0001,0.9693
1831,"merci Topnet, internet tayara اليوم 🔥 👍 😂 inchallah t7assnou",arabizi,,positif,0.9965,0.0034,0.0001,0.9965
1832,topnet money سهللي برشا حاجات 👍 😂 yaatikom essa7a svp,arabic,,positif,0.9969,0.003,0.0001,0.9969
1833,app ma thebch t7el 😑 100% 😭 bara choufou,arabizi,,negatif,0.9917,0.9917,0.0007,0.0077
1834,topnet money سهللي برشا حاجات 😭 100% nchallah يتحسن,arabic,,positif,0.9979,0.002,0.0001,0.9979
1835,internet بطيئة برشا اليوم nchallah يتحسن top,arabic,,positif,0.9959,0.004,0.0001,0.9959
1836,app ma thebch t7el 😑 😭 top,arabizi,,positif,0.9774,0.0225,0.0001,0.9774
1837,فما عروض للطلاب ؟ mais bon 😅 nchallah يتحسن,arabic,,neutre,0.8477,0.0075,0.8477,0.1448
1838,topnet money سهللي برشا حاجات 😭 wallah,arabic,,positif,0.9902,0.0097,0.0001,0.9902
1839,شنية أحسن forfait pour télétravail ؟ 😭 😂,arabic,,neutre,0.9755,0.0014,0.9755,0.0231
1840,topnet money سهللي برشا حاجات nchallah يتحسن yaatikom essa7a merci ❤️,arabic,,positif,0.9977,0.0022,0.0001,0.9977
1841,app ma thebch t7el 😑 nchallah يتحسن mais bon,arabizi,,negatif,0.522,0.522,0.0021,0.4759
1842,connexion stable même filil 😍 mais bon 😂 yaatikom essa7a inchallah t7assnou,arabizi,,positif,0.9665,0.0334,0.0001,0.9665
1843,forfait mte3kom yesser mezyen مقارنة بالباقي 😭 wallah nchallah يتحسن svp,arabic,,positif,0.993,0.0067,0.0002,0.993
1844,débit faible برشا خاصة الليل 😂 🙌 100%,arabic,,positif,0.9972,0.0027,0.0001,0.9972
1845,service rapide w support تجاوب معايا بسرعة mais bon 😂 😭,arabic,,positif,0.9895,0.0102,0.0003,0.9895
1846,forfait mte3kom yesser mezyen مقارنة بالباقي 😂,arabic,,positif,0.8325,0.1674,0.0001,0.8325
1847,prix معقول مقارنة بالباقي 😭 ❤️,arabic,,positif,0.9981,0.0018,0.0001,0.9981
1848,prix معقول مقارنة بالباقي 🙌,arabic,,positif,0.9968,0.0031,0.0001,0.9968
1849,شنية أحسن forfait pour télétravail ؟ mais bon 😂 100%,french,شنية أحسن باقة لتعلم عن بعد ؟ ولكن حسنًا 😂 100%,neutre,0.9904,0.0009,0.9904,0.0087
1850,app ma thebch t7el 😑 100%,arabizi,,negatif,0.994,0.994,0.0003,0.0057
1851,"merci Topnet, internet tayara اليوم 🔥 100% 😅 nchallah يتحسن",arabizi,,positif,0.9982,0.0017,0.0001,0.9982
1852,"merci Topnet, internet tayara اليوم 🔥 100% 😂",arabizi,,positif,0.9982,0.0017,0.0001,0.9982
1853,application سهلة برشا و service client محترم ❤️ 👍 !,arabic,,positif,0.9979,0.002,0.0001,0.9979
1854,juste نسأل ال4G متوفرة fi Kairouan ؟ 👍 nchallah يتحسن 100%,arabic,,neutre,0.9653,0.0014,0.9653,0.0333
1855,juste نسأل ال4G متوفرة fi Hammamet ؟ nchallah يتحسن 😭 svp,arabic,,neutre,0.9982,0.0002,0.9982,0.0016
1856,chnowa هالخدمة؟؟ كل مرة coupure 😡 100% ena client depuis snin,arabic,,negatif,0.9938,0.9938,0.0002,0.0061
1857,internet بطيئة برشا اليوم 😭 top,arabic,,positif,0.9204,0.0795,0.0001,0.9204
1858,application سهلة برشا و service client محترم ❤️ merci ❤️,arabic,,positif,0.998,0.0019,0.0001,0.998
1859,topnet money سهللي برشا حاجات mais bon,arabic,,positif,0.9902,0.0097,0.0001,0.9902
1860,topnet money سهللي برشا حاجات 😭 ❤️,arabic,,positif,0.9973,0.0026,0.0001,0.9973
1861,خلصت و ما تفعلش الforfait 😤 😭 🙌,arabic,,negatif,0.9666,0.9666,0.0003,0.0331
1862,débit faible برشا خاصة الليل mais bon franchement 😭 inchallah t7assnou,arabizi,,positif,0.9437,0.0563,0.0001,0.9437
1863,service rapide w support تجاوب معايا بسرعة 100% nchallah يتحسن,arabic,,positif,0.998,0.0019,0.0001,0.998
1864,internet بطيئة برشا اليوم yaatikom essa7a wallah 100%,arabic,,positif,0.9839,0.016,0.0001,0.9839
1865,internet بطيئة برشا اليوم 🙌 wallah mais bon,arabic,,negatif,0.8957,0.8957,0.0002,0.1041
1866,app ma thebch t7el 😑 👍 😅,arabizi,,positif,0.7206,0.2788,0.0006,0.7206
1867,service rapide w support تجاوب معايا بسرعة mais bon 100%,arabic,,positif,0.996,0.0039,0.0001,0.996
1868,application سهلة برشا و service client محترم ❤️ franchement 100% mais bon,french,تطبيق سهل برشا وخدمة العملاء محترمة ❤️ بصراحة 100% ولكن جيد,positif,0.9986,0.0013,0.0001,0.9986
1869,application سهلة برشا و service client محترم ❤️ mais bon 🙌 inchallah t7assnou,arabizi,,positif,0.9974,0.0024,0.0001,0.9974
1870,juste نسأل ال4G متوفرة fi Tunis ؟ 😭 mais bon 🙌,arabic,,neutre,0.7747,0.0028,0.7747,0.2225
1871,juste نسأل ال4G متوفرة fi Hammamet ؟ 👍,arabic,,neutre,0.9977,0.0005,0.9977,0.0018
1872,فما عروض للطلاب ؟ wallah franchement,arabic,,neutre,0.9731,0.0075,0.9731,0.0194
1873,service behya barcha 👌 réseau stable fi Sousse 100%,arabizi,,positif,0.9824,0.0175,0.0001,0.9824
1874,"merci Topnet, internet tayara اليوم 🔥 yaatikom essa7a 🙌 service محترم",arabizi,,positif,0.9977,0.0022,0.0001,0.9977
1875,شكون يعرف كيفاش نفعل forfait internet ؟ 😭 franchement,arabic,,neutre,0.9995,0.0002,0.9995,0.0003
1876,internet بطيئة برشا اليوم 👍 ❤️,arabic,,positif,0.9934,0.0065,0.0001,0.9934
1877,forfait يتقص بسرعة موش normal mais bon wallah,arabic,,positif,0.7926,0.2073,0.0001,0.7926
1878,شنية أحسن forfait pour télétravail ؟ 🙌 franchement mais bon mouch logique,arabizi,,positif,0.9861,0.0109,0.003,0.9861
1879,app ma thebch t7el 😑 mais bon 👍 3lech haka ?,arabizi,,positif,0.6253,0.3444,0.0303,0.6253
1880,juste نسأل ال4G متوفرة fi Sousse ؟ 😭 mais bon,arabic,,neutre,0.9862,0.0016,0.9862,0.0122
1881,service client ما يجاوبش 100%,arabic,,negatif,0.9794,0.9794,0.0001,0.0205
1882,chnowa هالخدمة؟؟ كل مرة coupure 😡 mais bon wallah nchallah يتحسن,arabic,,positif,0.9036,0.0923,0.0041,0.9036
1883,اليوم réseau متوسط موش خايب 😂 mouch logique,arabic,,positif,0.5522,0.4472,0.0006,0.5522
1884,app جديدة و لا نفس النسخة ؟ 😂 3lech haka ?,arabic,,neutre,0.9992,0.0003,0.9992,0.0005
1885,juste نسأل ال4G متوفرة fi Sousse ؟ 😅,arabic,,positif,0.4956,0.4224,0.0821,0.4956
1886,application سهلة برشا و service client محترم ❤️ 100% service محترم,arabic,,positif,0.9978,0.0021,0.0001,0.9978
1887,app ma thebch t7el 😑 yaatikom essa7a,arabizi,,positif,0.5891,0.4106,0.0003,0.5891
1888,service rapide w support تجاوب معايا بسرعة ❤️,arabic,,positif,0.9952,0.0046,0.0003,0.9952
1889,débit faible برشا خاصة الليل mais bon 😂 100%,arabic,,positif,0.8604,0.1395,0.0001,0.8604
1890,فما عروض للطلاب ؟ franchement 😂 service محترم,arabic,,neutre,0.9859,0.0012,0.9859,0.013
1891,خلصت و ما تفعلش الforfait 😤 🙌,arabic,,negatif,0.9874,0.9874,0.0001,0.0125
1892,service client ما يجاوبش nchallah يتحسن 👍 😅,arabic,,positif,0.9889,0.011,0.0002,0.9889
1893,service client ما يجاوبش 😭 ❤️,arabic,,positif,0.9933,0.0066,0.0001,0.9933
1894,استعملت Topnet Money أول مرة mais bon nchallah يتحسن wallah top,arabic,,positif,0.9968,0.0031,0.0001,0.9968
1895,app ma thebch t7el 😑 100% yaatikom essa7a mais bon,arabizi,,negatif,0.8941,0.8941,0.0009,0.105
1896,débit faible برشا خاصة الليل 👍 😭,arabic,,positif,0.9832,0.0167,0.0001,0.9832
1897,service rapide w support تجاوب معايا بسرعة yaatikom essa7a 😅 inchallah t7assnou,arabizi,,positif,0.9857,0.0141,0.0002,0.9857
1898,service behya barcha 👌 réseau stable fi Nabeul nchallah يتحسن 3lech haka ?,arabizi,,positif,0.8277,0.1722,0.0001,0.8277
1899,forfait يتقص بسرعة موش normal merci ❤️,arabic,,positif,0.9943,0.0056,0.0001,0.9943
1900,service behya barcha 👌 réseau stable fi Sfax 👍,arabizi,,positif,0.9924,0.0075,0.0001,0.9924
1901,فما عروض للطلاب ؟ 🙌 100% yaatikom essa7a svp,arabic,,positif,0.9952,0.0036,0.0012,0.9952
1902,"merci Topnet, internet tayara اليوم 🔥 😅 inchallah t7assnou",arabizi,,positif,0.9925,0.0074,0.0001,0.9925
1903,internet بطيئة برشا اليوم bara choufou,arabic,,negatif,0.9957,0.9957,0.0001,0.0041
1904,شكون يعرف كيفاش نفعل forfait internet ؟ nchallah يتحسن yaatikom essa7a 👍,arabic,,positif,0.9921,0.0029,0.005,0.9921
1905,فما عروض للطلاب ؟ franchement,arabic,,neutre,0.9986,0.0006,0.9986,0.0008
1906,شنية أحسن forfait pour télétravail ؟ franchement,french,شنية أحسن باقة لتقنية العمل عن بعد ؟ بصراحة,neutre,0.9962,0.0006,0.9962,0.0033
1907,forfait يتقص بسرعة موش normal mais bon yaatikom essa7a 🙌,arabic,,positif,0.9965,0.0034,0.0001,0.9965
1908,app ma thebch t7el 😑 😭 service محترم,arabizi,,positif,0.82,0.1797,0.0003,0.82
1909,"merci Topnet, internet tayara اليوم 🔥 👍",arabizi,,positif,0.9984,0.0015,0.0001,0.9984
1910,internet بطيئة برشا اليوم franchement nchallah يتحسن 3lech haka ?,arabic,,negatif,0.9707,0.9707,0.0001,0.0292
1911,réseau y9os barcha fi Sousse 😒 🙌,arabizi,,negatif,0.9956,0.9956,0.0001,0.0043
1912,"merci Topnet, internet tayara اليوم 🔥 nchallah يتحسن bara choufou",arabizi,,positif,0.9866,0.0133,0.0001,0.9866
1913,service rapide w support تجاوب معايا بسرعة franchement nchallah يتحسن,arabic,,positif,0.9977,0.0022,0.0002,0.9977
1914,débit faible برشا خاصة الليل 😂 franchement 🙌 ena client depuis snin,french,برشا خاصة الليل 😂 بصراحة 🙌 عندي زبون منذ سنين,positif,0.9979,0.0019,0.0001,0.9979
1915,franchement satisfait بالـ 4G fi Sfax wallah,arabizi,,positif,0.9878,0.0096,0.0026,0.9878
1916,connexion stable même filil 😍 mais bon 😂,french,اتصال مستقر حتى في الفيل 😍 ولكن جيد 😂,positif,0.9946,0.0052,0.0003,0.9946
1917,"merci Topnet, internet tayara اليوم 🔥 😂 😅",arabizi,,positif,0.998,0.0019,0.0001,0.998
1918,service client ما يجاوبش nchallah يتحسن,arabic,,positif,0.902,0.0977,0.0003,0.902
1919,prix معقول مقارنة بالباقي 😭 👍,arabic,,positif,0.9979,0.002,0.0001,0.9979
1920,juste نسأل ال4G متوفرة fi Ariana ؟ 👍 franchement 100% inchallah t7assnou,arabizi,,positif,0.9803,0.0194,0.0002,0.9803
1921,application سهلة برشا و service client محترم ❤️ 🙌 😂 100%,arabic,,positif,0.9981,0.0017,0.0001,0.9981
1922,فما عروض للطلاب ؟ 👍 franchement 🙌,arabic,,positif,0.956,0.0048,0.0392,0.956
1923,app جديدة و لا نفس النسخة ؟ 👍,arabic,,neutre,0.9991,0.0002,0.9991,0.0007
1924,app جديدة و لا نفس النسخة ؟ wallah,arabic,,neutre,0.9993,0.0002,0.9993,0.0005
1925,اليوم réseau متوسط موش خايب 🙌 ena client depuis snin,arabic,,positif,0.9808,0.0135,0.0058,0.9808
1926,شكون يعرف كيفاش نفعل forfait internet ؟ 🙌 wallah,arabic,,neutre,0.9994,0.0002,0.9994,0.0004
1927,réseau y9os barcha fi Nabeul 😒 🙌 👍 inchallah t7assnou,arabizi,,negatif,0.9079,0.9079,0.0001,0.0921
1928,service client ما يجاوبش franchement 😅 👍 bara choufou,french,خدمة العملاء ما يجاوب بشفافية 😅 👍 بارا شوفو,positif,0.9879,0.0117,0.0004,0.9879
1929,service behya barcha 👌 réseau stable fi Sfax 😅 franchement 🙌,arabizi,,positif,0.9909,0.009,0.0001,0.9909
1930,app ma thebch t7el 😑 👍,arabizi,,positif,0.6185,0.3807,0.0009,0.6185
1931,service rapide w support تجاوب معايا بسرعة yaatikom essa7a franchement,french,خدمة سريعة و دعم تجاوب معايا بسرعة يااتيكم الصحة بصراحة,positif,0.9984,0.0015,0.0001,0.9984
1932,"merci Topnet, internet tayara اليوم 🔥 😂 😭 mais bon top",english,شكرا توب نت، إنترنت طيارة اليوم 🔥 😂 😭 لكن طوب خير,positif,0.9988,0.001,0.0002,0.9988
1933,اليوم réseau متوسط موش خايب 😭 mouch logique,arabic,,positif,0.8305,0.1686,0.001,0.8305
1934,service rapide w support تجاوب معايا بسرعة 😅,arabic,,negatif,0.5019,0.5019,0.0007,0.4974
1935,service client ما يجاوبش top,arabic,,positif,0.99,0.0099,0.0001,0.99
1936,service client ما يجاوبش yaatikom essa7a 🙌 franchement svp,french,خدمة العملاء ما يجاوبون يا أتيكم الصحة 🙌 بصراحة من فضلكم,positif,0.9965,0.0033,0.0002,0.9965
1937,app جديدة و لا نفس النسخة ؟ 😭 😅 franchement,arabic,,neutre,0.9993,0.0003,0.9993,0.0004
1938,استعملت Topnet Money أول مرة nchallah يتحسن wallah,arabic,,positif,0.9935,0.0064,0.0001,0.9935
1939,débit faible برشا خاصة الليل service محترم,arabic,,positif,0.75,0.2499,0.0001,0.75
1940,شنية أحسن forfait pour télétravail ؟ 😭 3lech haka ?,french,شنية أحسن باقة للتعامل عن بعد ؟ 😭 شنية 3lech haka ؟,neutre,0.9995,0.0002,0.9995,0.0003
1941,شكون يعرف كيفاش نفعل forfait internet ؟ 🙌 merci ❤️,arabic,,neutre,0.9992,0.0002,0.9992,0.0006
1942,réseau y9os barcha fi Hammamet 😒 mais bon 😅,arabizi,,negatif,0.9896,0.9896,0.0001,0.0103
1943,شنية أحسن forfait pour télétravail ؟ 😅 🙌,arabic,,neutre,0.9864,0.0008,0.9864,0.0128
1944,connexion stable même filil 😍 mais bon 😅 👍 ena client depuis snin,french,اتصال مستقر حتى في الفيل 😍 لكن حسنًا 😅 👍 أنا عميل منذ سنين,positif,0.9978,0.0021,0.0001,0.9978
1945,خلصت و ما تفعلش الforfait 😤 😂,arabic,,negatif,0.9863,0.9863,0.0001,0.0136
1946,خلصت و ما تفعلش الforfait 😤 wallah,arabic,,negatif,0.9964,0.9964,0.0001,0.0035
1947,service client ما يجاوبش 100% nchallah يتحسن mais bon,arabic,,positif,0.901,0.0988,0.0003,0.901
1948,forfait يتقص بسرعة موش normal 🙌,arabic,,positif,0.957,0.0429,0.0001,0.957
1949,connexion stable même filil 😍 nchallah يتحسن svp,arabizi,,positif,0.9915,0.0084,0.0001,0.9915
1950,service behya barcha 👌 réseau stable fi La Marsa 🙌 mais bon 😂,arabizi,,positif,0.9949,0.005,0.0001,0.9949
1951,connexion stable même filil 😍 👍 😂,french,اتصال مستقر حتى فيل 😍 👍 😂,positif,0.9854,0.0067,0.0079,0.9854
1952,topnet money سهللي برشا حاجات nchallah يتحسن wallah,arabic,,positif,0.9969,0.003,0.0001,0.9969
1953,franchement satisfait بالـ 4G fi Bizerte yaatikom essa7a 100% 🙌,arabizi,,positif,0.995,0.0048,0.0002,0.995
1954,internet بطيئة برشا اليوم wallah 🙌 yaatikom essa7a,arabic,,positif,0.9547,0.0452,0.0001,0.9547
1955,شكون يعرف كيفاش نفعل forfait internet ؟ mais bon yaatikom essa7a,arabic,,positif,0.8514,0.0046,0.144,0.8514
1956,forfait mte3kom yesser mezyen مقارنة بالباقي mais bon franchement,arabizi,,positif,0.9872,0.0127,0.0002,0.9872
1957,خلصت و ما تفعلش الforfait 😤 🙌 inchallah t7assnou,arabic,,negatif,0.9789,0.9789,0.0001,0.021
1958,prix معقول مقارنة بالباقي yaatikom essa7a 🙌 100% mouch logique,arabic,,positif,0.9961,0.0038,0.0001,0.9961
1959,service behya barcha 👌 réseau stable fi Tunis 100% 👍,arabizi,,positif,0.9902,0.0098,0.0001,0.9902
1960,prix معقول مقارنة بالباقي franchement,arabic,,positif,0.9909,0.009,0.0001,0.9909
1961,prix معقول مقارنة بالباقي 👍 😭 🙌 bara choufou,arabic,,positif,0.9963,0.0036,0.0001,0.9963
1962,prix معقول مقارنة بالباقي franchement ena client depuis snin,arabic,,positif,0.9548,0.0451,0.0001,0.9548
1963,service client ما يجاوبش 😭 wallah 😂,arabic,,positif,0.6544,0.1736,0.172,0.6544
1964,app جديدة و لا نفس النسخة ؟ franchement 😂 mais bon,arabic,,neutre,0.9989,0.0003,0.9989,0.0008
1965,forfait mte3kom yesser mezyen مقارنة بالباقي 100% nchallah يتحسن yaatikom essa7a ena client depuis snin,arabizi,,positif,0.9723,0.0275,0.0001,0.9723
1966,فما عروض للطلاب ؟ 😂 svp,arabic,,neutre,0.9987,0.0004,0.9987,0.001
1967,connexion stable même filil 😍 👍 😂 yaatikom essa7a,french,اتصال مستقر حتى في الفيل 😍 👍 😂 يأتيكم الصحة,positif,0.9981,0.0017,0.0001,0.9981
1968,app جديدة و لا نفس النسخة ؟ 👍 😂,arabic,,neutre,0.9991,0.0002,0.9991,0.0007
1969,اليوم réseau متوسط موش خايب yaatikom essa7a 😂 100%,arabic,,positif,0.954,0.0459,0.0001,0.954
1970,forfait يتقص بسرعة موش normal 😭 yaatikom essa7a,arabic,,positif,0.9923,0.0077,0.0001,0.9923
1971,service client ما يجاوبش 😭 nchallah يتحسن ena client depuis snin,arabizi,,positif,0.9725,0.027,0.0005,0.9725
1972,خلصت و ما تفعلش الforfait 😤 😭 👍 mais bon merci ❤️,arabic,,positif,0.9679,0.0321,0.0001,0.9679
1973,"merci Topnet, internet tayara اليوم 🔥 franchement",arabizi,,positif,0.9981,0.0018,0.0001,0.9981
1974,"merci Topnet, internet tayara اليوم 🔥 yaatikom essa7a 100%",arabizi,,positif,0.9974,0.0025,0.0001,0.9974
1975,réseau y9os barcha fi Hammamet 😒 yaatikom essa7a mais bon wallah mouch logique,arabizi,,negatif,0.9937,0.9937,0.0001,0.0063
1976,خلصت و ما تفعلش الforfait 😤 mais bon,arabic,,negatif,0.989,0.989,0.0001,0.0109
1977,débit faible برشا خاصة الليل nchallah يتحسن,arabic,,positif,0.9831,0.0168,0.0001,0.9831
1978,internet بطيئة برشا اليوم 😭 mais bon 👍,arabic,,negatif,0.7867,0.7867,0.0003,0.2131
1979,اليوم réseau متوسط موش خايب wallah svp,arabic,,positif,0.7259,0.2722,0.0018,0.7259
1980,réseau y9os barcha fi La Marsa 😒 😭 🙌 mais bon svp,arabizi,,negatif,0.8739,0.8739,0.0001,0.126
1981,franchement satisfait بالـ 4G fi La Marsa 😂 😅 yaatikom essa7a service محترم,arabizi,,positif,0.9525,0.0467,0.0008,0.9525
1982,débit faible برشا خاصة الليل 😂 !,arabic,,positif,0.6583,0.3416,0.0001,0.6583
1983,خلصت و ما تفعلش الforfait 😤 mais bon franchement wallah,arabic,,negatif,0.9236,0.9236,0.0001,0.0763
1984,topnet money سهللي برشا حاجات 👍 mais bon,arabic,,positif,0.9971,0.0028,0.0001,0.9971
1985,فما عروض للطلاب ؟ 🙌 franchement service محترم,arabic,,positif,0.6113,0.0049,0.3838,0.6113
1986,service rapide w support تجاوب معايا بسرعة 🙌 😭 😅,arabic,,positif,0.9855,0.0119,0.0026,0.9855
1987,شنية أحسن forfait pour télétravail ؟ wallah 😭 yaatikom essa7a,french,شنية أحسن forfait للعمل عن بعد ؟ والله 😭 يا أتيكم الصحة,positif,0.9534,0.0117,0.0349,0.9534
1988,connexion stable même filil 😍 😭 100% 😂 svp,french,اتصال مستقر حتى الفيل 😍 😭 100% 😂 من فضلك,positif,0.9976,0.0022,0.0002,0.9976
1989,application سهلة برشا و service client محترم ❤️ franchement 😅 100% bara choufou,french,تطبيق سهل برشا وخدمة العملاء محترمة ❤️ بصراحة 😅 100% برا شوفو,positif,0.9982,0.0017,0.0001,0.9982
1990,استعملت Topnet Money أول مرة 😭 😅,arabic,,positif,0.9787,0.0211,0.0001,0.9787
1991,application سهلة برشا و service client محترم ❤️ 😂 ena client depuis snin,french,تطبيق سهل برشا وخدمة عملاء محترمة ❤️ 😂 أنا عميل منذ سنين,positif,0.9986,0.0012,0.0001,0.9986
1992,خلصت و ما تفعلش الforfait 😤 100% mais bon 🙌,arabic,,negatif,0.7614,0.7614,0.0001,0.2385
1993,débit faible برشا خاصة الليل 😭 franchement ena client depuis snin,french,برشا خاصة الليل 😭 بصراحة أنا زبون منذ سنين,positif,0.9881,0.0118,0.0001,0.9881
1994,forfait mte3kom yesser mezyen مقارنة بالباقي wallah 😅 merci ❤️,arabic,,positif,0.9921,0.0077,0.0001,0.9921
1995,فما عروض للطلاب ؟ 😅 service محترم,arabic,,neutre,0.9862,0.0016,0.9862,0.0121
1996,forfait يتقص بسرعة موش normal 🙌 😅,arabic,,positif,0.8873,0.1125,0.0002,0.8873
1997,service behya barcha 👌 réseau stable fi Sousse nchallah يتحسن franchement 😅 bara choufou,arabizi,,positif,0.727,0.2729,0.0001,0.727
1998,chnowa هالخدمة؟؟ كل مرة coupure 😡 😭 😂,arabic,,negatif,0.9623,0.9623,0.0028,0.0349
1999,franchement satisfait بالـ 4G fi Gabes franchement 😂,arabizi,,neutre,0.8434,0.0085,0.8434,0.1481
2000,استعملت Topnet Money أول مرة 🙌 nchallah يتحسن,arabic,,positif,0.9982,0.0017,0.0002,0.9982
2001,app ma thebch t7el 😑,arabizi,,negatif,0.9563,0.9563,0.0019,0.0418
2002,service client ما يجاوبش yaatikom essa7a service محترم,arabic,,positif,0.9049,0.095,0.0002,0.9049
2003,application سهلة برشا و service client محترم ❤️ 😂 mais bon yaatikom essa7a,french,تطبيق سهل برشا وخدمة العملاء محترمة ❤️ 😂 ولكن بون يعتيكم الصحة,positif,0.9987,0.0012,0.0001,0.9987
2004,"merci Topnet, internet tayara اليوم 🔥 😅 wallah 3lech haka ?",arabizi,,positif,0.9847,0.0152,0.0001,0.9847
2005,service behya barcha 👌 réseau stable fi Kairouan mais bon,arabizi,,positif,0.9917,0.0082,0.0001,0.9917
2006,topnet money سهللي برشا حاجات 😅 😂,arabic,,positif,0.9642,0.0357,0.0001,0.9642
2007,"merci Topnet, internet tayara اليوم 🔥 😭",arabizi,,positif,0.9984,0.0015,0.0001,0.9984
2008,réseau y9os barcha fi Sousse 😒 wallah 100%,arabizi,,negatif,0.9951,0.9951,0.0001,0.0049
2009,prix معقول مقارنة بالباقي 😂 top,arabic,,positif,0.9975,0.0023,0.0001,0.9975
2010,app ma thebch t7el 😑 😂 !,arabizi,,positif,0.6193,0.3731,0.0076,0.6193
2011,franchement satisfait بالـ 4G fi Sfax mais bon mouch logique,arabizi,,positif,0.9662,0.0336,0.0002,0.9662
2012,topnet money سهللي برشا حاجات wallah 😅,arabic,,positif,0.9344,0.0655,0.0001,0.9344
2013,forfait mte3kom yesser mezyen مقارنة بالباقي nchallah يتحسن,arabic,,positif,0.9941,0.0057,0.0001,0.9941
2014,service behya barcha 👌 réseau stable fi Monastir franchement 100%,arabizi,,positif,0.9478,0.0521,0.0001,0.9478
2015,forfait يتقص بسرعة موش normal mais bon 100%,arabic,,positif,0.994,0.006,0.0001,0.994
2016,خلصت و ما تفعلش الforfait 😤 😂 mais bon 😅 svp,arabic,,negatif,0.855,0.855,0.0003,0.1447
2017,topnet money سهللي برشا حاجات nchallah يتحسن wallah ena client depuis snin,arabic,,positif,0.9953,0.0046,0.0001,0.9953
2018,service client ما يجاوبش yaatikom essa7a nchallah يتحسن,arabic,,positif,0.9168,0.0831,0.0001,0.9168
2019,application سهلة برشا و service client محترم ❤️ mais bon 😂,arabic,,positif,0.9978,0.002,0.0001,0.9978
2020,chnowa هالخدمة؟؟ كل مرة coupure 😡 wallah 😂,arabic,,negatif,0.9894,0.9894,0.0002,0.0103
2021,franchement satisfait بالـ 4G fi Nabeul 👍,arabizi,,positif,0.9781,0.0048,0.0171,0.9781
2022,topnet money سهللي برشا حاجات mais bon merci ❤️,arabic,,positif,0.9976,0.0023,0.0001,0.9976
2023,topnet money سهللي برشا حاجات franchement yaatikom essa7a,arabic,,positif,0.9864,0.0135,0.0001,0.9864
2024,اليوم réseau متوسط موش خايب franchement nchallah يتحسن wallah bara choufou,arabic,,negatif,0.9935,0.9935,0.0001,0.0064
2025,topnet money سهللي برشا حاجات 😅,arabic,,positif,0.9539,0.046,0.0001,0.9539
2026,franchement satisfait بالـ 4G fi Kairouan 😅,arabizi,,neutre,0.9525,0.004,0.9525,0.0435
2027,connexion stable même filil 😍 wallah !,french,اتصال مستقر حتى في الفيل 😍 والله !,positif,0.9962,0.0037,0.0001,0.9962
2028,forfait mte3kom yesser mezyen مقارنة بالباقي 😂 mais bon merci ❤️,arabic,,positif,0.9942,0.0056,0.0001,0.9942
2029,app ma thebch t7el 😑 ❤️,arabizi,,positif,0.9476,0.052,0.0003,0.9476
2030,débit faible برشا خاصة الليل 😭 nchallah يتحسن,arabic,,positif,0.9941,0.0058,0.0001,0.9941
2031,شكون يعرف كيفاش نفعل forfait internet ؟ 😅 😭,arabic,,neutre,0.9995,0.0002,0.9995,0.0003
2032,prix معقول مقارنة بالباقي franchement 😅 😂 merci ❤️,arabic,,positif,0.9974,0.0025,0.0001,0.9974
2033,app ma thebch t7el 😑 😅 🙌,arabizi,,positif,0.8711,0.1153,0.0136,0.8711
2034,فما عروض للطلاب ؟ 😭 ena client depuis snin,arabic,,neutre,0.9991,0.0005,0.9991,0.0004
2035,prix معقول مقارنة بالباقي 😭 😂,arabic,,positif,0.9956,0.0042,0.0002,0.9956
2036,شكون يعرف كيفاش نفعل forfait internet ؟ yaatikom essa7a wallah ena client depuis snin,arabic,,neutre,0.998,0.0004,0.998,0.0017
2037,"merci Topnet, internet tayara اليوم 🔥 😂 nchallah يتحسن",arabizi,,positif,0.9983,0.0016,0.0001,0.9983
2038,service behya barcha 👌 réseau stable fi Sousse 100% !,arabizi,,positif,0.9778,0.0222,0.0001,0.9778
2039,topnet money سهللي برشا حاجات 👍 🙌,arabic,,positif,0.9977,0.0022,0.0001,0.9977
2040,"merci Topnet, internet tayara اليوم 🔥 🙌 wallah",arabizi,,positif,0.9983,0.0016,0.0001,0.9983
2041,service behya barcha 👌 réseau stable fi Bizerte franchement wallah 100% merci ❤️,arabizi,,positif,0.9922,0.0077,0.0001,0.9922
2042,شكون يعرف كيفاش نفعل forfait internet ؟ yaatikom essa7a 👍 franchement,arabic,,neutre,0.9536,0.0013,0.9536,0.0451
2043,juste نسأل ال4G متوفرة fi Kairouan ؟ 🙌,arabic,,neutre,0.9988,0.0003,0.9988,0.0009
2044,فما عروض للطلاب ؟ 👍 100% nchallah يتحسن,arabic,,positif,0.9614,0.0074,0.0312,0.9614
2045,فما عروض للطلاب ؟ 🙌,arabic,,neutre,0.9956,0.0009,0.9956,0.0035
2046,réseau y9os barcha fi Ariana 😒 👍 😭,arabizi,,negatif,0.9919,0.9919,0.0001,0.0081
2047,service behya barcha 👌 réseau stable fi Nabeul nchallah يتحسن 😅 😂 top,arabizi,,positif,0.9957,0.0043,0.0001,0.9957
2048,service rapide w support تجاوب معايا بسرعة 👍 😅,arabic,,positif,0.9689,0.0309,0.0002,0.9689
2049,service behya barcha 👌 réseau stable fi La Marsa wallah franchement,arabizi,,positif,0.9783,0.0216,0.0001,0.9783
2050,استعملت Topnet Money أول مرة mais bon mouch logique,arabic,,positif,0.7188,0.281,0.0002,0.7188
2051,topnet money سهللي برشا حاجات nchallah يتحسن franchement,arabic,,positif,0.9964,0.0035,0.0001,0.9964
2052,débit faible برشا خاصة الليل 😂 👍 3lech haka ?,arabic,,positif,0.7536,0.2463,0.0001,0.7536
2053,اليوم réseau متوسط موش خايب 👍,arabic,,positif,0.9894,0.0102,0.0004,0.9894
2054,forfait mte3kom yesser mezyen مقارنة بالباقي 😅 mais bon svp,arabic,,positif,0.9006,0.0992,0.0002,0.9006
2055,prix معقول مقارنة بالباقي wallah mais bon yaatikom essa7a merci ❤️,arabic,,positif,0.9965,0.0034,0.0001,0.9965
2056,juste نسأل ال4G متوفرة fi Tunis ؟ 😂,arabic,,neutre,0.9975,0.0006,0.9975,0.0019
2057,chnowa هالخدمة؟؟ كل مرة coupure 😡 😭 nchallah يتحسن,arabic,,negatif,0.8903,0.8903,0.003,0.1067
2058,خلصت و ما تفعلش الforfait 😤 wallah mais bon 😂 mouch logique,arabic,,negatif,0.9835,0.9835,0.0001,0.0164
2059,اليوم réseau متوسط موش خايب 😅 😂,arabic,,positif,0.6606,0.3347,0.0047,0.6606
2060,استعملت Topnet Money أول مرة nchallah يتحسن,arabic,,positif,0.9964,0.0035,0.0001,0.9964
2061,chnowa هالخدمة؟؟ كل مرة coupure 😡 👍 😅,arabic,,negatif,0.8179,0.8179,0.0012,0.1809
2062,service client ما يجاوبش franchement 👍 😂,french,خدمة العملاء ما يجاوب بشفافية 👍 😂,positif,0.9975,0.0024,0.0001,0.9975
2063,connexion stable même filil 😍 😂 😅,french,اتصال مستقر حتى فيل 😍 😂 😅,neutre,0.9317,0.0059,0.9317,0.0624
2064,app ma thebch t7el 😑 100% 🙌 wallah,arabizi,,positif,0.8793,0.1198,0.001,0.8793
2065,خلصت و ما تفعلش الforfait 😤 🙌 yaatikom essa7a svp,arabic,,negatif,0.6102,0.6102,0.0001,0.3897
2066,forfait mte3kom yesser mezyen مقارنة بالباقي nchallah يتحسن ❤️,arabic,,positif,0.9953,0.0046,0.0001,0.9953
2067,app ma thebch t7el 😑 100% ..,arabizi,,negatif,0.6781,0.6781,0.0025,0.3194
2068,اليوم réseau متوسط موش خايب nchallah يتحسن yaatikom essa7a mais bon,arabic,,positif,0.9915,0.0084,0.0001,0.9915
2069,connexion stable même filil 😍 nchallah يتحسن wallah,arabizi,,positif,0.9911,0.0088,0.0001,0.9911
2070,app جديدة و لا نفس النسخة ؟ wallah franchement 👍,arabic,,neutre,0.9864,0.0009,0.9864,0.0127
2071,خلصت و ما تفعلش الforfait 😤 franchement yaatikom essa7a,arabic,,negatif,0.9929,0.9929,0.0001,0.007
2072,juste نسأل ال4G متوفرة fi Monastir ؟ nchallah يتحسن mouch logique,arabic,,positif,0.6113,0.3819,0.0068,0.6113
2073,application سهلة برشا و service client محترم ❤️ 😅 franchement,arabic,,positif,0.9975,0.0023,0.0002,0.9975
2074,réseau y9os barcha fi Sousse 😒 😭,arabizi,,negatif,0.9967,0.9967,0.0001,0.0031
2075,forfait mte3kom yesser mezyen مقارنة بالباقي nchallah يتحسن ..,arabic,,positif,0.9883,0.0116,0.0001,0.9883
2076,débit faible برشا خاصة الليل nchallah يتحسن ❤️,arabic,,positif,0.9896,0.0103,0.0001,0.9896
2077,internet بطيئة برشا اليوم 😂 service محترم,arabic,,positif,0.9025,0.0971,0.0004,0.9025
2078,prix معقول مقارنة بالباقي 😅 nchallah يتحسن mais bon,arabic,,positif,0.9947,0.0049,0.0004,0.9947
2079,prix معقول مقارنة بالباقي 😂 👍 100%,arabic,,positif,0.9978,0.002,0.0001,0.9978
2080,application سهلة برشا و service client محترم ❤️,arabic,,positif,0.9974,0.0025,0.0001,0.9974
2081,forfait mte3kom yesser mezyen مقارنة بالباقي 👍 wallah 100% svp,arabic,,positif,0.9909,0.009,0.0001,0.9909
2082,شكون يعرف كيفاش نفعل forfait internet ؟ nchallah يتحسن 3lech haka ?,arabic,,neutre,0.9994,0.0002,0.9994,0.0004
2083,prix معقول مقارنة بالباقي yaatikom essa7a mais bon top,arabic,,positif,0.995,0.005,0.0001,0.995
2084,hhhh 3aychek ya topnet,arabizi,,positif,0.8738,0.1261,0.0001,0.8738
2085,topnet ramadan special? debit renforce le soir inchallah?,arabizi,,positif,0.9975,0.0024,0.0001,0.9975
2086,"vitesse w prix w service, kol chay tamam 3andi 7amdella m3a topnet",arabizi,,positif,0.9597,0.0402,0.0001,0.9597
2087,3awed 9adhi el 3am w topnet mazal nafs el moshkla 😒,arabizi,,negatif,0.9942,0.9942,0.0004,0.0054
2088,"3andi coupure totale mn 3 jours walla, sma7lu",arabizi,,positif,0.8654,0.1344,0.0002,0.8654
2089,"3andi jirani 3al fibre TT w 5demethom khir, far9 fi prix?",arabizi,,positif,0.9716,0.026,0.0024,0.9716
2090,"el ping mte3i 8ms 3al fibre topnet, parfait lel gaming online",arabizi,,neutre,0.999,0.0004,0.999,0.0006
2091,"coupure 3 jours w teknicien ma jiech, kifech haka barcha",arabizi,,positif,0.9858,0.0137,0.0005,0.9858
2092,ya rabbi ana nchark w narbah 🙏 inchallah,arabizi,,positif,0.9927,0.0073,0.0001,0.9927
2093,ya3tik essa7a topnet,arabizi,,positif,0.998,0.0019,0.0001,0.998
2094,الدخول المدرسي ما يجيش بلا مشاكل إنترنت عند توبنت 😮,arabic,,neutre,0.9982,0.0008,0.9982,0.0011
2095,"2023 passe et toujours memes problemes, espoir pour 2024",arabizi,,positif,0.9957,0.0041,0.0002,0.9957
2096,"ma nella9ach el reseau fi les parametres, router ma zarhach?",arabizi,,negatif,0.9848,0.9848,0.0001,0.0151
2097,"3andi router tawa5er, ynji teknicien fi w9et mri9?",arabizi,,negatif,0.7243,0.7243,0.0001,0.2756
2098,"el bnet w el wled 3andhem zoom kol sba7 w net ta7, mochkla",arabizi,,negatif,0.6568,0.6568,0.0001,0.3431
2099,el service client 9ali 48h w 3 jours w ma7ad ji 7ata barcha,arabizi,,positif,0.5064,0.4929,0.0006,0.5064
2100,chkoun y3awedni bel mise a jour adresse fi el dossier mte3i?,arabizi,,neutre,0.9988,0.0003,0.9988,0.0009
2101,lilt el 3acher ta9ta3 el internet w ana nfarrij el quran 😢,arabizi,,neutre,0.9991,0.0002,0.9991,0.0006
2102,"3andi 3onwan jedid, kifech nt7awwal m3a nafs el abonnement topnet?",arabizi,,neutre,0.9965,0.0005,0.9965,0.003
2103,3andi fibre w debit mch behia kima 9alu fi el contrat,arabizi,,negatif,0.5703,0.5703,0.0009,0.4287
2104,الاتصال قطع من البارح والخدمة صفر 😡,arabic,,neutre,0.9961,0.0026,0.9961,0.0013
2105,"decembre w el 3ayla fi el dar, wifi sature w coupures",arabizi,,neutre,0.9993,0.0003,0.9993,0.0004
2106,@Bilel Souissi kifech connexion mte3ek m3a topnet fi jiha mte3ek?,arabizi,,positif,0.5455,0.4543,0.0002,0.5455
2107,router ta3 topnet ma5demch men jom3a kamilet sma7lu,arabizi,,negatif,0.8862,0.8862,0.0001,0.1136
2108,comparatif detaille topnet vs concurrents existe quelque part?,french,هل يوجد مقارنة تفصيلية بين توبنيت و المنافسين في مكان ما؟,neutre,0.9992,0.0003,0.9992,0.0005
2109,"@Karim Hajlaoui ma tsma3 ken, badel topnet rah 😂",arabizi,,positif,0.7931,0.2066,0.0003,0.7931
2110,👍 merci,arabizi,,positif,0.9983,0.0015,0.0002,0.9983
2111,"3andi mochkla fi el payment online, ma ya9balch carte mte3i fi site",arabizi,,neutre,0.9996,0.0002,0.9996,0.0003
2112,ping fi online gaming 300ms m3a topnet fibre 😭 walla,arabizi,,negatif,0.6057,0.6057,0.0204,0.3739
2113,"@Sonia Riahi ma tsma3 ken, badel topnet rah 😂",arabizi,,positif,0.7619,0.2338,0.0043,0.7619
2114,"3ayeth 3al numero, 45 daqi9a w ma7ad redd 😡 ma3koul",arabizi,,negatif,0.976,0.976,0.0001,0.0239
2115,"les fetes approchent et la connexion est instable, topnet??",french,المناسبات تقترب والاتصال غير مستقر، توب نت؟؟,negatif,0.8748,0.8748,0.0002,0.1249
2116,"el QoS fi el router, kifech na3mel settings lel gaming online?",arabizi,,neutre,0.9945,0.0005,0.9945,0.005
2117,service client 3ayeth 7 marrat w ma7ad redd 3liya walla,arabizi,,positif,0.865,0.127,0.0081,0.865
2118,"connexion tombe a chaque appel video, vraiment problematique pour le travail",french,الاتصال يتقطع عند كل مكالمة فيديو، مشكلة حقيقية في العمل,negatif,0.8565,0.8565,0.1355,0.0081
2119,matfoutkouch ❤️ topnet,arabizi,,positif,0.9918,0.0082,0.0001,0.9918
2120,"jirani 3andou hexabyte w ping khir lel gaming, topnet similar?",english,جيران عندهم هيكسا بايت و بينج خير للجيمينج، توب نت شبيه؟,negatif,0.9674,0.9674,0.0001,0.0325
2121,comment optimiser le wifi pour le gaming avec topnet?,french,كيفية تحسين الواي فاي للألعاب مع توب نت؟,neutre,0.999,0.0003,0.999,0.0007
2122,comment mettre a jour le firmware du routeur topnet?,french,كيفية تحديث برنامج التحكم في جهاز التوجيه Topnet؟,neutre,0.9994,0.0002,0.9994,0.0004
2123,baraka 3likom topnet ❤️,arabizi,,positif,0.9974,0.0024,0.0001,0.9974
2124,"topnet 3andha panne generale fi el hay mte3i, chkoun moch ena el mochkla",arabizi,,positif,0.6916,0.308,0.0004,0.6916
2125,"connexion mte3kom bata2a barcha, ma9dar na3mel 7ata 7aja",arabizi,,negatif,0.9975,0.9975,0.0001,0.0024
2126,le chat en ligne topnet ne repond jamais meme pendant heures ouvrables,french,القط على الانترنت topnet لا يرد أبدا حتى خلال ساعات العمل,negatif,0.9832,0.9832,0.0042,0.0126
2127,"technicien venu 3 fois, panne toujours la. que faire svp?",french,فني جاء 3 مرات، لا يزال هناك عطل. ماذا أفعل من فضلك؟,neutre,0.9995,0.0002,0.9995,0.0003
2128,حياتي وقفت بلا إنترنت 😂 ولكن بالجد حلوهالي please,arabic,,neutre,0.9992,0.0002,0.9992,0.0005
2129,"participation + partage, espoir de gagner 🤞 inchallah",arabizi,,positif,0.9945,0.0054,0.0002,0.9945
2130,"connexion instable fi el w9et ta3 bda el durus, normal haka?",arabizi,,negatif,0.7347,0.7347,0.0001,0.2652
2131,nouvelle annee nouvel abonnement? offres janvier disponibles?,french,سنة جديدة، اشتراك جديد؟ عروض يناير متاحة؟,neutre,0.9367,0.0085,0.9367,0.0548
2132,"sayf w streaming m3a sahbeti, connexion ta5arrbet, kahrena 😂",english,سيف و استريمينج مع صحبتي، اتصال طاربت، خارنة 😂,positif,0.8891,0.1107,0.0002,0.8891
2133,topnet wala topbat2 ??? 😑,english,توبنيت ولا توبات٢ ??? 😑,negatif,0.984,0.984,0.0001,0.0159
2134,"internet ta7 3andi mn s7a7, 3mal lbali",arabizi,,negatif,0.9692,0.9692,0.0001,0.0307
2135,matdhouch fi el commentaires envoyez un MP w baad ma treddouch,arabizi,,negatif,0.904,0.904,0.0001,0.0959
2136,"sahbi beddel min topnet lil hexabyte, content barcha",arabizi,,positif,0.9941,0.0056,0.0003,0.9941
2137,el lila ta3 ras el 3am w el internet ta5arber 🎆 haka?,arabizi,,neutre,0.9872,0.0054,0.9872,0.0074
2138,🎉🎉🎉 merci,arabizi,,positif,0.9746,0.0034,0.022,0.9746
2139,"topnet fibre 7allat fi 7ayeti, streaming parfait 🎬",arabizi,,positif,0.9834,0.0166,0.0001,0.9834
2140,fin d annee et toujours les memes problemes de connexion 😒,french,نهاية السنة والمشاكل نفسها في الاتصال 😒,negatif,0.9981,0.9981,0.0002,0.0017
2141,bonne fete a tous et meilleure connexion pour l an prochain,french,عيد مبارك للجميع وأتمنى لكم اتصالا أفضل في العام القادم,positif,0.9983,0.0014,0.0003,0.9983
2142,"abonnement ta7 w ma dafetch facture mta5ara, 7alou",arabizi,,negatif,0.9946,0.9946,0.0001,0.0053
2143,"el lila ta3 27 w el internet ta7, ma3koul haka 7ram??",arabizi,,negatif,0.9321,0.9321,0.0028,0.0651
2144,"3andi mochkla tekni9, teknicien ji w 9al mahich fi 9is9is",arabizi,,negatif,0.9362,0.9362,0.0001,0.0636
2145,"el internet ta3 topnet batta2 barcha fi ramadan, w houma el lila ta3 el lil lazem t5dem barcha. mch logique achkoun",arabizi,,negatif,0.9876,0.9876,0.0001,0.0123
2146,fama difference qualite service apres la fibre TT haka?,arabizi,,neutre,0.8747,0.0396,0.8747,0.0856
2147,@Mondher Masmoudi @Hedi Oueslati ncharkaw fi el concours topnet,arabizi,,neutre,0.9996,0.0002,0.9996,0.0002
2148,reclamation deposee il y a 1 mois sans reponse officielle,french,شكوى تم تقديمها منذ شهر بدون رد رسمي,neutre,0.9966,0.002,0.9966,0.0014
2149,el skhana ta5reb el router? azra9 kifech n7el fi sayf?,arabizi,,negatif,0.992,0.992,0.0002,0.0078
2150,"connexion jamais tombee chez moi depuis 1 an, chapeau!",french,الوصول لم ينقطع عندي منذ سنة، قبعة！,positif,0.9948,0.005,0.0003,0.9948
2151,"tout le monde passe a la fibre, topnet quand dans mon quartier?",french,كل الناس ينتقلون إلى التوصيل بالفايبر، متى سيصل Topnet إلى حيي؟,neutre,0.9929,0.002,0.9929,0.0051
2152,"decembre bard w connexion bata2, double peine walla 😅",french,ديسمبر برد و اتصال بطيء، عقوبة مزدوجة ولا 😅,negatif,0.987,0.987,0.0001,0.0129
2153,rentree scolaire et ma connexion tombe tous les matins 9h,arabizi,,positif,0.8639,0.136,0.0001,0.8639
2154,"service client repondant et competent, bravo 🙌 topnet",french,خدمة عملاء استجابة و كفؤة، مبروك 🙌 توب نت,positif,0.9987,0.0012,0.0001,0.9987
2155,كيفاش نشوف كل الأجهزة المتصلة بالواي فاي متاعي؟,arabic,,neutre,0.9994,0.0002,0.9994,0.0004
2156,جيت للوكالة مرتين والمشكلة ما زالت موجودة ما حلوهاش,arabic,,negatif,0.9967,0.9967,0.0001,0.0032
2157,"3andi smart TV w ma ta9darsh tconnecta fi wifi, kifech?",arabizi,,neutre,0.9992,0.0002,0.9992,0.0006
2158,"teknicien ji tnein w 3amlaw 7san 5edma, chokran barcha",arabizi,,negatif,0.5294,0.5294,0.0001,0.4705
2159,ma ta9darsh net fi el lil hatta? kol yom ta7 el internet ba3d el mighreb,arabizi,,negatif,0.9855,0.9855,0.0008,0.0137
2160,"el 5edma behia, sadek yeheb topnet 3andou 7a9 walla",arabizi,,positif,0.9503,0.0496,0.0001,0.9503
2161,ana nchark 🙋 topnet yahebni barcha,arabizi,,positif,0.9955,0.0041,0.0004,0.9955
2162,hexabyte existe fi jiha mte3na wella topnet barka fi zone?,arabizi,,negatif,0.8063,0.8063,0.0004,0.1933
2163,"septembre et les pannes recommencent, c est tous les ans pareil",french,أيلول وبدأت العطلات من جديد، كل عام على نفس الشكل,positif,0.9617,0.0382,0.0001,0.9617
2164,"signal ta7el men 3 jours, chkoun y3aweni?",arabizi,,negatif,0.9981,0.9981,0.0002,0.0017
2165,"net ta7 men embar3h, chkoun y3awedni?",arabizi,,negatif,0.9962,0.9962,0.0002,0.0036
2166,"3andi mochkla IPv6 m3a el router ta3 topnet, support yji?",arabizi,,positif,0.9946,0.0047,0.0007,0.9946
2167,"@Amal Mrabet chof bch t3aref, connexion topnet behia fi zone mte3ek?",arabizi,,negatif,0.9249,0.9249,0.0008,0.0744
2168,"je participe, topnet yji yansa3ni fi haja 😄 inchallah",arabizi,,positif,0.99,0.0098,0.0002,0.99
2169,"facture zedou fiha w ma3raftech 3leh, chkoun y9darni y7el",arabizi,,negatif,0.9603,0.9603,0.0002,0.0395
2170,"installation ki jet bsurha, teknicien prof, 7amdella 3a topnet",arabizi,,positif,0.5269,0.4727,0.0004,0.5269
2171,hexabyte khir 3andik wella topnet? baghi nbedel mte3i,arabizi,,positif,0.6485,0.3487,0.0028,0.6485
2172,"facture ja 3aliya akther min el 3adi, chkoun y9darni y3awedni?",arabizi,,positif,0.9786,0.0212,0.0002,0.9786
2173,"chokran 3al teknicien l7elou w el sari3, weld 7lel barcha topnet",arabizi,,positif,0.9968,0.0031,0.0001,0.9968
2174,"connexion w9fet m3a zoom fi nos el ijtima3, walla kahrona barcha",arabizi,,negatif,0.6289,0.6289,0.0001,0.371
2175,"7amdella connexion behia fi ramadan had el 3am, merci",arabizi,,positif,0.9986,0.0013,0.0002,0.9986
2176,"smart home appareils ma yt9abblouch fi wifi ta3 topnet, kifech n7el?",arabizi,,neutre,0.9994,0.0002,0.9994,0.0004
2177,"DM m3aya please, mochkla fi facture w ma9darsh n7el online 3andi",arabizi,,neutre,0.9978,0.001,0.9978,0.0012
2178,"skhana w internet bata2, yezzi 3lina 😅 kifech",arabizi,,negatif,0.9951,0.9951,0.0001,0.0048
2179,"fi ramadan el net ta9ta3 kol lila, houma mch normal barcha",arabizi,,negatif,0.8812,0.8812,0.0001,0.1187
2180,"le technicien venu hier, le probleme est revenu aujourd hui",french,جاء الفني بالأمس، وعاد المشكلة اليوم,negatif,0.781,0.781,0.0143,0.2047
2181,"3andi 30 mega w youtube y9ta3 kol d9i9a, achkoun responsable",arabizi,,positif,0.9769,0.0228,0.0003,0.9769
2182,"envoye un email il y a 10 jours, toujours aucune reponse",french,أرسلت بريدًا إلكترونيًا منذ 10 أيام، ولا تزال هناك لا رد حتى الآن,neutre,0.9989,0.0005,0.9989,0.0006
2183,topnet ye5ddem 😄 chokran barcha,arabizi,,positif,0.9949,0.0051,0.0001,0.9949
2184,ماشي توبنت ❤️,arabic,,positif,0.9972,0.0027,0.0001,0.9972
2185,kifech n7ott el abonnement topnet fi esmi ana moch fi ism sahbi?,arabizi,,neutre,0.8912,0.0062,0.8912,0.1026
2186,@Amira Abidi winta sma3t 3al offre jedida ta3 topnet?,arabizi,,negatif,0.5186,0.5186,0.0006,0.4808
2187,"el router bda y7ammar barcha w el internet ta7, normal?",arabizi,,negatif,0.9654,0.9654,0.0007,0.034
2188,merci pour l upgrade automatique de ma ligne topnet,arabizi,,positif,0.9969,0.0027,0.0004,0.9969
2189,teknicien ji fi w9et w 7al el mochkla b sari3a weld 7lel,arabizi,,negatif,0.9406,0.9406,0.0001,0.0593
2190,"el ping 3andi 150ms fi jeux online, normal wella problem?",arabizi,,negatif,0.9872,0.9872,0.0004,0.0124
2191,barcha mriguel el installation w el teknik mte3kom,arabizi,,negatif,0.9724,0.9724,0.0001,0.0275
2192,"offre mte3i upgrade b nafs el prix, merci topnet 3al wafa haka",arabizi,,positif,0.9507,0.0491,0.0002,0.9507
2193,"جماعة ramadan w netflix yt9ta3 kol chwaya, chkoun?",arabizi,,negatif,0.9906,0.9906,0.0005,0.0089
2194,"el internet 3andi ta7 fi w9et el match, 7abbit nkaser el router",arabizi,,neutre,0.9995,0.0002,0.9995,0.0004
2195,"vitesse correcte le week-end, horrible en semaine, why topnet?",english,السرعة صحيحة في عطلة نهاية الأسبوع ، ومروعة في الأسبوع ، لماذا توب نت؟,positif,0.6909,0.3089,0.0002,0.6909
2196,"internet stable barcha 3andi, weld 7lel team topnet brabi",arabizi,,positif,0.9911,0.007,0.0019,0.9911
2197,"vacances et panne de 3 jours, topnet sma7lu please",arabizi,,positif,0.9835,0.0151,0.0014,0.9835
2198,"sma7lu 3aweduli bel contrat mte3i, baghi n3aref el details kol",arabizi,,neutre,0.9968,0.0015,0.9968,0.0017
2199,"el wifi 2.4G wella 5G, ashkoun khir lel streaming?",english,الواى فاى 2.4G ولا 5G، أى واحد أفضل للبث المباشر؟,neutre,0.9992,0.0002,0.9992,0.0006
2200,walla fi ramadan el wifi ta 9abel lhawa mte3 5ir,arabizi,,neutre,0.9993,0.0003,0.9993,0.0004
2201,comment limiter la bande passante pour certains appareils?,french,كيفية تقييد عرض النطاق الترددي لبعض الأجهزة؟,neutre,0.999,0.0002,0.999,0.0007
2202,kifech na3mel backup connexion m3a el 4G fi cas de panne topnet?,arabizi,,neutre,0.9993,0.0002,0.9993,0.0005
2203,"kol yom nafs el 7keya m3a topnet, coupure fi nafs el w9et tawa",arabizi,,neutre,0.9993,0.0002,0.9993,0.0004
2204,"vacances en famille et impossible de streamer, decu topnet",french,عطلة مع العائلة ولا أستطيع البث ، خيبة أمل توب نت,negatif,0.9136,0.9136,0.0004,0.086
2205,"ana nchark, walla ncharak barcha men el jou3 lel foum 😂",arabizi,,negatif,0.8691,0.8691,0.0001,0.1307
2206,ana fi el 9a3ba 😄 nchark w n3addi lel 9balha,arabizi,,positif,0.981,0.0188,0.0002,0.981
2207,mazal topnet fi el 7it 😂 zidou haka,arabizi,,negatif,0.8789,0.8789,0.0001,0.121
2208,comment bloquer certains sites sur le routeur pour les enfants?,french,كيفية حجب بعض المواقع على جهاز التوجيه للصغار؟,neutre,0.996,0.0014,0.996,0.0026
2209,كيفاش نربط طابعة لاسلكية بالراوتر تاع توبنت؟,arabic,,neutre,0.9995,0.0002,0.9995,0.0002
2210,topnet offre ete kifech? quelque chose de special pour les clients?,french,ماذا يقدم توب نت؟ هل هناك شيء خاص للعملاء؟,neutre,0.9059,0.0661,0.9059,0.028
2211,"el renta w el cours en ligne, net mte3i lazem yt7asen barcha",arabizi,,positif,0.7993,0.148,0.0527,0.7993
2212,3andi telephone yotlob reboot kol chwaya lel router mte3 topnet,arabizi,,positif,0.9672,0.0326,0.0002,0.9672
2213,@Omar Sfaxi kifech connexion mte3ek m3a topnet fi jiha mte3ek?,arabizi,,positif,0.7944,0.205,0.0005,0.7944
2214,"3andi teknicien ma ja fi el maw3id, kifech n3amel reclamation?",arabizi,,neutre,0.9996,0.0002,0.9996,0.0002
2215,cours en ligne bda w speed ta7 3la sifr 😩 topnet wesh,arabizi,,negatif,0.9753,0.9753,0.0001,0.0246
2216,"routeur ta5arrer fi el skhana, normal wella lazem nbeddel?",arabizi,,negatif,0.9517,0.9517,0.0002,0.0481
2217,kifech n9arreb tel5ar fi el router topnet?,arabizi,,neutre,0.9996,0.0002,0.9996,0.0003
2218,"el buffer youtube mazal bata2 m3a connexion 30 mega, azra9?",arabizi,,negatif,0.997,0.997,0.0001,0.0028
2219,"connexion stable barcha hatta fi ramadan, merci topnet",arabizi,,positif,0.9956,0.0043,0.0001,0.9956
2220,renta bdat w el net ta7 🙄 les enfants lhom cours en ligne,french,رنتا بدت و النت طاح 🙄 الأطفال لهم كورس اون لاين,positif,0.9791,0.0204,0.0005,0.9791
2221,walla topnet fi el jiha mte3na khir men kol les autres,arabizi,,positif,0.9847,0.0153,0.0001,0.9847
2222,"3andi mochkla fi el router, ynji wa7ed y3awedni urgent?",arabizi,,neutre,0.9994,0.0002,0.9994,0.0004
2223,@Moez Oueslati kifech connexion mte3ek m3a topnet fi jiha mte3ek?,arabizi,,positif,0.7505,0.2487,0.0008,0.7505
2224,kifech n3mel DMZ 3al router bech nel3ab online?,arabizi,,neutre,0.9995,0.0002,0.9995,0.0003
2225,من سنتين معكم وما عنديش شكاية الحمد لله يزيد,arabic,,positif,0.9971,0.0028,0.0001,0.9971
2226,كل عام وتوبنت بخير 🎊 شكرا على السنة المنقضية,arabic,,positif,0.9981,0.0018,0.0001,0.9981
2227,"sinal dha3if fi kol el blayes fil bra, kifech",arabizi,,negatif,0.7449,0.7449,0.0047,0.2503
2228,5edma 3echta walla 😄,arabizi,,positif,0.9958,0.0022,0.0019,0.9958
2229,"router ta3i yti9al barcha w yaxruj 3al wa7dou, normal?",arabizi,,negatif,0.9765,0.9765,0.0001,0.0234
2230,coupure chhoriya w kol marra ychekhlouna bel teknicien. kifech haka brabi?,arabizi,,negatif,0.5716,0.5716,0.0003,0.4281
2231,3andi offre 100 mega fibre w speed test ma ya3tich 15 mega. kifech haka? 3 chhor w nafs el mochkla barcha,arabizi,,negatif,0.9108,0.9108,0.0004,0.0888
2232,@Lobna Mbarki @Ghassen Chebbi @Manel Derbali ncharkaw yabani fi concours,arabizi,,neutre,0.9995,0.0003,0.9995,0.0003
2233,streaming مسلسلات رمضان بلا مشكل، شكرا توبنت ❤️,arabic,,positif,0.9977,0.0022,0.0001,0.9977
2234,participe avec plaisir 🎉 bonne chance tout le monde,french,مشاركة مع السعادة 🎉 удачи للجميع,positif,0.974,0.0032,0.0228,0.974
2235,ramadan mubarak lil team topnet 😊 w chokran 3al 5edma,arabizi,,positif,0.9987,0.0011,0.0002,0.9987
2236,"3andi 3 awled fi e-learning w connexion mch msawya, 7el",arabizi,,neutre,0.5651,0.0271,0.5651,0.4078
2237,@Naoufel Saidi jiha mte3ek 3andha fibre topnet?,arabizi,,neutre,0.9846,0.004,0.9846,0.0114
2238,3andi IP publique wella privee m3a topnet? el gaming yok5arni barcha,arabizi,,neutre,0.5509,0.0215,0.5509,0.4276
2239,الانترنت تاعكم ما تخدمش من الصباح كامل,arabic,,negatif,0.5147,0.5147,0.4714,0.014
2240,comment tester si c est le routeur ou la ligne le probleme?,french,كيف يمكن اختبار ما إذا كان المُشكلة في المُوجه أو في الخط؟,neutre,0.9391,0.04,0.9391,0.0209
2241,@Fares Abidi jiha mte3ek 3andha fibre topnet?,arabizi,,neutre,0.9986,0.0006,0.9986,0.0008
2242,en ramadan je telecharge des series et connexion ne suit pas,french,في رمضان أتحمل المسلسلات والاتصال لا يتبع,negatif,0.9349,0.9349,0.0012,0.0639
2243,الديبي تاعكم صفر وإنتوم تاخذوا فلوس كاملة,arabic,,negatif,0.9981,0.9981,0.0002,0.0017
2244,"wifi t9ta3 kol chwaya, 3andna cours en ligne!",arabizi,,positif,0.9686,0.0311,0.0003,0.9686
2245,"fin 2024 w merci topnet 3al kol, on continue 2025 inchallah",arabizi,,positif,0.9917,0.0082,0.0001,0.9917
2246,3andi facture mte3 2 chhor w ma9bartash n5alles online kifech?,arabizi,,neutre,0.9985,0.0006,0.9985,0.0008
2247,awledi yrabbou yit9arraw online w el connexion mch msawya,arabizi,,negatif,0.9909,0.9909,0.0001,0.009
2248,"5 ans de fidelite et toujours satisfait, bravo topnet",french,5 سنوات من الولاء و دائما راض ، برافو توب نت,positif,0.9985,0.0014,0.0001,0.9985
2249,الانترنت طاح من أمس الصبح وحتى الآن، رقم الخدمة مشغول باش,arabic,,neutre,0.5021,0.4865,0.5021,0.0114
2250,topnet ramadan mubarak lil entire team 🌙 chokran,arabizi,,positif,0.9985,0.0013,0.0001,0.9985
2251,merci topnet 3al upgrade gratuit mte3 el offre haka,arabizi,,positif,0.9428,0.057,0.0001,0.9428
2252,topnet coupure encore une fois 😩 sma7lu,french,توب نت قطع مره اخرى 😩 سمحلو,positif,0.9472,0.0527,0.0001,0.9472
2253,ما نجمش نحمّل أي حاجة، الديبي صفر من أمبارح,arabic,,negatif,0.9978,0.9978,0.0002,0.002
2254,"fi el sayf lazem tzid el vitesse, kol el 3ayla fi el dar",arabizi,,positif,0.8847,0.1009,0.0144,0.8847
2255,"@Ghassen Saidi ma tsma3 ken, badel topnet rah 😂",arabizi,,positif,0.6961,0.2905,0.0134,0.6961
2256,topnet baraka 😊 merci,arabizi,,positif,0.998,0.0018,0.0001,0.998
2257,les tickets de support restent ouverts sans reponse des semaines,french,تظل تذاكر الدعم مفتوحة بدون رد لأسابيع,negatif,0.9961,0.9961,0.0001,0.0038
2258,@Tarek Ferchichi @Habib Ferchichi @Chokri Bouazizi ncharkaw yabani fi concours,arabizi,,neutre,0.9994,0.0003,0.9994,0.0003
2259,"el renta w el 3oda lel khidma, lazem net stablet 7amdella",arabizi,,positif,0.7326,0.2654,0.002,0.7326
2260,fin d annee = bonne resolution: changer de FAI? 😂 nbeddel?,french,نهاية السنة = قرار جيد: تغيير مزود خدمة الإنترنت؟ 😂 نبدل؟,neutre,0.9901,0.0077,0.9901,0.0022
2261,bonne annee 2024 a toute l equipe topnet 🎊 merci barcha,arabizi,,positif,0.9974,0.0024,0.0001,0.9974
2262,kifech na3mel reclamation rasmiyet? 3andi 7a9 w baghi n3aref,arabizi,,neutre,0.9988,0.0006,0.9988,0.0006
2263,el internet ta7 fi 3andna kol 3chi w kol nas fi el dar online,arabizi,,neutre,0.9883,0.0087,0.9883,0.003
2264,"el awled fi el dar w kol wa7ad yel3ab online, ta7 el net",arabizi,,neutre,0.9988,0.0008,0.9988,0.0004
2265,bravo bravo bravo topnet!,arabizi,,positif,0.9983,0.0016,0.0001,0.9983
2266,"service client ma yredch, 3ayeth 10 marrات wkol marra ma7ad",arabizi,,negatif,0.9605,0.9605,0.0003,0.0392
2267,merci pour ce post topnet 😊,french,شكراً على هذا المنشور توب نت 😊,positif,0.9984,0.0014,0.0002,0.9984
2268,3andi gaming setup w ping mte3 topnet perfect 🎮 walla,arabizi,,positif,0.9978,0.002,0.0002,0.9978
2269,sayf w concours topnet 🙌 nchark yabani inchallah,arabizi,,neutre,0.912,0.0133,0.912,0.0747
2270,support yredch 3al email wella lazem n3ayeth tel barcha?,arabizi,,positif,0.9946,0.0051,0.0003,0.9946
2271,"jirani gheyar lil hexabyte w ma9alich mazel, ashkoun?",arabizi,,neutre,0.9742,0.0199,0.9742,0.006
2272,"yezzi comparaison, topnet yist7a9 wella nbeddel definitif?",arabizi,,positif,0.8616,0.1383,0.0001,0.8616
2273,"connexion parfaite pendant ramadan cette annee, merci topnet",french,اتصال مثالي خلال رمضان هذا العام، شكرا توب نت,positif,0.9985,0.0014,0.0001,0.9985
2274,el connexion mte3i batta2et mba3d el update,arabizi,,negatif,0.9717,0.9717,0.0001,0.0282
2275,"3 jours sans internet, le technicien ne vient toujours pas malgre les promesses",french,3 أيام بدون إنترنت، لا يزال الفني لم يأتي رغم الوعد,neutre,0.9375,0.0027,0.9375,0.0598
2276,"coupure 3andi men el jom3a, 3ayeth 10 marrات w ma7ad ja",arabizi,,positif,0.6844,0.314,0.0015,0.6844
2277,fibre optique w debit mte3 dial-up 🙄 shbik,arabizi,,positif,0.5278,0.472,0.0001,0.5278
2278,"connexion mte3kom ta7 b ba3d el 3acha kol yom, normal wella problem?",arabizi,,negatif,0.9974,0.9974,0.0001,0.0024
2279,"vitesse 1 mega fi offre 100 mega, bravo 🤣",arabizi,,positif,0.9975,0.0024,0.0001,0.9975
2280,"5 ans avec topnet, zidou haka 👏 ma nbeddlech jamais",arabizi,,positif,0.8806,0.1193,0.0001,0.8806
2281,"ana nchark, router jedid yzabbar 😎 bonne chance",english,أنا نشكر، روتر جديد يزبر 😎 bonne chance,positif,0.9984,0.0015,0.0001,0.9984
2282,router LED blinkat mara 7amra mara khadra w internet ta7 lhowa,arabizi,,positif,0.9887,0.0112,0.0001,0.9887
2283,encore une panne? vraiment serieux topnet?,french,عطل آخر؟ حقاً جاد топنت؟,neutre,0.9992,0.0003,0.9992,0.0004
2284,vraiment satisfait du service depuis 3 ans 👍 continue,french,ممتاز جداً بخدمة منذ 3 سنوات 👍 استمرار,positif,0.9986,0.0012,0.0001,0.9986
2285,"bravo 3al service, tkoul houma el khir barcha 👍",arabizi,,positif,0.9986,0.0013,0.0001,0.9986
2286,@Mariem Elloumi ncharkaw m3a b3adh fi el concours topnet 🎊,arabizi,,neutre,0.9994,0.0002,0.9994,0.0004
2287,en termes de stabilite topnet vs les autres FAI tunisiens?,french,من حيث الاستقرار ، توب نت مقابل باقي الشركات التونسية للإنترنت؟,positif,0.7449,0.2439,0.0112,0.7449
2288,@Bassem Hajlaoui ncharkaw m3a b3adh fi el concours topnet 🎊,arabizi,,neutre,0.9991,0.0002,0.9991,0.0007
2289,bon travail equipe topnet 💪,french,عمل جيد فريق توب نت 💪,positif,0.9987,0.0011,0.0002,0.9987
2290,bon courage l equipe topnet 💪,french,التوفيق للفريق توب نت 💪,positif,0.9984,0.0014,0.0001,0.9984
2291,"service apres-vente reactif, probleme resolu en 24h nickel",french,خدمة ما بعد البيع الفعال، مشكلة محلولة في غضون 24 ساعة nickel,positif,0.9504,0.0492,0.0004,0.9504
2292,ma nja9dar nshghel shi barnamej bisabbab el net el bati2,arabizi,,negatif,0.968,0.968,0.0002,0.0318
2293,debit 2 mega a 22h pour une offre 50 mega... rien a dire vraiment,french,سرعة 2 ميغا في الساعة 22 لتقديم 50 ميغا... لا يوجد شيء للقول حقًا,positif,0.5703,0.3168,0.1129,0.5703
2294,"installateur professionnel et rapide, je recommande topnet",french,مثبت محترف وسريع ، أنصح ب topnet,positif,0.9948,0.0052,0.0001,0.9948
2295,"el wifi ma yo9belch l telephone mte3i, ama el pc 5addem, kifech haka?",arabizi,,neutre,0.9975,0.0012,0.9975,0.0013
2296,3 ans topnet w baghi n3arf si khir nbeddel wella la,arabizi,,positif,0.9797,0.0202,0.0001,0.9797
2297,شكرًا توبنت على الباقة الجديدة، راضي برشا الحمد لله,arabic,,positif,0.9987,0.0011,0.0002,0.9987
2298,"net ta7 3andi fi el sayf, 3andna el awled fi el dar w kol wa7ad yest3mel el net, ta7 totalement",arabizi,,positif,0.926,0.0739,0.0001,0.926
2299,"fi weekend kol connexion ta7, fi workdays normal, ashkoun",arabizi,,negatif,0.9763,0.9763,0.0002,0.0235
2300,"topnet s7aba w mriguel, nbeddel? 7asha walla barcha",arabizi,,positif,0.9449,0.055,0.0001,0.9449
2301,"bech n5alli el router fi el etage el 3ali, mchkla fi sinal?",arabizi,,neutre,0.9997,0.0001,0.9997,0.0002
2302,3andi topnet men 7 snin w mazal mchi barcha mriguel,arabizi,,positif,0.9743,0.0255,0.0002,0.9743
2303,ma9dar nba3ath email min el dar bisabbab el connexion el bati2a,arabizi,,negatif,0.6842,0.6842,0.0026,0.3133
2304,comment savoir si la fibre est disponible dans ma zone?,arabizi,,negatif,0.82,0.82,0.0008,0.1793
2305,"formation en ligne w connexion ta7, ya topnet sma7li",arabizi,,positif,0.9946,0.0053,0.0001,0.9946
2306,"mriguel walla, prix w vitesse, nsa7 biha lkol",arabizi,,positif,0.9933,0.0066,0.0001,0.9933
2307,topnet offre sayf kifech? ya3tina booster fi les vacances?,arabizi,,positif,0.5784,0.4215,0.0001,0.5784
2308,"offre ta3kom khir men el concurrence, baraka 3likom",arabizi,,positif,0.9723,0.0275,0.0002,0.9723
2309,les 20 premiers Go a pleine vitesse puis throttling total haka,english,الأولى 20 جو بسرعة كاملة ثم خنق كامل هاكا,positif,0.9722,0.0276,0.0002,0.9722
2310,"@Rami Saidi chof bch t3aref, connexion topnet behia fi zone mte3ek?",arabizi,,neutre,0.9986,0.0005,0.9986,0.0009
2311,"el DNS ta3 topnet bati2, kifech nbeddel lel Google DNS 8.8.8.8?",arabizi,,positif,0.5566,0.4404,0.003,0.5566
2312,router ta3 topnet y9bal IPv6 wella IPv4 barka kima TT?,arabizi,,positif,0.8673,0.1283,0.0044,0.8673
2313,وصل التقني ومشى وزاد مشكلة ثانية، هذي خدمة واش؟,arabic,,neutre,0.9538,0.0373,0.9538,0.0088
2314,chkoun yji yarkeb livebox jedida? mte3ti kharbet totalement,arabizi,,positif,0.9966,0.003,0.0004,0.9966
2315,"bonne annee a tout l equipe topnet, continuez comme ca 👍",french,سنة سعيدة لجميع فريق توب نت، استمروا هكذا 👍,positif,0.9987,0.0011,0.0002,0.9987
2316,كيفاش نحوّل من ADSL للفايبر؟ هل الثمن يختلف برشا؟,arabic,,negatif,0.9973,0.9973,0.0002,0.0026
2317,el internet ta7 w ana nkhabbej lil 😒,arabizi,,negatif,0.9964,0.9964,0.0001,0.0035
2318,"fi ramadan lazem tzidou el capacite, barcha 3ibad fi el dar",arabizi,,positif,0.9523,0.0476,0.0001,0.9523
2319,"DM m3aya please bech n7el el mochkla mte3i, urgent barcha",arabizi,,neutre,0.9993,0.0003,0.9993,0.0004
2320,ooredoo homeNet khir men topnet? rana nchawiraw fi el 7ay,arabizi,,negatif,0.9126,0.9126,0.0001,0.0873
2321,je partage et je participe ✌️ bonne chance a tous,french,أشارك وأساهم ✌️ موفقين جميعًا,positif,0.9971,0.0027,0.0002,0.9971
2322,el internet ma5demch walla kchibek ya topnet,arabizi,,negatif,0.9228,0.9228,0.0001,0.0771
2323,"topnet rentree, upgrade possible pour les familles nombreuses?",french,توب نت عودة، هل يمكن الترقية للعائلات الكبيرة؟,positif,0.9826,0.0172,0.0002,0.9826
2324,el routeur bda ya3ti error light rouge depuis ce matin lhowa,arabizi,,negatif,0.7694,0.7694,0.0001,0.2305
2325,"@Ghassen Slama chof bch t3aref, connexion topnet behia fi zone mte3ek?",arabizi,,negatif,0.874,0.874,0.0006,0.1254
2326,les cours en distanciel ont recommence et topnet est en panne,french,استأنفت الدروس عن بعد و توب نت معطلة,negatif,0.9949,0.9949,0.0001,0.005
2327,ma 3adech na9der na3mel video call m3a familia fi el 5arij,arabizi,,neutre,0.689,0.0479,0.689,0.2632
2328,"j hesite entre topnet fibre et ooredoo homeNet, aide?",arabizi,,positif,0.926,0.0513,0.0227,0.926
2329,يتهنى الاتصال يقطع وما نعرفش شبيه، عندي livebox جديدة,arabic,,neutre,0.9979,0.0002,0.9979,0.0018
2330,@Hana Jouini ncharkaw m3a b3adh fi el concours topnet 🎊,arabizi,,positif,0.9905,0.0082,0.0013,0.9905
2331,"technicien prevu ce matin, il est 18h, personne n est venu",french,فني مخطط له هذا الصباح، الآن الساعة 6 مساء، لم يأت أحد,neutre,0.9994,0.0003,0.9994,0.0004
2332,"fin de l annee, j espere une meilleure offre pour janvier",french,نهاية العام، آمل عرضًا أفضل لشهر يناير,neutre,0.5959,0.0303,0.5959,0.3737
2333,"teknicien ji w 7al el mochkla fi w9et mri9, weld 7lel",arabizi,,negatif,0.6884,0.6884,0.0001,0.3115
2334,"nchark yabani, router ta3i ta5arrer w lazem jedid",arabizi,,neutre,0.9992,0.0004,0.9992,0.0004
2335,"fin d annee, j espere une migration vers la fibre en 2025",french,نهاية العام، آمل في هجرة إلى التوصيل بالفايبر في عام 2025,neutre,0.9942,0.0013,0.9942,0.0045
2336,"vitesse behia, prix mriguel, kol chay normal 7amdella",arabizi,,positif,0.9947,0.0052,0.0001,0.9947
2337,"topnet ma3nich depuis el bacha, walla mnich nabdel 7ata",arabizi,,negatif,0.9707,0.9707,0.0001,0.0293
2338,speed test ta3 5 mega fi fibre 100 mega 😂,arabizi,,positif,0.9362,0.0635,0.0003,0.9362
2339,"sohour w streaming w connexion, kol chay tamam 😊",arabizi,,positif,0.9949,0.005,0.0001,0.9949
2340,comment activer le controle parental sur la Livebox?,french,كيف يتم تفعيل التحكم الأبوي على لايف بوكس؟,neutre,0.9992,0.0002,0.9992,0.0006
2341,cool 😎 topnet khir,english,رائع 😎 توب نت خير,positif,0.9985,0.0013,0.0001,0.9985
2342,من أمبارح نت تاعكم طاح، اتصلت بـ service client 20 دقيقة وما حدش رد. هذي خدمة؟,arabic,,neutre,0.9873,0.0116,0.9873,0.0012
2343,"sma7lu chkoun fi el teknik, mochkla fi el cable el barra",arabizi,,negatif,0.956,0.956,0.0356,0.0084
2344,"voisins ont topnet aussi, tout le monde en panne depuis hier",french,جيراننا تعطلت خدمة الإنترنت لديهم أيضا، الجميع مقطوع عن الإنترنت منذ الأمس,neutre,0.9951,0.0032,0.9951,0.0017
2345,كيفاش نعرف إذا الخط متاعي مشفوط من برا؟,arabic,,negatif,0.931,0.931,0.0021,0.067
2346,numeros topnet yjawbou fi heures ouvrables barka wella?,arabizi,,positif,0.9403,0.0596,0.0001,0.9403
2347,@Fares Karoui kifech connexion mte3ek m3a topnet fi jiha mte3ek?,arabizi,,positif,0.7649,0.2349,0.0002,0.7649
2348,@Rawdha Hmida jiha mte3ek 3andha fibre topnet?,arabizi,,neutre,0.9976,0.001,0.9976,0.0014
2349,"fi el jiha mte3na topnet fibre jet bsurha, merci barcha",arabizi,,positif,0.9954,0.0045,0.0001,0.9954
2350,"ana nchark berk, topnet el best 💪 inchallah narbah",arabizi,,positif,0.9979,0.002,0.0001,0.9979
2351,"el MTU mte3 topnet, men ya7sen 3alih wella lazem n7abbsu?",arabizi,,positif,0.8143,0.1841,0.0015,0.8143
2352,mriguel walla topnet,arabizi,,positif,0.9789,0.021,0.0001,0.9789
2353,mriguel topnet walla,english,مريغويل توبنيت والا,positif,0.8157,0.1838,0.0005,0.8157
2354,ma9dar nkhammem kifech jiha kamilet b coupure kol yom 3andna,arabizi,,negatif,0.9238,0.9238,0.0004,0.0758
2355,"topnet fi les quartiers populaires ma5dimesh, w fi les zones VIP 5edma. walla haka 3edla?",arabizi,,positif,0.9854,0.0145,0.0001,0.9854
2356,"debit mte3 50 mega w speed test ya3tini 8 mega, haka topnet?",arabizi,,negatif,0.8945,0.8945,0.0001,0.1054
2357,TT 3andha fibre fi zone mte3i wella la? baghi na3ref,arabizi,,neutre,0.4959,0.0787,0.4959,0.4254
2358,"ramadan w el connexion batta2, tariki9a fi sayf w fi sheta",arabizi,,negatif,0.9872,0.9872,0.0001,0.0127
2359,comment mettre en place un reseau invite sur le routeur?,french,كيفية وضع شبكة دعوة على الموجه؟,neutre,0.9982,0.0007,0.9982,0.0011
2360,"teknicien wa3adni bel ji fi es-sba7 w ja fi l3chiya, barcha w9et",arabizi,,positif,0.9365,0.0634,0.0001,0.9365
2361,kifech n3aref itha fi panne 3amma fi el mantiqa mte3i topnet?,arabizi,,neutre,0.9995,0.0003,0.9995,0.0003
2362,"el 4G ta3 telephone khir men el wifi ta3 topnet 3andi, chbik",arabizi,,neutre,0.9991,0.0003,0.9991,0.0005
2363,"service client 3awedni sari3, chokran 🙏 weld 7lel",arabizi,,positif,0.9875,0.0114,0.0011,0.9875
2364,kifech nbeddel el offre? ma njamet na3mel 7ata 7aja mel site,arabizi,,negatif,0.8466,0.8466,0.0014,0.152
2365,comment configurer le DNS manuellement sur la Livebox topnet?,french,كيفية تكوين DNS يدويا على Livebox topnet؟,neutre,0.999,0.0003,0.999,0.0007
2366,"teknicien venu il y a 5 jours, mochkla mazalha baraka haka",arabizi,,positif,0.961,0.0388,0.0001,0.961
2367,"men sna m3a topnet w ma t3ataltch wala yom, bravo continue",arabizi,,positif,0.9952,0.0047,0.0001,0.9952
2368,"el internet ta7 fi 3andna kol el 7ay, chkoun fi 9istek topnet?",arabizi,,negatif,0.9788,0.9788,0.0002,0.0211
2369,mazel topnet 💪 zidou,arabizi,,positif,0.9887,0.0112,0.0001,0.9887
2370,nchark bech narbah w nbi3 el router 3al souk 🤣 bl7el,arabizi,,neutre,0.9925,0.0022,0.9925,0.0054
2371,عام جديد والإنترنت ما تحسنش 😔 يزي برشا topnet,arabic,,negatif,0.9873,0.9873,0.0007,0.012
2372,👌 parfait topnet,french,👌 مثالي توب نت,positif,0.9969,0.003,0.0001,0.9969
2373,رمضان ما نجمش نشوف بث مباشر، ديبي صفر هكا,arabic,,negatif,0.9796,0.9796,0.0018,0.0186
2374,el router ta3 topnet yti7 fi sleep mode wella la?,arabizi,,negatif,0.9228,0.9228,0.0001,0.0771
2375,كيفاش نفعّل UPnP في الراوتر تاع توبنت؟,arabic,,neutre,0.9994,0.0002,0.9994,0.0004
2376,ramadan booster offert par topnet? je veux activer svp,french,رمضان بوستر من طوب نت؟ أريد تفعيل من فضلك,neutre,0.6768,0.2876,0.6768,0.0356
2377,"connexion behia fi el 3ach w el nahew, kol w9et 7amdella",arabizi,,positif,0.9855,0.0145,0.0001,0.9855
2378,"@Bassem Khemiri chof bch t3aref, connexion topnet behia fi zone mte3ek?",arabizi,,negatif,0.5505,0.5505,0.0012,0.4483
2379,"bati2 barcha net ta3kom, ma ta9darsh tchouf video",arabizi,,negatif,0.992,0.992,0.0001,0.008
2380,يزي الصيف والحر، زيدو الإنترنت تاعنا باش نصبروا 😂,arabic,,negatif,0.9907,0.9907,0.0002,0.0091
2381,"fi sayf el5adhem el internet ta7 kol 3achi, normal haka?",arabizi,,neutre,0.9794,0.0185,0.9794,0.0021
2382,kifech n3adel el channel fi el router topnet mte3i?,arabizi,,neutre,0.9996,0.0002,0.9996,0.0003
2383,"router ja mo5arrab men el boit, kifech n3awedh mte3 topnet?",arabizi,,positif,0.4124,0.2059,0.3817,0.4124
2384,el best fi bled 🏆 topnet,arabizi,,positif,0.9978,0.0022,0.0001,0.9978
2385,nchark bech narbah w n3mel 3id lel internet 😂,arabizi,,neutre,0.9994,0.0002,0.9994,0.0005
2386,"kol yom nafs el hekaya, coupure w brak",arabizi,,neutre,0.9881,0.0042,0.9881,0.0077
2387,comment configurer un VPN avec topnet fibre?,french,كيفية تكوين VPN مع توب نت فايبر؟,neutre,0.9994,0.0002,0.9994,0.0004
2388,"connexion parfaite le matin catastrophique le soir, pourquoi?",french,اتصال مثالي في الصباح وكارثي في المساء، لماذا؟,positif,0.9942,0.0057,0.0001,0.9942
2389,el sayf bda w el connexion bata2et 3la toul 😒 topnet,french,السيّف بدا والاتصال انقطع عن طول 😒 توب نت,negatif,0.9938,0.9938,0.0002,0.006
2390,topnet offre fin d annee? quelque chose de special?,french,ماذا يقدم توب نت في نهاية العام؟ هل هناك شيء خاص؟,neutre,0.9786,0.0144,0.9786,0.007
2391,@Amira Sfaxi @Walid Abidi @Cyrine Louhichi ncharkaw yabani fi concours,arabizi,,neutre,0.9983,0.0005,0.9983,0.0012
2392,rentree et le wifi sature avec tous les enfants en ligne,french,العودة إلى المدرسة وشبكة الواي فاي مشبعة مع جميع الأطفال على الإنترنت,positif,0.9964,0.0031,0.0005,0.9964
2393,bata2a bata2a bata2a... depuis 2 semaines connexion tombe tous les soirs a partir de 22h. c est insupportable,french,بتا بتا بتا... منذ أسبوعين الانترنت يتقطع كل ليلة بدءا من الساعة 10 مساء. هذا أمر غير محتمل,negatif,0.6238,0.6238,0.3553,0.0209
2394,merci pour l info utile,arabizi,,positif,0.9873,0.0108,0.002,0.9873
2395,demande de resiliation depuis 2 mois et toujours facture,french,طلب إلغاء منذ شهرين ولا تزال الفاتورة قائمة,negatif,0.5652,0.5652,0.4229,0.0119
2396,service client yaaa 😒 yenhaou ya3 yreddou 3al nas,arabizi,,negatif,0.9979,0.9979,0.0002,0.0019
2397,chkoun y3awedni bil facture? zedou 3liya w ma3reftech leh,arabizi,,positif,0.8644,0.1351,0.0005,0.8644
2398,الدخول المدرسي والإنترنت قاطع، الأولاد عندهم كورسات أونلاين,arabic,,neutre,0.8364,0.0946,0.8364,0.069
2399,ramadan kareem w in chaa allah el connexion tzid behia 🤲,arabizi,,positif,0.9979,0.002,0.0001,0.9979
2400,el ligne ADSL mte3i tit7awwal lel fibre automatiquement?,arabizi,,negatif,0.9846,0.9846,0.0001,0.0152
2401,"TT w hexabyte ghadyaw fi zone mte3i, topnet kifech?",arabizi,,negatif,0.7267,0.7267,0.0007,0.2727
2402,kifech nwaqaf el abonnement mte3i? baghi nbedel lel concurrence,arabizi,,neutre,0.9993,0.0002,0.9993,0.0005
2403,comment changer mon offre sans passer par une agence physique?,french,كيف أغيّر عرضي بدون المرور من خلال وكالة مادية؟,neutre,0.9994,0.0002,0.9994,0.0003
2404,"ya topnet, ramadan w el connexion batta2et, sma7li ❤️",arabizi,,positif,0.9818,0.0181,0.0001,0.9818
2405,"speed test ya3tini 30 mega 3al tel w 5 mega 3al pc, normal?",arabizi,,negatif,0.5482,0.5482,0.0001,0.4517
2406,"ooredoo homeNet vs topnet fibre, experience de quelqu un?",french,أوريدو هوم نت مقابل توب نت فايبر، هل لديك تجربة؟,neutre,0.9788,0.0076,0.9788,0.0136
2407,topnet ysmah bil port forwarding lel gaming?,english,هل يسمح توبنيت بالتوجيه الآلي للبروتوكولات عبر منفذ الشبكة للعبة؟,neutre,0.9996,0.0002,0.9996,0.0003
2408,el routeur ta3 topnet compatible m3a repeteur WiFi 6?,arabizi,,neutre,0.9978,0.0007,0.9978,0.0015
2409,"ramadan w el kids yfarrjou cartoons, connexion ta9ta3 kol ma",arabizi,,positif,0.9506,0.0494,0.0001,0.9506
2410,"@Dhouha Derbali ma tsma3 ken, badel topnet rah 😂",arabizi,,negatif,0.7668,0.7668,0.0004,0.2328
2411,"ping 9bal barcha, ma9dar nel3ab online walla",arabizi,,neutre,0.9988,0.0005,0.9988,0.0008
2412,decembre w el offres jedida kifech? baghi nbedel inchallah,arabizi,,positif,0.9575,0.0421,0.0004,0.9575
2413,"TT fibre commercialisee dans mon secteur, je pars topnet?",french,TT الألياف التجارية في قطاعي ، أذهب إلى توب نت؟,neutre,0.9975,0.0007,0.9975,0.0018
2414,el IP ta3i public wella private m3a topnet?,arabizi,,neutre,0.4802,0.2078,0.4802,0.3121
2415,"walla topnet khir, mazalha t5dem 3andi men 5 snin 7amdella",arabizi,,positif,0.9093,0.0906,0.0001,0.9093
2416,topnet w ana fi 3echqi 🌹 j/k walla 😂,arabizi,,positif,0.953,0.0469,0.0001,0.953
2417,صيف وكل العيلة في الدار يستعملوا الواي فاي، قطع كل شوية,arabic,,neutre,0.4134,0.1988,0.4134,0.3877
2418,comparaison prix topnet vs ooredoo quelqu un peut m aider?,french,مقارنة الأسعار توب نت مقابل أوريدو، هل يمكن لشخص ما مساعدتي؟,neutre,0.9956,0.0017,0.9956,0.0027
2419,le technicien est venu mais n a pas resolu le probleme du tout,french,جاء الفني لكنه لم يحل المشكلة على الإطلاق,neutre,0.6518,0.192,0.6518,0.1562
2420,topnet el best fi bled 💪,arabizi,,positif,0.9975,0.0024,0.0001,0.9975
2421,"agence topnet fermee samedi apres-midi, c est normal haka?",english,وكالة توب نت مغلقة يوم السبت بعد الظهر، هل هذا طبيعي هاكا؟,negatif,0.9808,0.9808,0.0009,0.0183
2422,kifech n3aref l etat mte3 matlabi fi le systeme mte3kom?,arabizi,,neutre,0.5853,0.3633,0.5853,0.0514
2423,fi el lil ta3 ramadan kol wa7ad yfarrej w connexion mch msawya,arabizi,,negatif,0.9762,0.9762,0.0001,0.0237
2424,@Brahim Turki @Maroua Jomni ncharkaw fi el concours topnet,arabizi,,neutre,0.9995,0.0002,0.9995,0.0003
2425,"renta 2024 w internet bata2, tawa ch3end haka topnet?",arabizi,,neutre,0.6691,0.139,0.6691,0.1919
2426,"router ta3i ya3ti signal ama ma3adech internet, kifech haka?",arabizi,,negatif,0.8806,0.8806,0.0177,0.1017
2427,"el teknicien ji w 9al mochkla fi el bra, ba3da ma ja 7ata",arabizi,,negatif,0.8492,0.8492,0.0009,0.1498
2428,topnet wallahy el connexion ta3kom mch msawya du tout fi jiha mte3na,arabizi,,negatif,0.6385,0.6385,0.0001,0.3614
2429,el yom nchaf el difference ba3d el migration lel fibre,arabizi,,neutre,0.9995,0.0001,0.9995,0.0003
2430,fama mesh network compatible m3a el router ta3 topnet wella la?,arabizi,,positif,0.8228,0.1658,0.0114,0.8228
2431,رمضان وانقطاع إنترنت، هذي عادة كل سنة 😒 topnet,arabic,,negatif,0.9921,0.9921,0.0002,0.0077
2432,عندي توبنت من 4 سنين وما بدّلتش، خدمتهم باهية وكاملة,arabic,,positif,0.9985,0.0013,0.0002,0.9985
2433,"3andi coupure kol 3 heures exactement, weird wella normal haka?",arabizi,,positif,0.97,0.0297,0.0003,0.97
2434,"fin 2023 w connexion mazalha bata2, in chaa allah 2024 khir",arabizi,,positif,0.9303,0.0697,0.0001,0.9303
2435,@Lobna Belhaj ncharkaw m3a b3adh fi el concours topnet 🎊,arabizi,,neutre,0.9988,0.0003,0.9988,0.0009
2436,رمضان وبدا الإنترنت يقطع كل نص ساعة. الوالدين تبعكم يحكوا على الـ streaming وكل مرة يقطع,arabic,,negatif,0.9895,0.9895,0.0023,0.0082
2437,"topnet khyyar el 3am el jedid, zidou barcha fi el khedma mte3kom",arabizi,,negatif,0.9475,0.9475,0.0001,0.0524
2438,kifech n3aref el vitesse el 7a9i9iya mte3 connexion mte3i?,arabizi,,neutre,0.9994,0.0003,0.9994,0.0004
2439,"fi laylat el qadr ta9ta3 el internet, sign wella? 😂",arabizi,,neutre,0.9921,0.0054,0.9921,0.0025
2440,"internet ta7 w 3andi presentation en ligne bachra, please topnet",arabizi,,positif,0.9869,0.0128,0.0003,0.9869
2441,"el internet 3andi ma5demch men 2 jours, 3ayeth service client ma7ad redd 😤",arabizi,,neutre,0.7605,0.2154,0.7605,0.0241
2442,@Amira Miled @Hassen Ayari @Aziz Elloumi ncharkaw yabani fi concours,arabizi,,neutre,0.9771,0.0042,0.9771,0.0187
2443,bonne annee et meilleure connexion pour 2025 😄 inchallah,arabizi,,positif,0.9987,0.0012,0.0002,0.9987
2444,"decembre w les kids yel3bow games, connexion ta7 kol yom",arabizi,,negatif,0.6867,0.6867,0.0001,0.3132
2445,kifech n7assel 3la facture detaillee fi el application?,arabizi,,neutre,0.9996,0.0002,0.9996,0.0002
2446,streaming foot en direct coupe au moment du but 😡 topnet wesh,arabizi,,negatif,0.9961,0.9961,0.0001,0.0038
2447,connexion instable depuis une semaine complete,french,اتصال غير مستقر منذ أسبوع كامل,neutre,0.9978,0.0008,0.9978,0.0015
2448,"hawa el sayf bda, w el coupures bdaw baraka 😤",arabizi,,negatif,0.9868,0.9868,0.0001,0.0131
2449,"mon fils a cours a 8h, connexion tombe a 7h30, kol yom haka",arabizi,,positif,0.958,0.0419,0.0001,0.958
2450,@Ghassen Haddad winta t5addem topnet wella la?,arabizi,,negatif,0.9526,0.9526,0.0002,0.0472
2451,"3andi 2 telephones connectes, l un a internet l autre non, azra9?",arabizi,,negatif,0.9578,0.9578,0.0001,0.0421
2452,comment reinitialiser le routeur topnet sans perdre la config?,french,كيفية إعادة تعيين جهاز التوجيه Topnet بدون فقدان الإعدادات؟,neutre,0.9995,0.0002,0.9995,0.0003
2453,connexion mte3 topnet bata2 barcha fi heure de pointe kol yom,arabizi,,negatif,0.9691,0.9691,0.0001,0.0308
2454,fibre installee depuis 3 mois et ca coupe chaque semaine exactement,french,تثبيت الألياف منذ 3 أشهر وتتقطع كل أسبوع بالضبط,neutre,0.9981,0.0006,0.9981,0.0013
2455,"net mte3i ma5demch men el s7a7, chbikom",arabizi,,negatif,0.9941,0.9941,0.0002,0.0058
2456,ramadan w concours topnet 🎊 nchark inchallah,arabizi,,positif,0.9979,0.002,0.0001,0.9979
2457,"connexion 3andi fi l etage w fi el bra, kol chay behia",arabizi,,positif,0.9899,0.0095,0.0007,0.9899
2458,j ai change pour topnet et c est le meilleur choix fait,french,قمت بالتحويل إلى توب نت وأنه أفضل اختيار قمت به,positif,0.9977,0.0022,0.0001,0.9977
2459,رمضان كريم، يا رب الإنترنت ما يقطعش في المسلسلات 🙏,arabic,,positif,0.9956,0.004,0.0004,0.9956
2460,@Olfa Louhichi ncharkaw m3a b3adh fi el concours topnet 🎊,arabizi,,neutre,0.9995,0.0002,0.9995,0.0004
2461,"debit ok sur le cable catastrophique en wifi, c est le routeur?",french,السرعة الجيدة على الكابل الكارثي في الواي فاي، هل هو الموجه؟,positif,0.8274,0.0179,0.1547,0.8274
2462,fi el lil ta3 ramadan kol nas yfarrej w el net ta9ta3,arabizi,,negatif,0.954,0.954,0.0004,0.0456
2463,"el router ya3ti sinal ama internet ma5demch, el probleme fi chkoun?",arabizi,,negatif,0.9844,0.9844,0.0003,0.0153
2464,"ma9dar na3mel call zoom b sawa, connexion mch msawya du tout",arabizi,,negatif,0.982,0.982,0.0001,0.0179
2465,topnet fam 💪 zidou haka,arabizi,,positif,0.9855,0.0144,0.0001,0.9855
2466,"le service client met 45 min a repondre, c est acceptable?",french,يستغرق خدمة العملاء 45 دقيقة للإجابة، هل هذا مقبول؟,neutre,0.9978,0.001,0.9978,0.0012
2467,مسلسلات رمضان والانترنت بطيء، يا ربي يصبر 😔,arabic,,negatif,0.9953,0.9953,0.0009,0.0038
2468,"coupure fi ramadan, walla haka 7ram brabi",arabizi,,negatif,0.7172,0.7172,0.0006,0.2822
2469,kifech n5addem IPTV m3a el abonnement mte3i?,arabizi,,neutre,0.9993,0.0002,0.9993,0.0005
2470,"fi el sayf el reseau surcharge, comprehensible mais bon",arabizi,,negatif,0.7579,0.7579,0.0002,0.2419
2471,سنة ونص مع توبنت والإنترنت قاطع كل نهار 😤 kifech,arabic,,neutre,0.8449,0.146,0.8449,0.0091
2472,"kol chay mriguel 3andi, w el ping behia lil le3b online 🎮",arabizi,,neutre,0.9995,0.0002,0.9995,0.0003
2473,"contrat 2 ans signe, peux-je changer d offre avant terme?",french,عقد لمدة 2 سنة تم التوقيع عليه، هل يمكنني تغيير العرض قبل انتهاء المدة؟,neutre,0.9951,0.0026,0.9951,0.0023
2474,kol ma yji 3id wella mnasbat ta7 el net... coincidence topnet?,arabizi,,positif,0.5344,0.4655,0.0002,0.5344
2475,"3andi repeteur wifi w ma5demch m3a livebox topnet, kifech?",arabizi,,neutre,0.9996,0.0001,0.9996,0.0003
2476,telechargement a 200ko/s pour une offre 50 mega... c est normal??,french,تحميل بسرعة 200 كيلو بايت في الثانية لتقديم 50 ميغا... هل هذا طبيعي؟؟,neutre,0.9888,0.0042,0.9888,0.007
2477,"offre fibre optique ta7set walla, yaatikom essa7a",arabizi,,negatif,0.9559,0.9559,0.0001,0.0441
2478,"support chat reactif, resolu en 30 min, bravo topnet",english,دعم دردشة تفاعلية، تم حلها في 30 دقيقة، مبروك توب نت,positif,0.9856,0.0074,0.007,0.9856
2479,"streaming behia fi ramadan, merci topnet 😊 7amdella",arabizi,,positif,0.9979,0.002,0.0001,0.9979
2480,el awled yel3bow online w el ping 9bal barcha fi sayf,arabizi,,neutre,0.9992,0.0003,0.9992,0.0005
2481,"toujours la pour les concours, bonne chance a tous 🎊",french,دائماً موجودون للمسابقات، تمنياتي بالتوفيق للجميع 🎊,positif,0.9985,0.0014,0.0001,0.9985
2482,"connexion mte3i ta7et totalement depuis hier 3 sba7, 3ayeth service client ma7ad jawa, w ba3dha trk",arabizi,,positif,0.8388,0.161,0.0002,0.8388
2483,internet topnet la plus stable que j aie eue en Tunisie,french,إنترنت توب نت الأكثر استقراراً الذي حظيت به في تونس,positif,0.9963,0.0036,0.0001,0.9963
2484,نصف ليل والإنترنت طاح وعندي deadline بكرا 😩,arabic,,neutre,0.9944,0.003,0.9944,0.0027
2485,"merci topnet 3al offre jedida, prix mriguel barcha 👍",arabizi,,positif,0.9966,0.0033,0.0001,0.9966
2486,abonnement mte3i ma7adhef w mazal ma reddouli flusi 3 chhor,arabizi,,negatif,0.8426,0.8426,0.0005,0.1569
2487,"je viens de migrer vers la fibre topnet, vraiment content",french,لقد انتقلت للتو إلى توب نت بالفايبر ، حقا راضي,positif,0.9771,0.0226,0.0003,0.9771
2488,installation rapide et technicien sympa et professionnel 😊,french,تركيب سريع وفني لطيف ومحترف 😊,positif,0.9967,0.0032,0.0001,0.9967
2489,"le debit promis dans le contrat n est pas respecte, recours?",french,المدفوعات المpromis في العقد لم يتم احترامها، ما هي الإجراءات؟,neutre,0.9988,0.0007,0.9988,0.0005
2490,"sayf w streaming netflix ta5arrbet, topnet wesh haka",arabizi,,neutre,0.9988,0.0008,0.9988,0.0004
2491,الصيف وكل الأولاد يلعبوا أونلاين، الديبي صفر walla,arabic,,negatif,0.8348,0.8348,0.0004,0.1649
2492,"excellent rapport qualite/prix, je recommande topnet",french,علاقة ممتازة بين الجودة والسعر، أنصح ب topnet,positif,0.9967,0.0032,0.0001,0.9967
2493,weldek topnet 😊 baraka,arabizi,,positif,0.9957,0.0042,0.0001,0.9957
2494,l application topnet pratique barcha pour gerer abonnement,arabizi,,neutre,0.9952,0.0004,0.9952,0.0045
2495,"portee du wifi limitee, puis-je ajouter un repeteur?",french,مدى واي فاي محدود، هل يمكنني إضافة جهاز تكرار؟,neutre,0.9996,0.0002,0.9996,0.0002
2496,"bonjour, comment resilier mon abonnement svp?",french,مرحبا، كيف يمكنني إلغاء اشتراكي من فضلك؟,neutre,0.9991,0.0002,0.9991,0.0007
2497,"bonne annee 2025, in chaa allah connexion behia lkol",english,سنة سعيدة ٢٠٢٥، إن شاء الله الاتصال بحياة كلها,positif,0.9982,0.0016,0.0002,0.9982
2498,"fibre topnet dans mon quartier depuis 6 mois, content barcha",arabizi,,positif,0.8862,0.1124,0.0014,0.8862
2499,walla barcha 9alb 9alb 😂 topnet,arabizi,,positif,0.8765,0.1234,0.0002,0.8765
2500,يزي ثلاثة أيام بلا نت، أعطوني موعد ومحدش جا عندي,arabic,,negatif,0.548,0.548,0.4069,0.0451
2501,شكرًا على التقني الكريم اللي جا وحل المشكلة بسرعة,arabic,,positif,0.9983,0.0013,0.0003,0.9983
2502,كيفاش نغير الباسووورد تاع الواي فاي من الإعدادات؟,arabic,,neutre,0.9995,0.0002,0.9995,0.0003
2503,5edma mte3 topnet khir men el concurrence fi 7aytna,arabizi,,positif,0.9944,0.0055,0.0001,0.9944
2504,chkoun fi el service client ynji y3awedni fi el mnihla?,arabizi,,neutre,0.9988,0.0003,0.9988,0.0008
2505,"topnet zidou haka, khir men barcha fi el concurrence",arabizi,,positif,0.9956,0.0043,0.0001,0.9956
2506,"topnet w concours, toujours present 🏆 merci",french,توبنيت وكونكور، دائما حاضر 🏆 شكرا,positif,0.9985,0.0013,0.0001,0.9985
2507,"teknicien ji fi w9et w 5adam weld 7lel, chokran topnet",arabizi,,positif,0.9513,0.0486,0.0001,0.9513
2508,participe 🙋 merci topnet pour le concours sympa,french,مشاركة 🙋 شكراً توب نت على المسابقة الجميلة,positif,0.9986,0.0012,0.0001,0.9986
2509,kifech n3mal 9ism el internet bein el awled fi el dar?,arabizi,,neutre,0.9997,0.0001,0.9997,0.0002
2510,"debit mte3i wa9af 3la sifr, kifech haka?",arabizi,,negatif,0.7477,0.7477,0.1735,0.0788
2511,kifech n3aref el password mte3 el wifi mte3i?,arabizi,,neutre,0.9996,0.0002,0.9996,0.0002
2512,topnet offer ramadan kifech nhot biya? baghi ncharri,english,توب نت يقدم رمضان كيفاش نهو بيا؟ باغي نشاري,positif,0.6449,0.355,0.0001,0.6449
2513,el offre ta3i expirات w beddlula b offre ghilya sans me prevenir,english,العرض الذي تعاقدت عليه انتهى وتم استبداله بعرض غالي بدون إعلامي,negatif,0.993,0.993,0.0001,0.0068
2514,3aychek ya topnet brabi,arabizi,,positif,0.9769,0.023,0.0001,0.9769
2515,kifech n7ott el topnet fi 5 ajhiza fi nafs el w9et?,arabizi,,neutre,0.9985,0.0004,0.9985,0.0011
2516,awledi 3andhem cours en ligne w el connexion mch behia,english,أولادي عندهم كورس اون لاين و الإتصال مش بهيا,neutre,0.9955,0.0021,0.9955,0.0024
2517,"sma7lu DM m3aya, 7ata el DMs ma treddouch 😒 wesh",arabizi,,negatif,0.9954,0.9954,0.0001,0.0045
2518,pour ramadan vous pouvez augmenter le debit la nuit?,french,من أجل رمضان هل يمكن زيادة التدفق في الليل؟,neutre,0.9791,0.0017,0.9791,0.0192
2519,toujours partant pour les concours topnet 🙌 merci,french,دائما مستعد للمسابقات توب نت 🙌 شكراً,positif,0.9986,0.0013,0.0001,0.9986
2520,"3andi double facturation ce mois-ci, chkoun yredch 3liya?",arabizi,,neutre,0.9933,0.0022,0.9933,0.0046
2521,"teknicien ma jiech w 3ayedtom 3 marrات, kifech haka brabi?",arabizi,,negatif,0.9844,0.9844,0.0001,0.0155
2522,"vitesse impeccable, prix correct, je reste 😊 mriguel",french,سرعة مثالية، سعر مناسب، أظل 😊 مريغيل,positif,0.9983,0.0016,0.0001,0.9983
2523,"ramadan w streaming w connexion bata2, triki9a barcha 😩",arabizi,,positif,0.9548,0.045,0.0002,0.9548
2524,"sma7lu 3aweduli 3al offre jedida, yfarraq fi el prix?",arabizi,,neutre,0.999,0.0005,0.999,0.0005
2525,topnet renta special? cours en ligne y7tajou vitesse behia,french,توب نت رينتا سبشال؟ كورس اون لاين يحتاج سرعة بهية,positif,0.9962,0.0037,0.0001,0.9962
2526,yezzi nabat wasiket resiliation b barid wma reddouch 3liya,english,يزي ناباط وسيكة إرسالية ببريد وماردوش عليا,negatif,0.9985,0.9985,0.0003,0.0012
2527,@Radhia Chaari jiha mte3ek 3andha fibre topnet?,arabizi,,neutre,0.983,0.0051,0.983,0.0119
2528,الانترنت قطع وما عندي روتر احتياطي، خسرت يوم كامل من الشغل,arabic,,neutre,0.9994,0.0003,0.9994,0.0004
2529,"topnet sma7lu reddou 3al DM mte3i, mochkla depuis 4 jours barcha",arabizi,,positif,0.9444,0.0554,0.0002,0.9444
2530,اتصلت بـ SAV وقالوا الخط بخير ولكن الانترنت ما تخدم 😅,arabic,,neutre,0.9993,0.0002,0.9993,0.0005
2531,kol chay tamam ❤️,arabizi,,positif,0.9735,0.0187,0.0078,0.9735
2532,comment obtenir une attestation d abonnement pour logement?,french,كيفية الحصول على شهادة اشتراك سكني؟,neutre,0.9935,0.0053,0.9935,0.0012
2533,"connexion tombe exactement a 21h kol yom, normal wella problem?",arabizi,,negatif,0.9266,0.9266,0.0001,0.0733
2534,walla fi el sayf el connexion tzid batta2 3andi kol 3am,arabizi,,positif,0.6413,0.3586,0.0001,0.6413
2535,fi el 9alb ❤️ topnet,arabizi,,positif,0.9976,0.0023,0.0001,0.9976
2536,"el signal fi el dar 3andi dha3if barcha, router ba3id wella mochkla?",arabizi,,negatif,0.9888,0.9888,0.0004,0.0107
2537,"ma beddlech men topnet w ma nbeddlech, mriguel tamem",arabizi,,negatif,0.9708,0.9708,0.0001,0.0291
2538,"le NAT strict bloque mes jeux en ligne, comment le changer?",french,NAT الصارم يمنع ألعابي عبر الإنترنت ، كيف يمكنني تغييره؟,neutre,0.9993,0.0002,0.9993,0.0005
2539,"3 mois d abonnement payes sans internet, remboursement possible?",french,3 أشهر من الاشتراك مدفوعة بدون إنترنت، هل يمكن الاسترداد؟,neutre,0.9984,0.0007,0.9984,0.0009
2540,"resiliation en ligne ma ta5damch, lazem nji lel wa9ala jismiyan?",arabizi,,positif,0.7678,0.232,0.0002,0.7678
2541,"ramadan mubarak, 3sa el internet ma yt9ta3ch el lila 😄",arabizi,,positif,0.9697,0.0296,0.0006,0.9697
2542,"el numero ta3 SAV mochghoul permanence, azra9 chkoun?",arabizi,,negatif,0.9971,0.9971,0.0001,0.0027
2543,septembre toujours les memes soucis de connexion chaque annee,french,أيلول دائمًا نفس مشاكل الاتصال كل عام,neutre,0.8964,0.0574,0.8964,0.0461
2544,kifech n3mal transfert abonnement lel 3onwan el jedid mte3i?,arabizi,,neutre,0.9992,0.0002,0.9992,0.0006
2545,sma7li chkoun y3awedni bel teknik? 3andi coupure totale mn embar3h w el service client ma yredch. 3andi awled yit9arraw ligne,arabizi,,negatif,0.9752,0.9752,0.0031,0.0217
2546,hexabyte awfer men topnet fi el vitesse fi jiha mte3i?,arabizi,,negatif,0.9368,0.9368,0.0014,0.0618
2547,"connexion parfaite en hiver, nulle en ete, why topnet?",french,اتصال مثالي في الشتاء ، لا شيء في الصيف ، لماذا توب نت؟,positif,0.9591,0.0408,0.0001,0.9591
2548,"khaddem fi dar m3a topnet fibre men sna, ma3ndich ay mochkla",arabizi,,neutre,0.9593,0.0345,0.9593,0.0062
2549,"@Raouf Elloumi sma7li, topnet wella ooredoo khir fi jiha mte3ek?",arabizi,,negatif,0.6772,0.6772,0.0311,0.2917
2550,"3ayeth bel numero ta3 topnet w 9atni sbi3 min, 9at3u liya",arabizi,,positif,0.9443,0.0556,0.0001,0.9443
2551,"el internet ta5arber ba3d el matar, mch normal wella?",arabizi,,negatif,0.9312,0.9312,0.0126,0.0562
2552,"facture claire et sans surprises, merci topnet baraka",french,فاتورة واضحة وبدون مفاجآت، شكرا توب نت باركا,positif,0.998,0.0018,0.0002,0.998
2553,"barcha mriguel, w el prix machi ghal 3al kol haka",arabizi,,positif,0.6928,0.3071,0.0001,0.6928
2554,wella topnet 3andha offre nocturne fi ramadan? baghi n3aref,arabizi,,positif,0.7123,0.2875,0.0002,0.7123
2555,"el modem w el routeur, far9 kifech fi topnet?",arabizi,,negatif,0.9834,0.9834,0.0004,0.0162
2556,wella topnet yredch bi debit garanti kima les autres FAI?,arabizi,,positif,0.6098,0.39,0.0001,0.6098
2557,"el wifi signal dha3if fil bra, kifech n7el el mochkla?",arabizi,,neutre,0.9961,0.0032,0.9961,0.0007
2558,"router ta7 fi el 9ayla, kifech n7el fi el sayf?",arabizi,,neutre,0.9995,0.0002,0.9995,0.0003
2559,ya3tik essa7a topnet 3al offre ramadan 3andi el 7a9,arabizi,,positif,0.9979,0.002,0.0001,0.9979
2560,bonne initiative 🎊 bravo,arabizi,,positif,0.9985,0.0014,0.0001,0.9985
2561,"min topnet lil ooredoo, far9 kbir wella la? a3tini raay",arabizi,,negatif,0.9794,0.9794,0.0001,0.0205
2562,"upload speed ta3i sifr walla, kifech na3mel backup bih",arabizi,,negatif,0.9429,0.9429,0.0001,0.0569
2563,"kol ramadan nafs el 7keya, ta9ta3 fi el lila haka",arabizi,,neutre,0.998,0.0008,0.998,0.0012
2564,router ji fi w9et w connexion 3adet normal 🎉 merci,arabizi,,positif,0.9973,0.0026,0.0001,0.9973
2565,yfarraq barcha topnet m3a hexabyte fi 7aytna?,arabizi,,positif,0.5387,0.461,0.0003,0.5387
2566,الانترنت تاعكم باهية، ما عنديش شكاية الحمد لله,arabic,,positif,0.9951,0.0047,0.0002,0.9951
2567,comment acceder a l interface du routeur topnet?,french,كيف يمكن الوصول إلى واجهة جهاز التوجيه Topnet؟,neutre,0.9994,0.0002,0.9994,0.0004
2568,bech n9addi el lila ta3 ras el 3am online w connexion bata2 🥲,arabizi,,negatif,0.5956,0.5956,0.0023,0.4021
2569,"debit stable 24h/24, enfin un FAI correct en Tunisie",french,سرعة انترنت مستقرة على مدار 24 ساعة، أخيراً مزود خدمة إنترنت مناسب في تونس,positif,0.9865,0.0091,0.0044,0.9865
2570,"3andi awled yit9arraw en ligne w el internet ma5demch, ma3koul haka",arabizi,,neutre,0.9744,0.0081,0.9744,0.0174
2571,"les vacances et la connexion qui lag, c est le comble 🙃",french,العطلة والاتصال الذي يؤخر ، هذا هو الحد 🙃,negatif,0.9983,0.9983,0.0004,0.0013
2572,3andi promesse teknicien fi 48h w 3 jours w ma ja 7ata,arabizi,,positif,0.9619,0.0238,0.0143,0.9619
2573,kol 3am w topnet b5ir 🎉 merci lel team kol,arabizi,,positif,0.9986,0.0011,0.0002,0.9986
2574,"prix topnet w hexabyte w TT, ashkoun awfer fi 2024?",arabizi,,negatif,0.512,0.512,0.0003,0.4877
2575,"fi el sayf kol la famille fi el dar w wifi ta7, logique?",arabizi,,negatif,0.9962,0.9962,0.0003,0.0035
2576,صيف وصيفية والإنترنت قاطع 😡 ashkoun fi 9istek,arabic,,negatif,0.9605,0.9605,0.001,0.0386
2577,contrat mte3i ta5ar w ma3reftech kifech njadded haka,arabizi,,negatif,0.9888,0.9888,0.0008,0.0104
2578,صديقي عنده hexabyte وسريع برشا، topnet يستحق برشا؟,arabic,,positif,0.9531,0.042,0.0049,0.9531
2579,"topnet sma7lu jibuli teknicien, 5 jours men el coupure 😠",french,توب نت سمحلي جيبولي تكنيسين، 5 أيام من القطع 😠,negatif,0.9896,0.9896,0.0001,0.0104
2580,nchark parce que j ai besoin d un meilleur routeur 😂,french,نشرك لأنني أحتاج إلى جهاز توجيه أفضل 😂,positif,0.9947,0.004,0.0013,0.9947
2581,yezzi nchki ma3 bchara w ma nchkish ma3 robot fi el khedma,arabizi,,negatif,0.798,0.798,0.0019,0.2001
