id,text
1,3ayech service mrigul wallah ?? internet ytayyar 3la 9alil
2,Merci Topnet ?? forfait data khir men 3and kol
3,Chbik ya Topnet fi tounes? rseau yhazik fel 3asima ??
4,Appli mobile t9a3di tawa walla? mchit nchouf facture matlou3ich ??
5,Normalement 4G ykoun sarii3 ama 3andkom rir rir ??
6,Bravo 3likom ?? recharge facile w prix mrigul
7,Tawa 3andkom problme fel rseau? 3andi 0 bar w nest7a9 net ??
8,Svp 7alou mouchkilet l'appel yta7 3la ro7ou ??
9,Pourquoi le forfait illimit ytayyar ba3d 10Go? Khata ??
10,Yhazikom sbe7 lkhir! 5G taw njarbou nchlh ??
11,N7eb nchri carte sim jdida ama mafamech agence mrigla ?????
12,??? 3eme appel yaw nchki 3la rseau wallah maynajmou y7alou chay
13,Merci pour la promotion ramdan ?? data 50Go b 15dt khir
14,Mon forfait tzid fih 7seb ro7ha w anaya ma 3andich 7ata 7keya ??
15,Appli tkasra kifeh tawa? tod5ol w t5rj 3la ro7ha ??
16,Ey wallah 5edma barka taw nchouf chnowa jdida
17,Rseau mtayyar fel mnihla w we7l mrigul chnawa n3aml? ??
18,Vive Topnet! 3aychek 3la loffre weekend ????
19,"Jai pas de rseau dans mon dar, w ana fel centre ville ??"
20,Encore des coupures? N3ichou fel 2024 w 5edmekom tesla7 l 2010 ??
21,Svp facture tala3li 50dt w ana 5demt 30dt seulement? ??
22,Forfait mobile plus t7eb t5alles online ama site ta7 ??
23,"3ejbetni 3aradhkom jdida, chrab 9ahwa w 7ot 4G ????"
24,Chkoun 3ando mchkla fel data speed? ana 3andi 2mb/s w n5alles 4G+ ??
25,Merci ya Topnet tounes. nchallah dima nhar mabrouk
26,Cest quoi cette pub? 3ana 5G fi tounes w ala we9t ? hahaha ??
27,7ata code promotionnel makch tawj dou ????
28,Avis: code *122# mayekhdemsh 3la 7sebi. 7alouha
29,N7eb n7awel forfait ama site mta3kom 3al 9fal ??
30,Yah yah yah! ghadiwa 5edmet zapper? taw yjiwek 3bed
31,Rani nchki mn marsa l ezzahra koll chay ta7 fiya ??
32,Pourquoi 9a3ed yekhdem lappli meloul? n7eb nraja3 wahda
33,Offre twfir taw nraha ama na3ref hia 3ibara 3la kdhb ??
34,"Yezzi chbik ya topnet, 3ayeltina bel mouchkil mt3 rseau"
35,Rechargement par carte verte sarii3 w bara merci
36,Tawa tla3 facture w ana chkoun li bech y5alles ? moch mochkla 3andi *99#
37,Nchlh nhar jdid w rseau jdid ??
38,???? ????? ???????? ??? ?? ???? 5las bel dinar ????
39,Tala3li code mrigul ama yesta3melch m3a pack internet
40,Merci Topnet pour la stabilit fel 4G. 3aychek
41,Wallah appli mobile tzid tkharreb m3a koll mise  jour ??
42,Fama code promotionel jdid? n7eb n3abbi ra9mi
43,Taw na3ref 5edmekom mta3 zebi. 3emlet verification w ma7allouch
44,?? ???? ???? ?? ??????... ???? ??????
45,Super offre pour les jeunes ?? n7eb n3alem 3liha
46,Nafs l mchkla fel sms mtayrin wala 3adi ?
47,Bon courage 3likom. Khaserna 3likom mais 7atou 7al ??
48,"Sahbi fel agence 9ali narja3 ghodwa, w ghodwa jit 9ali narja3 ba3d ghodwa ??"
49,Tawa appli t5rj 3lik fel payment... kifeh nkaml?
50,Nchallah fachekh fel rseau w 5edma behia nchlh mrigula
51,???? l code mta3 ra9mi mafamech? N7eb nchouf solde
52,3aychek ya Topnet 3al fibre optique fi touns. Wallah sarii3 ??
53,"Mon pote 3ando 5G fel centre, w ana fel jiha okhra 3G ??"
54,Khatemni site mta3 recharge. mrigul w sarii3
55,Taw 3andkom 3aradh 7ata lel 9raya ? n7eb net jdid
56,Appel ytayyar wa9t ma nkoun fel metro... haja tkaser
57,???? ?? ?????? ????? ????? ??? latency? 150ms ??????? ??
58,"Merci beaucoup, tnajamou tzidou des offres internationales"
59,Lapplication t3ich fi dhaw9a. Temchi 5 minutes w t5rj.
60,Kifeh n3amel bech n5ales facture b carte bancaire?
61,???? ????? ?? ??? Livebox? ??? ???????
62,Wallah yahbelna faza mta3 1 dt lel sms w mazelna nchkoul
63,Taw najamt nchouf loffre jdida 'illimit' ama el vitesse 384k ????
64,Svp n7eb nbadal agence de vente. win najm?
65,Pour linstant koll chay mrigul. 3aychekom
66,??? ?????? ??? ?????? mrigula tawa ??
67,Code #123* wala ma yekhdemsh? fama beddel?
68,5G sur le papier mais dans la ralit 4G pourri
69,Tawa nkamel 3am m3akom w nchlh nkamlou
70,La recharge par carte lectronique mrigula. Brava
71,Wallah fi nhar la9dhia n3ichou l7keya mta3 linternet li howa 7keya
72,Offre 'Tounesna' 3ejbetni. Ylzm cha3b
73,Soutien technique mta3kom y7ki m3aya kima 3bd ma ye7kich ??
74,Appel  ltranger 3andkom 7ata 3ardh? n7eb n3ref
75,Clairement lun des meilleurs oprateurs en Tunisie. Chokran
76,??? ???? ??? eSIM ?????? ???? ??????
77,Mazelna nchkiw fi 7adoud linternet w n5alsou barcha
78,Yezzi 3likom a suffit. Wallah nra7el lel ooredoo
79,Pourquoi les packs sont chers par rapport  la qualit ?
80,N7eb nkamel inscription fel offre ramlet. win najm?
81,Taw nkoul 7aja behia: support technique yrad 3la ro7ou
82,Khatemni service de livraison carte sim to home. Merci
83,???? ?? ???? ????????? ??????? whatsapp ????
84,"Bon, hn nchkiw barcha ama fi lastu, wallah y5admi"
85,"Taw ki nkoun fel 3asima rseau mrigul, ki nkoun fel dakhil 7ata chay ??"
86,N7eb nraja3 flous par erreur? kifeh?
87,Offre weekend sarii3a mais prix 5ayeb
88,Tala3li facture 70 dt w ana ma 5demt chay ??
89,Yekhi mchant wallah 5edma 3al 9alil.
90,Super exprience avec lappli. Rien  redire.
91,???? ?? ?? ????? ???? ??? VPN ????? ?????
92,Code *111# maykhdemch 3la Android 14. 7alouha
93,Nchlh taw nwalli n3ayech 3al 5G mrigul
94,Bravo pour les efforts ?? just un peu de srieux la fiabilit
95,8 annes m3akom w mazelni nchki fi rseau
96,Offre kif kif like les autres oprateurs. Pas de diff
97,???? ??? ping ?????? ?? ???????. 130ms ???
98,N7eb nbadal labonnement w nafs l mchkla raja3t
99,Yhazikom barcha 3likom Taha
100,Application dowload bata9a? ta7el wala
101,Fama 3aradh 3la les appels internationaux? n7eb nchouf
102,???? taw nraja3 les donnes perdues? zid wala?
103,"Wallah barcha 7keyat fihom, ama n7eb n9olkoum 5edmekom behia mil b3adh"
104,Site mta3 topnet.tn mch yekhdem 3la firefox ??
105,Rani nchki min ghodwa? service client mrigul b 5lef 9al
106,Taw 3andkom 5G? la ama test 7essit far9?
107,Wallah khatemni 3ala5ater faza mta3 ra9em mta3i matnajamch n3ayech
108,N7eb nrajja3 modem fibre. Kifeh procdure?
109,Offre 'faza' b 10dt 50go? sara7a mrigula
110,10 ans m3akom. wallah lvolution 3adhma
111,???? ??? ?? ?????? ??? ?????? ?? ???? ?? SMS
112,Pourquoi les forfaits postpays nont pas les mmes avantages ?
113,N7eb nes2el: 5edmetkom ta3tini priorit? non?
114,Cest bien mais le prix reste lev pour le tunisien moyen ??
115,Lappli stabilit zeda behia w nchlh tzid
116,Mabrouk 3likom topnet 3la loffre. en tt cas mrigul
117,"Barcha nchkiw 3la network ama n9olkoum 7aja, teledeclaration sarii3a"
118,N7eb nchri forfait 50dt chahri. win najm?
119,Wallah 3ejbetni service de lenvoi de code par mail
120,Code *101# affichili solde zeda mouch win? 7alou
121,Linternet fixe mta3 topnet fibre ytayyar f lil!
122,Sale priode ya topnet. Serveurs ta7in koll chwaya ??
123,Bravo 3likom 3al rapidit de livraison des cartes sim
124,"N7eb nkoun m3akom fidle, ama ta3bni rseau"
125,"Offre double data 7ilwa, ama ylzm n7eb n3ayech"
126,nhar kamel nchki wala 7al...
127,"Taw n7eb n3amel transfert de proprit, kifeh?"
128,Sms b 250 millime? ghali barcha
129,Yhazik l'offre nhar l3aml b 10dt 30go mrigula
130,Pourquoi lapplication est lente sur iPhone? Android temchi mrigul
131,N7eb nkamel contrat fibre optique ama temchi l site t7elch
132,Rani nchki 3al facture zeda zidoulna 5dt 7seb ro7hom ??
133,Soutien technique mta3 Topnet fi tounes tnajam tnajem
134,??? ??????? *101# ????? ??? ???????
135,Offre 3al 9raya mrigula merci topnet
136,"Wallah 5edma wahcha, na3ref chnawa n9oul"
137,Merci 3ala livraison rapide w preparation mrigula
138,N7eb nchouf offre jdida kima fel 5G barka
139,Taw 9a3ed n3ani m3a les donnes consommes mrigul
140,Code activation 5G yekhdem 3la 9alil? jarabt w ma5demch
141,"Belle initiative les points de fidlit, merci"
142,Rani nchki 3al service mrigul w bara
143,"Jai test la 5G dans le nord, rien de spcial"
144,N7eb n3ayech 3al offre family. tnajam tzid info?
145,Site mobil mta3kom mouch responsive 3la tablette ??
146,Offre 3andek 7keya behia: tarif appel local moins cher
147,"Merci ya Topnet, rseau ta7 3la ro7ou wahdha ??"
148,"Yezzi, ne5dem m3a code *101# b 5lef ma nchki"
149,N7eb nkoun fel blacklist mta3kom? taw nchouf
150,Lappli mobile mrigula mais taw tzid tet3aml b chte
151,???? ????? ?? ???? ??? iMessage ?? ?????
152,Taw 3andkom offre 3al smartphone? n7eb nchri s7ab
153,Nchlh ghodwa rseau behi w nkounou mrigulin
154,Win service client? nandhom yraddou 3la 9alil
155,???? ?? ?????? ?? ???? ??? eSIM ??? ???? ???????
156,Wallah khatemni 3ala5ater nchki marra wala 3adi
157,Offre taw mawjouda b 30dt 100go? test7a9
158,Merci 3likom mais awel marra nchki 3al problme de vol de crdit
159,"Yhazik ya Topnet tounes, 3aychek 3al 5G fel manzah"
160,Appel mta3 service client 20 minute w ba3d ytayyar 3liya ????
161,Taw 3andkom mchkla fel site? matnajamch t5ales
162,Offre double appel 7elwa mais rseau mrigul chnawa?
163,N7eb n5ales b credit card ama page ta7
164,Rseau 4G fel centre ville 0.5mb/s w n3ich fi 3asima
165,"Bara 3likom 3al quipe support, y7elou mchakel b sarii3a"
166,Pourquoi le forfait data y5als 3la 5ater ma yjaddidch
167,????? Topnet Tn ???? ???? ?????? 5edma zayna
168,Code *102# mta3 service solde yekhdem wala?
169,"N7eb nshouf l'historique mta3 consommations, win najm?"
170,Khatemni l'offre weekend b 5dt 20go mrigula mil b3adh
171,Service client y7awel y3awn ama so3ouba fel lugha
172,Mabrouk ya topnet 3al nouveau centre d'appel
173,Rani nchki nhar kamel fi l mchkla mta3 facture
174,Wallah 3ejbetni 5edma mrigula w nchlh tzid
175,"Offre ""Famille"" 3ejbetni, 5alasna 3liha"
176,???? ??????? ???? location 24/24? khaf m3aya
177,"N7eb n3amel portabilit depuis ooredoo, win nmchi?"
178,???? ????? ?? ???? ??? MMS. ?? ?????
179,"Taw n7eb n5ales facture sghira, balak khatemni"
180,Pourquoi les offres sont meilleures pour les nouveaux clients?
181,"Yhazik rseau fel aroport tounes, 3aychek"
182,"Mrigul ya topnet, mais taw tzid tet3aml"
183,Code *777# l'offre ramdan mazel mawjoud? n7eb n3amel
184,"Barcha nchkiw 3al prix wala service mrigul, 5tar l kayen"
185,N7eb nkamel 5edma 3al fibre w ma3andich modem
186,Rseau yekhdem 3la 9alil wala? tawa ytayyar
187,Soutien technique zeda 7keya: y7awlou y3awnou
188,"Offre 1dt lel sms barcha ghali, 3lech?"
189,???? ???? ??? VoLTE ?????? ????????? ????
190,"Mrigul service client fel chat, raddou sarii3"
191,"N7eb nraja3 carte sim li talfet, win najm?"
192,3ayech ya topnet mais rseau ta7 f lil
193,Khatemni l'offre taw b 15dt 30go w zid 5go
194,"Wallah 7ata klem mafamech, service mtayar"
195,Appli mrigula mais 3andha bug fel notifications
196,"5G test fel lac, wallah 600mb/s ??????"
197,Pourquoi loption data rollover mawjouda 3and l'competition?
198,"N7eb n5ales bil facture lectronique, win taw?"
199,???? ?? ?????? ????? ????? ????? ??? sms?
200,Yhazikom 3al offre fibre 100mb/s wallah khir
201,Taw 3andkom mchkla fel rseau gnral? barcha ychkiw
202,"Mabrouk 3likom, nchlh dima tzidou"
203,Rani nchki 3al rechargement automatique yraja3 yekhdem
204,Offre 'Intense' 3ejbetni 7ata ken ghaliya
205,"Service client yreddou 3likom ba3d 5 minutes, mrigul"
206,???? ?? ?? ??? ???? ??????? ???? serveur ta7?
207,"N7eb n3amel rsiliation w nrajja3 flous, est ce possible?"
208,"Wallah 3aychek ya topnet tounes, 7ata ken 3andna mchakel"
209,Taw l'offre jdida 3al 9raya 7elwa barcha
210,"Appel vocal ytayyar wa9t nkoun fel route, 3lech?"
211,N7eb n3amel mise  jour de l'offre ama site mta3kom ta7
212,Khatemni service mrigul w 5edma behia nchlh tzid
213,Pourquoi les forfaits prepays n'ont pas les memes avantages?
214,Code *555# mrigul w yekhdem 3la 9alil
215,"Yhazik ya topnet, ama a7na n7ebou nchouf tawa7ed jdid"
216,Rani nchki 3al 4G dha3ef fel matar
217,"Offre ramdan mrigula wallah, 3aychek 3liha"
218,???? ?? ?? ???? ??????? ???? ????? ?? ??? APN?
219,"N7eb nchouf facture dtaille, win najm nal9aha?"
220,Belle initiative les apps gratuites avec le forfait
221,Wallah taw n3amel menace nra7el lel autre oprateur ??
222,"Mrigul service, merci ya topnet"
223,"Offre kima fel 3oudh, 5edma mrigula mais prix zeda"
224,"N7eb n3amel chkaya fel site, formulaire matlouch"
225,Rseau fel mahdia zeda yhazik? chbik ya topnet
226,Taw 3andkom offre 5G fel sahel? 7ata nchlh njarab
227,Pourquoi le service client ferme  18h? 3bed ta5dem
228,Mrigul code promo w n3abbi ra9mi merci
229,???? ?? ?????? ??????? ??? notification b l'arabi?
230,N7eb n3amel recharge automatique w ma3andich compte
231,"Wallah 3aychek ya topnet, ama rseau b l'extrieur ytayyar"
232,Taw jdida l'offre 10dt 40go? test7a9 barcha
233,Khatemni l'offre de bienvenue b 5dt 10go
234,"Appli ta7eli wa9t ma n7eb n3amel paiement, n3ad 3la ro7i"
235,Rani nchki 3al lenteur fel fibre wala 9alouli 100mb/s
236,"Offre double data fel weekend, 3ejbetni"
237,N7eb nkamel 3ala service de redirection d'appel
238,Service client zeda sarii3 had l'poque
239,"Mabrouk 3likom 3al amlioration fel sud, choufna far9"
240,Taw 3andkom code mrigul lel roaming?
241,Wallah n7eb nkamel m3akom 5ater khatemni service
242,Pourquoi les SMS publicitaires mriglin w les notifs persos non?
243,Code *999# maykhdemch m3a l'offre jdida
244,"Rseau ta7 f lil 3la 9alil, n3ich fi manzah 6"
245,Yhazik support technique y7el 3liya mchklet 5G
246,Offre taw njarbouha nchlh nkounou mrigulin
247,"N7eb n5ales b dop, win najm n3amel?"
248,Bravo 3likom 3al 5edma fel agence centrale
249,"Mrigul wallah, 3aychek ya topnet"
250,"Rani nchki 3al vol de crdit, 5serna flous"
251,Offre kima fel 9bal ama taw 3andha 7aja jdida
252,Pourquoi le forfait mobile illimit ytayyar ba3d 30go?
253,N7eb n3amel 7keya mrigula 3al 5edma mta3 app
254,Service client yreddou 3la 9alil ama 7al ykoun
255,???? ?? ?????? ????? ????? ??? latency ?? ????????
256,"Taw n7eb n3amel transfert de compte, win najm?"
257,"Mrigul l'offre famille, wallah 5edmetna"
258,"Khatemni service de livraison, merci"
259,"Appli taw t5rj w t7eb tsaker ro7ha, 7awelna nraja3"
260,"Rseau 5G fel mourouj 3adi, mouch kima y9oulou"
261,"Wallah 3aychek ya topnet, ama zid chwaya fel 7al"
262,"Offre 1dt appel illimit fel weekend, sara7a mrigula"
263,"N7eb n3amel chkaya 3ala facture, formulaire ma yekhdemsh"
264,"Yhazik ya topnet tounes, nchlh nkamlou m3akom"
265,"Code *222# yekhdem 3la 9alil, ama marra ytayyar"
266,Pourquoi les recharges par carte bancaire prennent du temps?
267,"Mrigul wallah service client, raddou 3liya f 10 minutes"
268,Taw 3andkom 3aradh 3al fibre? n7eb n3amel
269,Rani nchki 3al modem mta3 topnet ytayyar f l'heure
270,"Offre weekend 20go b 8dt, 3ejbetni barcha"
271,???? ?? ?????? ????? ?????? ??? ping ???????
272,"N7eb nchouf offre jdida lel tudiants, win taw?"
273,"Khatemni service mrigul, merci 3likom"
274,Appli mrigula ama taw tzid tet3aml 3la ro7ha
275,"Rseau fel tunis centre 4G yekhdem mrigul, alhamdulillah"
276,"Wallah n7eb n5ales b chque, ama ma y9ablouch"
277,Offre taw b 25dt 80go? nchlh n3ayech
278,"Code activation roaming ma yekhdemsh, 3lech?"
279,Pourquoi le service client n'a pas de rappel automatique?
280,"Yhazik ya topnet, 3aychek 3al 5G fel sfax"
281,Taw 3andkom mchkla fel rseau gnral? 9oli
282,"Mrigul service technique, y7el 3liya mchklet l'app"
283,???? ?? ?????? ??????? ??? facture par email?
284,N7eb n3amel rsiliation w nbadal lel ooredoo
285,"Rani nchki 3al 3ardh mta3 1dt lel sms, ghali"
286,"Offre kima fel 9raya, 3ejbetni barcha"
287,"Khatemni l'offre ramdan mrigula, nchlh taw n3awed"
288,Appli ta7eli wa9t ma n7eb nchouf l'historique
289,"Rseau 4G+ fel laouina ytayyar, chbik?"
290,"Wallah 3aychek ya topnet, n7eb nkamel m3akom"
291,"Service client yraddou 3likom ba3d 3 minutes, mrigul"
292,"Code promo n7eb n3abbi ra9mi, win najm nal9ah?"
293,???? ?? ?????? ??????? service de voicemail amlior?
294,"Taw n7eb n3amel mise  jour de l'offre, site ta7"
295,"Mrigul wallah l'offre double data, nchallah dima"
296,Pourquoi le forfait data expir y5ali 3andi crdit normal?
297,"N7eb nchouf les dtails mta3 consommation, win?"
298,"Offre nhar l3aml b 5dt 15go, 3ejbetni"
299,"Rseau fel omrane suprieur zeda yhazik, 5edma behia"
300,"Yhazik ya topnet tounes, nchlh tzidou"
301,"Code *777# maykhdemch m3a l'offre jdida, 7alouha"
302,Rani nchki 3al facture zeda zidoulna 10dt 7seb ro7hom
303,Appli mrigula ama 3andha bug fel enregistrement
304,"Offre kima fel 3oudh 5edma mrigula, prix mrigul"
305,"N7eb n3amel reclamation 3ala rseau, win najm?"
306,"Khatemni service de support technique, raddou 3liya f 5 minutes"
307,Pourquoi la 5G n'est pas disponible dans toutes les rgions?
308,Taw 3andkom offre 3al modem 4G? n7eb nchri
309,"Mrigul wallah, 3aychek ya topnet tounes"
310,"Rseau fel bardo yekhdem mrigul, alhamdulillah"
311,"Code activation forfait maykhdemch 3la 9alil, jarabt"
312,"Yhazik service client, 7alouli mchklet l'app"
313,Offre taw b 30dt 100go? nchlh n3ayech behi
314,"Rani nchki 3al 4G fel nhar, vitesse 2mb/s"
315,"Appli taw t5rj w t7eb tsaker, n3ad n3amel restart"
316,"Wallah 3aychek ya topnet, ama rseau ta7 f lil"
317,Pourquoi les promotions ne sont pas valables pour les anciens?
318,"N7eb n3amel transfert de proprit, win nmchi?"
319,Code *101# yekhdem wala la? 3andi chk
320,"Mrigul service mrigul, merci ya topnet"
321,???? ?? ?????? ??????? code par SMS b sarii3a?
322,"Taw n7eb nchouf offre jdida lel famille, win?"
323,"Khatemni l'offre weekend b 10dt 30go, 3ejbetni"
324,"Rseau fel ariana ytayyar, chbik ya topnet"
325,"Yhazik support technique, 7alouli mchklet rseau"
326,"Offre ramdan b 15dt 50go, sara7a mrigula"
327,Rani nchki 3al appli mobile t9a3di tawa
328,"Wallah n7eb n5ales b carte lectronique, 5edma sarii3a"
329,Code *555# maykhdemch m3a l'offre taw
330,Pourquoi le service client ne rpond pas aux emails?
331,"N7eb n3amel chkaya 3ala facture, win najm?"
332,"Appli taw tzid tet3aml behia, merci 3likom"
333,"Rseau fel la marsa 4G mrigul, alhamdulillah"
334,"Offre kima fel 9raya b 8dt 20go, 3ejbetni"
335,???? ?? ?????? ????? ????? ??? MMS?
336,"N7eb n3amel recharge automatique, kifeh?"
337,"Khatemni service de livraison carte sim, merci"
338,Taw 3andkom offre 5G fel mnihla? n7eb njarab
339,"Rani nchki 3al 3ardh mta3 250 millime sms, ghali"
340,"Yhazik ya topnet, ama zid chwaya fel 7al"
341,Pourquoi les forfaits prepays n'ont pas le 5G?
342,"N7eb nchouf facture dtaille fel appli, win?"
343,"Offre nhar l3aml b 5dt 10go, 3ejbetni"
344,"Rseau fel centre ville yekhdem mrigul, alhamdulillah"
345,"Service client yraddou 3liya ba3d 2 minutes, mrigul"
346,"Code *999# maykhdemch, 7alouha ya topnet"
347,???? ?? ?????? ??????? ???? ??? eSIM?
348,"Taw n7eb n3amel 7keya mrigula 3al fibre, win?"
349,"Khatemni l'offre ramdan b 20dt 70go, 3ejbetni"
350,"Rani nchki 3al 4G fel lil, vitesse 1mb/s"
351,"Yhazik support, 7alouli mchklet l'appli"
352,Offre taw b 12dt 40go? nchlh n3ayech
353,Pourquoi le site web est toujours en maintenance?
354,"N7eb n3amel rsiliation w nrajja3 modem, kifeh?"
355,"Rseau fel mourouj 5G yekhdem mrigul, alhamdulillah"
356,"Appli ta7eli wa9t ma n7eb n3amel paiement, n3ad"
357,"Wallah n7eb n5ales b dop, ama ma y9ablouch"
358,"Offre kima fel 3oudh, 5edma mrigula"
359,"N7eb n3amel chkaya 3ala rseau, win najm?"
360,"Khatemni service client, raddou 3liya f 8 minutes"
361,Taw 3andkom offre 3al smartphone? n7eb nchri
362,Rani nchki 3al facture zeda zidoulna 5dt
363,"Code activation 5G maykhdemch, 7alouha"
364,Pourquoi les recharges par carte verte sont lentes?
365,"N7eb nchouf l'historique mta3 appels, win?"
366,"Offre weekend b 6dt 15go, 3ejbetni barcha"
367,"Mrigul service technique, y7el 3liya mchklet"
368,Appli mrigula ama 3andha bug fel login
369,Rseau fel tunis centre 4G+ yekhdem mrigul
370,Code *777# maykhdemch m3a offre jdida
371,???? ?? ?????? ????? ????? ??? ping? 150ms
372,"N7eb n3amel transfert de compte, win najm?"
373,"Khatemni l'offre b 10dt 30go, 3ejbetni"
374,"Rani nchki 3al 4G fel nhar, vitesse dha3fa"
375,"Yhazik service client, 7alouli mchklet facture"
376,Pourquoi l'application ne montre pas le solde exact?
377,N7eb n3amel reclamation 3ala vol de crdit
378,"Code *555# yekhdem 3la 9alil, ama marra ytayyar"
379,Rseau fel ariana 5G mazel mouch mrigul
380,"Appli taw tzid tet3aml behia, merci"
381,???? ?? ?????? ??????? ??? SMS b sarii3a?
382,"Khatemni service de support, raddou 3liya f 3 minutes"
383,Taw 3andkom offre 3al modem fibre? n7eb nchri
384,"Rani nchki 3al 3ardh mta3 1dt appel, ghali"
385,"Yhazik ya topnet, ama zid chwaya fel couverture"
386,Code *222# maykhdemch 3la Android 14
387,Pourquoi le roaming est cher par rapport aux autres?
388,N7eb nchouf offre jdida lel data illimit
389,"Offre nhar l3aml b 8dt 25go, 3ejbetni"
390,Appli ta7eli wa9t ma n7eb nchouf facture
391,"Rseau fel laouina 4G yekhdem mrigul, alhamdulillah"
392,"Service client yraddou 3liya ba3d 10 minutes, mrigul"
393,???? ?? ?????? ??????? ???? ??? VoLTE?
394,"Taw n7eb n3amel 7keya mrigula 3al 5G, win?"
395,"Khatemni l'offre ramdan b 15dt 50go, 3ejbetni"
396,"Rani nchki 3al 4G fel lil, vitesse 0.5mb/s"
397,Offre taw b 18dt 60go? nchlh n3ayech
398,Pourquoi le site mobile n'est pas optimis?
399,Code *101# yekhdem wala? 3andi chk
400,"Rseau fel bardo 5G yekhdem mrigul, alhamdulillah"
401,Appli mrigula ama taw tzid tet3aml behia
402,"Offre kima fel 9raya, 5edma mrigula"
403,???? ?? ?????? ??????? ??? facture par SMS?
404,N7eb n3amel chkaya 3ala lenteur rseau
405,"Khatemni service client, raddou 3liya f 6 minutes"
406,Rani nchki 3al facture zeda zidoulna 8dt
407,"Yhazik ya topnet, 3aychek 3al fibre optique"
408,"Code activation forfait maykhdemch, 7alouha"
409,Pourquoi les codes USSD sont lents?
410,N7eb nchouf dtail mta3 consommation fel appli
411,"Offre weekend b 12dt 35go, 3ejbetni barcha"
412,Appli mrigula ama 3andha bug fel paiement
413,Rseau fel centre ville 4G+ yekhdem mrigul
414,Code *777# maykhdemch m3a l'offre taw
415,???? ?? ?????? ????? ????? ??? DNS?
416,"Khatemni l'offre b 5dt 15go, 3ejbetni"
417,"Rani nchki 3al 4G fel nhar, vitesse dha3fa barcha"
418,"Yhazik service client, 7alouli mchklet l'appli"
419,"Merci ya Topnet tounes, nchlh dima mrigulin ??????"
420,"Service client zero, ma tjawbouch 3ala les messages ?????"
421,"Bricooo 3ala l'offre jdid, choukrann Topnet! ??"
422,Kifach n3ayet service client? L application mahich mla7.
423,"L internet sri3 barcha fi 3amayem, mli7! ??"
424,"3andekom 7ala mouchkla fel login, nahkiha."
425,"Mochkla fi l'application, crashi kif n7elha. Fix it please."
426,"Le meilleur operateur fi tounes, courage! ??"
427,Fatura kbir 3ala 9ad service. Chkoun ynajem y3awen?
428,"L'application tji mte3i msakra, chnoua lil?"
429,"Sahit les offres illimits, khdmtha hebta."
430,"Jawek behi, l debit mla7 nas. Continuez."
431,"C'est n'importe quoi, kat9atlou 3la l prix."
432,Bj ya3tik essa7 w jay nreja3lek l flous hedhom?
433,Globule intikom 3ala 5 ans fi tounes. ??
434,Ma najamtech na3mel recharge via l'application. Mouchkla technique?
435,"Mazrou3a l internet fi jem3a hedhi, chbikom? ??"
436,"A7la application operator, simple w pratique."
437,"Kahw w l internet courante, wa9teli nheb na3mel live?"
438,Nhib na3ref kifach nchouf historique mta3 consomation.
439,"Mli7 barcha l'offre mta3 10 dinars, merci."
440,Service client mawjoud 24/7? Walla ghadi n9oul 3likom?
441,"L'application crashi marra okhra, sna3ha! ??"
442,"Ma 3adech taba3hom, lconnexion ta7t sifer."
443,"Sbitar l equipe, merci 3ala l tajriba. ??"
444,"Vitesse fi borj louzir mouch mla7, chbikom?"
445,Najm ykoun application akther mli7 men hethi?
446,Merci Topnet 3ala l cadeau mta3 l anniversaire! ??
447,"Moush bahdha l internet fi biti, yelzem t7essnou."
448,Comment activer l'option 4G? Ma 3reftech kifach.
449,"Mlih barcha, 5idma mte3kom top."
450,"Ma 3adech ykoun, l'application tbarka 3ala 3bed."
451,"Floskom zahra, ma t3awnouna fi chay."
452,"Jawek mouch normal, katrou7ou win?"
453,"Bhar l'offre mta3 5g, kifach nchoufaha?"
454,T3aytou 3al 1200 ma 7ad majawebni.
455,"Nhib na3mel copier coller, application mouch karima."
456,"Snin w enty a7la oprateur, hatem barcha."
457,"Code *100# makhdamch, 3andekom 7ala?"
458,"L'application jedida mla7, 3jbni l design. ??"
459,"Ma8irha tajribkom, kahwa barcha."
460,"Mouch mla7 l'application, faza men ghir ma 7aja."
461,"Inssafkom, l internet taih barcha fel leyel."
462,Brabbi chnoua l pass mta3 weekend?
463,"Jawek behi, sahit l offre hedhi. ?"
464,7atta 3andech l internet fi l bhar? Merci Topnet!
465,"Service zero, kima ta7ki m3a robot. ??"
466,"Application simple w user friendly, merci."
467,"Tawwa n9oul chay 3likom, nahki les offres mte3kom."
468,"Ma fhemt chay, l'interface komplexe barcha."
469,"Merci 3ala l reponse sri3a, mli7. ??"
470,"C'est haram 3likom, katfalsfouna b les prix."
471,Najem n3ayet m3a conseiller b English?
472,L'application tatti erreur kif n7elha.
473,Nhib ncheki 3ala l reseau fi manouba.
474,"5idmtek mliha, choukran aziz. ??"
475,"Ma 3adech ykoun, hnaya l internet thebb."
476,"9oli chnoua lhal, ma najamch nd5ol l app."
477,"Leilla 5dmet mli7, l'yom chay mouch mli7."
478,"L'application mych tji mte3i, chnoua ta3mel?"
479,Sna3na problme m3a la fibre optique.
480,Merci Topnet Tunisie 3ala l suivi. ??
481,"Kahwa l'application, tatti crash kol ma nd5ol."
482,"Yelzem tna9sou fel les prix, chwaya 8alya."
483,"Ma 3andekom 7ata 7aja mliha, kollou faza."
484,L'offre hedhi top! N7ibha. ??
485,"7atta l'application ma t5dmch, wa9teli nchouf solde?"
486,Serviceclient@topnet.com mawjoud? Nhib naba3th mail.
487,"Jawna behi, mli7 3ala koll."
488,"Ma 3reftech kifach n7ot 5idma, 3awnouni."
489,Application tnajem tkoun akther mli7a.
490,Barcha problems m3a l'activation mta3 sim.
491,"Merci 3ala l'application, hyya a7la men 5idmet l'agent. ??"
492,"Ma tballaghouch 3ala l consommation, l fatura kbira."
493,Najm ykoun probleme mta3 update? L app makhdamtech.
494,"Rej3ou l'ancienne version, hedhi glay9a."
495,Brabbi chbikom msakrin l comments?
496,"Wa9teli nheb na3mel reclama, ma 7ad mawjoud."
497,"3jbni l'offre mta3 adsl, sbitar. ??"
498,"Moush mla7 l debit fi sousse, choufou l 7aja hedhi."
499,"Tawwa n3ayetkom w n9oulkom, 5idmetkom mych mli7a."
500,"Fhemtna, l'application fiha bug. Attent le correctif."
501,"Yelzem t5admou 3la service client, yelzem ykoun human."
502,Mli7a l'application ama tzid info 3ala consomation.
503,"Floskom zahra, w jawkom ta7t."
504,"Ma 3adech taba3kom, 5alitou l terrain. ??"
505,"L'application jedida a7la barcha, bravo! ??"
506,"Kahwa reel fi gammarth, choufouha. ??"
507,"Jawek 3amali 3ala 9ad ma nheb, merci."
508,"Choufou l'application, moush karima w interface glay9."
509,"Merci 3ala l'experience mla7a, customer service behi."
510,"Nhib nta3 jawek, kifach? ??"
511,"Ma 3adech ykoun, l internet lelw wa9t yji."
512,"C'est une arnaque l'offre hedhi, ma ykhalloch."
513,5idmtek mliha fi l'agence mta3 marsa.
514,"L'application t3attini problem, mais ma 3andich mochkla."
515,"Sna3na 7aja fi l box, sri3 barcha. ??"
516,"Merci 3ala l'offre Ramadhan, bravo."
517,"Yelzem tna9sou l les prix, w zidou l debit."
518,"Mli7 3ala koll, merci Topnet."
519,"Tfaddalou, chnoua l pass mta3 sbeh?"
520,"Application mouch mla7a, khallouna fi site web. ??"
521,"Ma najamch nactivi l internet, 3awnouni."
522,"Brabbi 3ala 3bed, l'application tji mte3i?"
523,Fasa5t ligne win? Ma 3amaltouch Demarche. ??
524,"L'internet mych mli7 fel 7ouch, sna3ou 7aja."
525,"L'equipe mta3kom zawali, 3awnouni barcha."
526,Nhib n3ref win n9oul a3chay mta3 l box?
527,"Service client robot, wa9teli n7ib na3mel rclamation?"
528,"A7la reseau fi tounes, courage! ????"
529,"L'application crashi, w ma t9balch l update."
530,"Ma 3adech ykoun, t3aytou 10 marra."
531,"Debit 4G sri3 barcha, choukran. ??"
532,Chbikom msakrin l commentaires? 3amaltou 7aja?
533,"Merci Topnet, n3ayetkom barcha w t5admouni mli7."
534,"Mochkla fel paiement, carte bancaire ma t5admetch."
535,"Application simple, w koll chay mzian."
536,L'offre mta3 l't hya hia! ???
537,"Ma fhemt chay, l'interface komplexe. Sahlouha."
538,"Re9i9a l'application, ma t7ibouch t5dmouha?"
539,"Jawkom 9wi fi zone rurale, merci! ??"
540,"Yelzem tzidou agences, barcha attente."
541,"Ma 3andekom 7ata flos, w 5idmtkom zero."
542,"Nhib nchouf code puk, win njibou?"
543,"L'application ma tahbetch, design 9dim."
544,"Merci 3ala l'amlioration, l'app saret a7la."
545,"C'est dommage, 3andna mochkla m3a l box."
546,Najm ykoun pass mta3 l 3chya?
547,"Service mla7, w jaw behi."
548,"L'application glay9a, wa9teli nheb na3mel recharge."
549,"Inssafna, l'application tatti erreur 500."
550,"7attyt sim fi telephone okhr, ma 3adchet. ??"
551,Brabbi kifach nsa7het compte?
552,"Merci 3ala l'avantage, c'est gentil. ??"
553,Wa9teli nheb na3tel fiha l'application barcha.
554,"L'internet thebb waqt l'user, choufouha."
555,"Ma3adech taba3kom, 9al3itouna b les prix."
556,"Tna9sou flouskom, chwaya 8alya. ??"
557,"Service rapide fi l'agence, merci."
558,L'application ma t5dmch 3ala l'ancien telephone.
559,Najm nkaml l offre mta3i mnghir ma n9ess?
560,"Mouch mla7 l internet fi biti, yelzem tzidou. ??"
561,"Jawkom mouch 3adi, sri3 barcha."
562,Chnoua l pass mta3 weekend? wa9teli ybda?
563,"Ma najamch n3ayet service client, le numero makhdmch."
564,"Merci 3ala l reponse, mais ma fhemt chay."
565,L'application crashi kif nji nchouf offre. ??
566,"Kahwa l'application, zidou fiha options."
567,C'est quoi l probleme? Internet taih. ??
568,"Nhib na3mel rclamation, win nemchi?"
569,"Bonne continuation, a7la jaw. ??"
570,"Ma tjawbouch 3ala l emails, service zero."
571,L'application ma t3attich l code puk.
572,"Faza m3a l'application, ma t7ebch t9abel l selfie."
573,"Merci 3ala l passeport, ma3adech na3mel 7aja. ??"
574,"L'interface 3jbni, moder ne w simple."
575,Najm ykoun l bug mta3 l'app 3ala Android?
576,"Choufou l'application, tnajem tkoun akther fluid."
577,Sna3na mochkla m3a l'activation mta3 l'option.
578,"Merci Topnet, les offres mtawla. ?"
579,Kifach n5arjou flous mn l'app?
580,"Ma 3adech ykoun, l'application tatti sueur. ??"
581,"7aja bitha l'application, rahou fiha bugs barcha."
582,Brabbi chbikom ma t7ottouch 5idma?
583,Yelzem tkoun l'application fi l'arabe.
584,"Mlih barcha, merci 3ala l update. ??"
585,"Service client ye5i barcha, ma 3awench."
586,L'application ma tzidch fiha les langues?
587,Kifach n7ot puce fi l'application?
588,"Jawkom sbitar, w l'application mli7a."
589,"Nhib na3mel upgrade, kifach?"
590,"C'est honteur, 3andi mochkla w ma 7ad 3aweni. ??"
591,Merci 3ala l'offre mta3 1DT. ??
592,Ma najamch n5dm l'application fi l'etranger?
593,"L'application tbarka 3ala 3bed, wa9teli n7eb na3mel 7aja tatti erreur."
594,"7ala mouch kima yelzem, l'application glay9a."
595,Merci 3ala l speed mta3 l'internet. ??
596,Chnoua l pass mta3 lilet?
597,"Ma 3andich signal fi l gharb, choufouha. ??"
598,Yelzem tzidou l'epaisseur mta3 l'application. ??
599,"Merci Topnet, customer service sri3."
600,"Nhib nchoukillek l'application, 5ayba barcha."
601,"Ma najamch nd5ol l'application, oublie mdp?"
602,C'est normal l'attente fi l'agence? ??
603,"Brabbi l'application ma t5dmch, 7atta l'ancienne."
604,"Application mych mla7a, zidou l couleurs."
605,Najem nkamel l'abonnement mn l'app?
606,"Wa9teli n3ayet 1200, y9oulou errors. ??"
607,"Merci 3ala les solutions, mli7 3ala koll."
608,"Floskom 8alya, w l'internet brabi. ??"
609,L'application tnajem tkoun a7la men heka. ??
610,Chbikom tna9sou les go? Ma 3adech ykoun. ??
611,Jawkom fi l south mouch mla7. ??
612,"Application mla7, w interface simple."
613,"Wa9teli nchouf les offres, l'application tatti sueur. ??"
614,Merci Topnet 3ala l'amlioration. ?
615,"Mochkla fel paiement, wa9teli n7eb na3mel. ??"
616,C'est quoi l probleme mta3 l'application? ??
617,"Nhib na3mel reclama, win n7ot'ha?"
618,"Service client ye5i, w l'application akther. ??"
619,Brabbi l'application ma t3attich l RIB?
620,"L'application crashi kol 5 min, chbikom?"
621,Merci 3ala les offers mla7. ??
622,Najem n3ayet b free fi l'app?
623,"Ma 3adech ykoun, l'application ta7souna. ??"
624,"Sna3na mochkla m3a l'solde, ma nchoufouch. ??"
625,Yelzem t7ottou dark mode fi l'application. ??
626,"C'est dommage, l'app kenet a7la."
627,L'application ma ta3tinich details mta3 consomation. ??
628,"Merci l'equipe, 3awnouni barcha. ??"
629,"Ma najamch n3ayet fi l'etranger, chbikom? ??"
630,"Choufou l'application, ma tzidouch features. ??"
631,Service client 3amli 3ala 9ad ma nheb. ??
632,"Nhib n5arjou flous, kifach? ??"
633,"L'application t5dm barcha, merci Topnet. ??"
634,"Brabbi, chnoua l'offre mta3 l'anne? ??"
635,Yelzem tzidou l vitesse mta3 l'app. ??
636,Merci 3ala l passeport internet. ?
637,"Faza m3a l'application, ma t3attich historique. ??"
638,L'application ma t5dmch 3ala l'iphone 5. ??
639,Chbikom ma t3awnounach? ??
640,Najem nchouf les factures fi l'app? ??
641,"Ma 3adech ykoun, l'application ta7t. ??"
642,"Merci Topnet Tunisie, 5idmetkom top. ??"
643,"C'est haram 3likom, l'internet 3andkom 8ali. ??"
644,L'application ma ta3tinich notification. ??
645,"Nhib na3mel change mta3 l'offre, kifach?"
646,Yelzem tna9sou l les attentes fi l'agence. ?
647,"L'application crashi, w ma 3andich solution. ??"
648,"Merci 3ala l'update, saret a7la. ?"
649,Ma najamch nactivi roaming. ??
650,"Service zero, w l'application zero. ??"
651,Brabbi l'application ma t3attich les codes. ??
652,"L'interface 9dima, yelzem tzidou modernit. ??"
653,Merci 3ala l'activation sri3a. ?
654,"Choufou l'application, tnajem tkoun a7la. ??"
655,C'est grave l'application mta3kom. ??
656,Nhib nchouf l'RIB mta3i. ??
657,"Ma 3adech ykoun, l'application tbarka 3ala 3bed. ??"
658,"Merci l'equipe Topnet, courage. ??"
659,"L'application ta7souna, chbikom? ??"
660,Najem n3ayet 3al 1200 gratuitement? ??
661,Ma najamch n5dm l'app fi l'etranger. ??
662,"Brabbi, l'application ma t7ebch tji. ??"
663,"C'est n'importe quoi, tna9sou les prix. ??"
664,"Merci 3ala l'application, mli7a. ?"
665,"L'application glay9a, wa9teli nd5ol. ??"
666,Yelzem tzidou agences fi bledna. ??
667,Chbikom l'app crashi barcha? ??
668,Nhib na3mel transfer credit. ??
669,"Ma 3adech ykoun, l'application ma t5dmch. ??"
670,"Merci 3ala l speed, l'internet sri3. ??"
671,L'application ma ta3tinich les details. ??
672,"C'est dommage, ma t3awnounich. ??"
673,Brabbi kifach nsa7het l'app? ??
674,"Service client mouch mla7, yelzem t5admou. ??"
675,Najem nchouf l historique mta3 appels? ??
676,Yelzem tzidou l'options fi l'app. ??
677,Merci 3ala l'info. ??
678,"L'application ta7t, wa9teli nheb na3mel 7aja. ??"
679,"Ma 3adech taba3kom, les prix t3adew. ??"
680,"Choufou l'application, ma t5dmch 3ala android. ??"
681,"C'est haram, l'application crashi. ??"
682,"Nhib n3ayet l'agent, win nemchi? ??"
683,"Merci Topnet, l'app saret a7la. ?"
684,"Brabbi, l'application tatti erreur. ??"
685,"L'interface mla7, mais l'app slow. ??"
686,Yelzem t7ottou dark mode. ??
687,"Ma najamch nd5ol, mot de passe oubli. ??"
688,Merci 3ala l'activation. ?
689,Chbikom l'app ma tji? ??
690,C'est normal lenteur mta3 l'app? ??
691,Najem n5arjou flous mn compte? ??
692,L'application ma ta3tinich confirmation. ??
693,Merci 3ala l'avantage. ??
694,"Ma 3adech ykoun, l'app glay9a. ??"
695,Brabbi chnoua l pass mta3 sbeh? ??
696,"Service zero, l'application zero. ??"
697,Yelzem tzidou l vitesse mta3 l'internet. ??
698,Nhib na3mel reclamation. ??
699,"Merci l'equipe, 5idmetkom sbitar. ??"
700,"C'est dommage, l'app tbarka 3ala 3bed. ??"
701,"Choufou l'application, crashi kol chwaya. ??"
702,Ma najamch n3ayet l service client. ??
703,L'application ma t3attich choix. ??
704,"Brabbi, kifach nactivi 4G? ??"
705,"Merci Topnet, jawkom mli7. ??"
706,Yelzem tna9sou flous mta3 l'offre. ??
707,Najem nchouf les details mta3 sim? ??
708,"C'est haram 3likom, tna9sou les prix. ??"
709,"L'application ma t5dmch, wa9teli nd5ol. ??"
710,Merci 3ala l reponse sri3a. ?
711,Chbikom l'app slow barcha? ??
712,Nhib n3ayet m3a conseiller. ??
713,"Service client mla7, mais l'app la. ??"
714,"Brabbi, l'application tatti erreur 404. ??"
715,Yelzem tzidou l features. ??
716,Ma najamch n5dm l'app fi l leyel. ??
717,Merci 3ala l offre. ??
718,"L'application tbarka 3ala 3bed, ma t5dmch. ??"
719,"C'est grave, l'internet taih. ??"
720,"Choufou l'application, ma t3attich solde. ??"
721,Najem n3ayet 3al 1200? ??
722,"Ma 3adech taba3kom, 5idmetkom rahet. ??"
723,Merci Topnet Tunisie. ??
724,Brabbi l'application ma t3attich l code. ??
725,Yelzem t7ottou l'arabe. ????
726,"L'application crashi, wa9teli nheb na3mel recharge. ??"
727,Nhib nchouf consomation. ??
728,"C'est n'importe quoi, l'app glay9a. ??"
729,Merci 3ala l update. ?
730,Ma najamch nactivi offre. ??
731,"Service zero, yelzem t5admou. ??"
732,L'application ma t5dmch 3ala l'android. ??
733,"Brabbi, kifach nchouf fatura? ??"
734,Yelzem tzidou l vitesse. ??
735,Najem n3ayet l'agent? ??
736,"Merci 3ala l'info, mli7. ??"
737,"C'est dommage, l'app crashi. ??"
738,"Choufou l'application, ma t5dmch bien. ??"
739,Nhib na3mel reclama. ??
740,L'application ma ta3tinihch l RIB. ??
741,Merci 3ala l service. ??
742,Brabbi l'application tatti sueur. ??
743,Yelzem tna9sou les prix. ??
744,Ma najamch nd5ol l'app. ??
745,Service client mla7. ??
746,L'application tbarka 3ala 3bed. ??
747,"C'est haram, tna9sou les go. ??"
748,Chbikom l'app crashi? ??
749,Najem n5arjou flous? ??
750,Ma 3adech taba3kom. ??
751,"Merci Topnet, l'app mla7. ?"
752,"Brabbi, l'application ma t5dmch. ??"
753,Yelzem tzidou options. ??
754,Nhib n3ayet 1200. ??
755,L'application ta7souna. ??
756,"C'est grave, l'app slow. ??"
757,Merci 3ala l activation. ?
758,"Choufou l'application, tatti erreur. ??"
759,Ma najamch nchouf solde. ??
760,"Service zero, l'app zero. ??"
761,L'application ma t3attich historique. ??
762,Brabbi kifach nactivi? ??
763,Najem n3ayet service? ??
764,Merci 3ala l offre mla7. ??
765,"C'est dommage, ma t5dmch. ??"
766,Chbikom l'app ta7t? ??
767,Nhib n5arjou flous. ??
768,L'application crashi barcha. ??
769,Merci l'equipe. ??
770,Brabbi l'application ma tji. ??
771,Yelzem tna9sou attente. ?
772,Ma najamch n3ayet. ??
773,Service client zero. ??
774,L'application ma ta3tinihch details. ??
775,C'est haram 3likom. ??
776,Choufou l'application. ??
777,Najem nchouf fatura? ??
778,Ma 3adech ykoun. ??
779,Merci 3ala l speed. ??
780,Brabbi l'app slow. ??
781,L'application ta7t. ??
782,C'est n'importe quoi. ??
783,Merci Topnet. ??
784,Chbikom ma t5dmch? ??
785,Ma najamch nactivi. ??
786,Service mla7. ??
787,Brabbi chnoua l pass? ?
788,Yelzem t5dmou 3la l'app. ??
789,Najem n3ayet? ??
790,Merci 3ala l reponse. ?
791,C'est dommage. ??
792,Choufouha. ??
793,Nhib l'RIB. ??
794,L'application crashi. ??
795,Merci. ??
796,Brabbi erreur. ??
797,Yelzem tzidou. ??
798,Ma najamch. ??
799,Service zero. ??
800,L'app glay9a. ??
801,C'est haram. ??
802,Chbikom? ??
803,Najem? ?
804,Ma 3adech. ??
805,Brabbi. ?
806,Yelzem. ??
807,Nhib. ??
808,L'app. ??
809,C'est. ??
810,Choufou. ??
811,Ma. ??
812,Service. ??
813,Merci. ?
814,Brabbi. ??
815,Najem. ??
816,L'application. ??
817,Chbikom. ??
818,Nhib. ?
819,Brabbi l'app. ??
820,Yelzem tna9sou. ??
821,Ma najamch nd5ol. ??
822,L'app ma t5dmch. ??
823,Najem n3ayet 1200? ??
824,Brabbi erreur 404. ??
825,Yelzem tzidou l options. ??
826,Nhib nchouf solde. ??
827,C'est grave. ??
828,Chbikom l'app crashi. ??
829,Brabbi l'application glay9a. ??
830,L'app ma t3attich l code. ??
831,Choufou l'application s'il vous plat. ??
832,Ma 3adech ykoun l'app ta7t. ??
833,Chbikom l'app slow? ??
834,Chokran Topnet! 🔥
835,a7sen offre mte3 sarka hhh
836,l'internet dima t9oss fi lil
837,"Bravo Topnet, service impeccable"
838,reseau 5/5 fil blassa mte3i ❤️
839,Ya3tikom essa7a
840,l'internet dima t9oss fi lil ❤️
841,Krahtha l'topnet mel offre hethi 😂
842,9adeh soum l'internet? ❤️
843,Jawbouni message privé
844,YA3TIKOM ESSA7A 📶
845,Chokran Topnet!
846,top internet mcha m3aya mriguel
847,top internet mcha m3aya mriguel 👍
848,yatikom sa7a 3al offre jdida
849,9ASIT 4G W MAFAMA CHAY
850,Krahtha l'topnet mel offre hethi
851,check inbox svp
852,Chnowa jdid lyoum?
853,Ahla topnet dima ltop 🙄
854,Tawa hetha réseau?
855,TOP INTERNET MCHA M3AYA MRIGUEL
856,Dima mdalletna Topnet
857,9asit 4G w mafama chay 🙄
858,Solde yetser9 wahdou!! 👍
859,connexion stable w tayara
860,Reseau zerooo fi bardo
861,Solde yetser9 wahdou!!
862,FLOUSSI MCHET FIL FARAGH
863,Reseau tayara barcha ❤️ 🔥
864,Pff dima l'internet m9oussa
865,9asit 4g w mafama chay
866,Dima mdalletna Topnet ❤️
867,TAWA HETHA RÉSEAU?
868,KIFECH NA3REF EL SOLDE MTE3I? 😡
869,Floussi mchet fil faragh
870,N7eb nbadal l'offre chna3mel?
871,yezzi mel sarka ya topnet 📶
872,Top internet mcha m3aya mriguel
873,"Bonjour, comment activer? ❤️"
874,Mafhemtech l'offre hethi chnowa feha
875,Pff dima l'internet m9oussa 💸
876,SERVICE CLIENT MAYHEZZOUCH
877,Bonne continuation!
878,Code topnet svp 😂
879,PFF DIMA L'INTERNET M9OUSSA 💸
880,n7eb nbadal l'offre chna3mel?
881,Ya3tikom essa7a ❤️
882,Service client mayhezzouch
883,JAWBOUNI MESSAGE PRIVÉ
884,Chnowa jdid lyoum? 👍
885,Yatikom sa7a 3al offre jdida
886,Ahla topnet dima ltop
887,Appel ma yet3adech jemla
888,topnet tounes
889,Winhom les points fidelité?
890,AHLA TOPNET DIMA LTOP
891,Arnaque kbira
892,Check inbox svp 🤔
893,Service client tayara
894,Connexion stable w tayara 📶
895,reseau 5/5 fil blassa mte3i
896,"BRAVO TOPNET, SERVICE IMPECCABLE 🔥"
897,appel ma yet3adech jemla 💸
898,est-ce que famma promo jeyya?
899,Est-ce que famma promo jeyya?
900,"Bravo Topnet, service impeccable 🔥"
901,L'OFFRE HETHI JET FI WA9THA 💸
902,Connexion stable w tayara
903,Bonne continuation! 👍
904,L'offre hethi s7i7a?
905,A7sen operateur fi tounes sans discussion
906,Reseau 5/5 fil blassa mte3i 🙏
907,SERVICE CLIENT TAYARA
908,Bonne continuation! 📶
909,RESEAU ZEROOO FI BARDO 🔥
910,A7sen offre mte3 sarka hhh 👍
911,Vraiment l'application jdida sahla barcha 👌
912,floussi mchet fil faragh 👍
913,Winhom les points fidelité? 🔥
914,Floussi mchet fil faragh 😂
915,Service client tayara 😂
916,Null service ❤️
917,service client mayhezzouch 🔥
918,L'offre hethi jet fi wa9tha
919,Ya3tikom essa7a 🙏
920,reseau tayara barcha ❤️
921,Null service
922,A7sen offre mte3 sarka hhh 🙏
923,"BONJOUR, COMMENT ACTIVER? 💸"
924,Code topnet svp
925,Tawa hetha réseau? 👌
926,KIFECH NA3REF EL SOLDE MTE3I?
927,Code topnet svp 🤔
928,a7sen operateur fi tounes sans discussion
929,"bonjour, comment activer? 📶"
930,Ghalia barcha
931,Service client mayhezzouch 🔥
932,YEZZI MEL SARKA YA TOPNET
933,l'offre hethi s7i7a?
934,A7sen offre mte3 sarka hhh
935,service client tayara
936,l'internet dima t9oss fi lil 😂
937,Vraiment l'application jdida sahla barcha 🤔
938,A7sen operateur fi tounes sans discussion 👌
939,Tawa hetha réseau? ❤️
940,service client tayara 😡
941,Ahla topnet dima ltop 🤔
942,vraiment l'application jdida sahla barcha
943,Mochkla fil code
944,L'offre hethi s7i7a? 👌
945,MOCHKLA FIL CODE
946,Check inbox svp
947,9ADEH SOUM L'INTERNET?
948,dima mdalletna topnet
949,A7sen operateur fi tounes sans discussion 😡
950,"Bravo Topnet, service impeccable ❤️"
951,Topnet tounes
952,L'internet dima t9oss fi lil
953,Dima mdalletna Topnet 💸
954,Tebloka el compte mte3i w 7ad ma jawedni
955,svp 3andi mochkla sghira 💸
956,Jawbouni message privé 😂
957,tawa hetha réseau?
958,9asit 4G w mafama chay 🙏
959,9adeh soum l'internet?
960,service client mayhezzouch
961,L'offre hethi jet fi wa9tha 👍
962,"bravo topnet, service impeccable 👍"
963,Jawbouni message privé 🙄
964,Svp 3andi mochkla sghira 🤔
965,Vraiment l'application jdida sahla barcha 😂
966,Chokran Topnet! 💸
967,reseau tayara barcha ❤️ 🙏
968,A7SEN OPERATEUR FI TOUNES SANS DISCUSSION
969,Vraiment l'application jdida sahla barcha
970,N7eb nbadal l'offre chna3mel? 🤔
971,service client mayhezzouch 👌
972,Yezzi mel sarka ya topnet
973,Jawbouni message privé 👌
974,9asit 4G w mafama chay
975,yezzi mel sarka ya topnet
976,Service client mayhezzouch 👍
977,Service client tayara 🙄
978,tawa hetha réseau? 🙏
979,n7eb nbadal l'offre chna3mel? ❤️
980,YA3TIKOM ESSA7A 🙄
981,Code topnet svp 🔥
982,kifech na3ref el solde mte3i?
983,check inbox svp 👌
984,mafhemtech l'offre hethi chnowa feha 👌
985,9adeh soum l'internet? 😡
986,"bravo topnet, service impeccable"
987,Floussi mchet fil faragh 🙄
988,Service client mayhezzouch 🙄
989,Ya3tikom essa7a 👌
990,reseau zerooo fi bardo
991,ya3tikom essa7a 🙄
992,reseau tayara barcha ❤️ 📶
993,"bravo topnet, service impeccable 🙏"
994,ya3tikom essa7a
995,VRAIMENT L'APPLICATION JDIDA SAHLA BARCHA
996,TAWA HETHA RÉSEAU? 😂
997,Winhom les points fidelité? 😡
998,Yezzi mel sarka ya topnet 💸
999,Svp 3andi mochkla sghira
1000,Null service 🔥
1001,a7sen operateur fi tounes sans discussion 💸
1002,Yezzi mel sarka ya topnet 👌
1003,A7sen offre mte3 sarka hhh 😂
1004,Ahla topnet dima ltop ❤️
1005,n7eb nbadal l'offre chna3mel? 🤔
1006,solde yetser9 wahdou!!
1007,Check inbox svp 👍
1008,Pff dima l'internet m9oussa 😡
1009,Mochkla fil code 🤔
1010,Jawbouni message privé 😡
1011,Topnet tounes 😡
1012,N7eb nbadal l'offre chna3mel? 😡
1013,L'internet dima t9oss fi lil 🔥
1014,"Bonjour, comment activer?"
1015,bonne continuation!
1016,chokran topnet!
1017,reseau tayara barcha ❤️ 🔥
1018,Reseau 5/5 fil blassa mte3i
1019,Service client tayara 🤔
1020,Floussi mchet fil faragh ❤️
1021,l'offre hethi s7i7a? 👍
1022,tebloka el compte mte3i w 7ad ma jawedni
1023,Ya3tikom essa7a 🤔
1024,code topnet svp ❤️
1025,Vraiment l'application jdida sahla barcha 🙏
1026,tebloka el compte mte3i w 7ad ma jawedni 🔥
1027,L'OFFRE HETHI S7I7A?
1028,krahtha l'topnet mel offre hethi
1029,code topnet svp
1030,chnowa jdid lyoum?
1031,FLOUSSI MCHET FIL FARAGH 📶
1032,L'offre hethi s7i7a? 🤔
1033,AHLA TOPNET DIMA LTOP 🤔
1034,Bonne continuation! ❤️
1035,"Bonjour, comment activer? 🙏"
1036,Reseau tayara barcha ❤️
1037,L'offre hethi jet fi wa9tha ❤️
1038,L'offre hethi jet fi wa9tha 🤔
1039,appel ma yet3adech jemla
1040,DIMA MDALLETNA TOPNET
1041,SOLDE YETSER9 WAHDOU!!
1042,service client tayara 🙄
1043,Null service 😂
1044,pff dima l'internet m9oussa 🙏
1045,Svp 3andi mochkla sghira 🙄
1046,TOPNET TOUNES
1047,bonne continuation! 💸
1048,BONNE CONTINUATION!
1049,Chokran Topnet! 👌
1050,SVP 3ANDI MOCHKLA SGHIRA
1051,service client tayara 👍
1052,RESEAU 5/5 FIL BLASSA MTE3I
1053,EST-CE QUE FAMMA PROMO JEYYA?
1054,a7sen offre mte3 sarka hhh 🔥
1055,Krahtha l'topnet mel offre hethi 🙄
1056,Bonne continuation! 💸
1057,Mochkla fil code ❤️
1058,dima mdalletna topnet 👌
1059,RESEAU ZEROOO FI BARDO 🤔
1060,A7sen offre mte3 sarka hhh 💸
1061,Svp 3andi mochkla sghira ❤️
1062,Yatikom sa7a 3al offre jdida 👌
1063,yatikom sa7a 3al offre jdida 👌
1064,null service
1065,Winhom les points fidelité? 💸
1066,Kifech na3ref el solde mte3i? 🤔
1067,Winhom les points fidelité? 📶
1068,Connexion stable w tayara 😂
1069,jawbouni message privé 💸
1070,mafhemtech l'offre hethi chnowa feha 🙄
1071,RESEAU ZEROOO FI BARDO
1072,Winhom les points fidelité? 🙄
1073,Kifech na3ref el solde mte3i?
1074,KRAHTHA L'TOPNET MEL OFFRE HETHI 📶
1075,L'OFFRE HETHI S7I7A? 🙏
1076,RESEAU TAYARA BARCHA ❤️
1077,l'internet dima t9oss fi lil 💸
1078,Reseau tayara barcha ❤️ 💸
1079,TOP INTERNET MCHA M3AYA MRIGUEL 🙄
1080,svp 3andi mochkla sghira
1081,jawbouni message privé
1082,ARNAQUE KBIRA
1083,ahla topnet dima ltop 📶
1084,l'offre hethi jet fi wa9tha
1085,Tawa hetha réseau? 🔥
1086,vraiment l'application jdida sahla barcha 👍
1087,krahtha l'topnet mel offre hethi 🔥
1088,Top internet mcha m3aya mriguel 💸
1089,Solde yetser9 wahdou!! 😡
1090,bonne continuation! 🤔
1091,Check inbox svp 💸
1092,ahla topnet dima ltop
1093,9adeh soum l'internet? 🙄
1094,9asit 4g w mafama chay 🙏
1095,Solde yetser9 wahdou!! 📶
1096,APPEL MA YET3ADECH JEMLA
1097,réseau topnet 4G mazel ma3adch ykhdm fi blasti 😤 chwiya ta7sin please
1098,Bonne offre mais le service client يعيش في عالم ثاني والله
1099,اتصلت بـ customer service وستيني 45 دقيقة وما حليلوليش الموضوع 😡
1100,l'application topnet tunisie crashed mara khra 😑 kifeh nhot recharge maintenant
1101,"Fibra topnet باهية برشا، débit super, merci topnet 👏"
1102,winou el réseau fi zone 3 sfax?? كل يوم H+ وما عندناش 4G بركة
1103,Promotion mois de ramadan كانت باهية برشا، bonne initiative 🌙
1104,"Mobiflous ykhdem bien, pratique barcha w ama3 😊"
1105,prix les forfaits ghaliw برشا مقارنةً بـ Ooredoo w Telecom
1106,"3adet internet 3 jours w barka ma rja3ch, chkoun ysa3dni??"
1107,Application mobile حق topnet محتاجة update، بطيئة جدا 😩
1108,Franchement réseau topnet fi Tunis ville super 👍 content barcha
1109,Recharge automatique ma khdmtech nhar l3id wech heka service 😒
1110,Fibra 100MB ما لقيتهاش في منطقتي، kifeh na3mel demande?
1111,"Service client aimables w mfahmin, 3jebni el ta3amol 🙂"
1112,5G winou 😩 كل المشغلين يحكوا على 5G وما نشوفوهاش في تونس
1113,Forfait data mazel 5edma بركة !!
1114,Roaming fi france كان ghali برشا، 10 dinars el yawm mouch normal
1115,"Topnet money khedma w service fiable, tnajem tchargi w tkhelles bil raha 😊"
1116,"Na9es réseau fi mateur complètement, kifeh n3ich هكذا 😤"
1117,"offre internet monthly bahy, mrigla prix"
1118,اتصلت 3 مرات بالـ support وكل مرة يقولوا ننتظر جواب 🙄
1119,"SMS confirmation moch tjina, عنجهية هذي 😠"
1120,باهية خدمتكم في مطار قرطاج، réseau 4G top
1121,"Forfait 30j mrigel, j'utilise depuis 2 ans w barka mouch nadem"
1122,couverture réseau fi jendouba na9sa برشا 😢
1123,حاولت نبدل forfait من التطبيق وما قدرتش، bug mouçab!
1124,fibra mazel tji 3indna الريف wala mouch service غير للمدن؟
1125,Recharge 5d وما لقيتهاش في تطبيق، kifeh ne3mel??
1126,"merci topnet 3la offre famille, économique barcha 💕"
1127,Service client répondent vite على وتساب، top 👌
1128,"internet انقطع نهار كامل وما عطاوناش compensation, mouch 3adel"
1129,"connexion 4G fi sousse centre bahy, content 😃"
1130,Hotline مرات تعيب برشا، no3od nstanna w ma yrodch
1131,اشتريت شريحة topnet وما خدمتش، rjact للمحل قالولي اصبر 🙃
1132,Topnet business خدمة مميزة للشركات 👍
1133,Coupure internet kol yom fi 7:00 du soir wech hhh 😂
1134,"winou el technician weld el 3am, 3 jours w ma jach encore"
1135,mrigel l forfait الشبابي، prix mlogout
1136,"Application ma t7melch photos brabi, تصليحوا يا ناس"
1137,réseau صفاقس الجنوبية مريح، باهي الحمدلله 😊
1138,recharge بالبطاقة البنكية في التطبيق tnetfa3 bien
1139,كيفاه نعمل migration من postpaid لـ prepaid?
1140,"offre roaming europe 3jebni barcha, prix raisonnable 🌍"
1141,الشبكة في المدرج تعيب، kifeh ykhdmu الناس 😤
1142,Facture مش واضحة، من فضلكم اعملوا details أحسن
1143,Appli topnet ma t5demch 3la android قديم، chkoun ysa3dni
1144,Service client تبسمو وساعدوا، merci لهم 🙏
1145,"internet bta3 fibra mwazen barcha, mazel nstanna tji fi blasti"
1146,Na9es data wala credit بلا سبب، ما فهمتش ليش
1147,"topnet bta3 زغارة mouch kbir, données mrigla"
1148,"4G fi monastir top, راضي على الخدمة 👍"
1149,recharge منحل مريحة، facile barcha
1150,"Réseau coupé fi route nationale pendant 2h, wech هذا 😡"
1151,kifeh n3mel transfert de solde? ما لقيتهاش في التطبيق
1152,Topnet Fibra fi hay ennasr top جداً، vitesse super 🚀
1153,تحديث التطبيق الجديد أبطأ من القديم، هذا تراجع مش تقدم 😒
1154,content barcha بالعروض الحصرية لمشتركي أورنج 🎉
1155,"hotline 8012 no3od nstanna 30 min, zahri 😩"
1156,ما عندكمش فرع في زغوان، kifeh n3amlu المسائل
1157,Topnet Tunisie الأحسن في تونس حسب رأيي 💪
1158,Data 4G fine في تونس العاصمة لكن في الريف zéro
1159,التطبيق crash عند كل recharge 😩 fix it please
1160,عرض internet شهر رمضان كان باهي برشا، نتمنا يرجع
1161,Réseau في مطار تونس قرطاج ضعيف، مش معقول في المطار 😤
1162,internet fibra وقف من الصباح ونهار كامل بلا حل 😡
1163,سرفيس كلينت بالعربي باهي برشا، merci 😊
1164,offre 4G+ 15Go mrigla prix 👌
1165,topnet money امن وسريع، nbeh biha برشا
1166,Réseau في بنزرت تحسن برشا هذا العام 👍
1167,كيفاه نلغي abonnement من التطبيق بدون ما اتصل
1168,Coupure نهارية كل يوم نفس الوقت تقريباً 😒
1169,Application joie نهار، mouch ça 3la iOS أحسن من android
1170,تصليحو التطبيق برابي والله يخليكم 🙏
1171,topnet money tnajem تشحن بكل سهولة 👍
1172,"réseau fi jdou9 mazel kamel 5arba, chkoun ysa3dna"
1173,"Offre famille économique barcha, merci topnet 😊"
1174,internet waqaf fi منطقتنا وما حكاونا بشي 😠
1175,"Service client wa7em, 3 jours w ma hal-lilich el mochkla 😡"
1176,"Fibra 200MB thela3, nchofou YouTube 4K bla ta7mil 🎬"
1177,"المنطقة تبعتي H+ فقط والناس الأخرى 4G, chkoun ya5udh حقي"
1178,"recharge barcha mrigla, facile w sari3"
1179,Application topnet تحتاج redesign كاملة، UX سيء 😐
1180,Topnet sponsorise مهرجانات كثيرة، bon pour la culture 🎵
1181,"Réseau fi Djerba touristique top, content 😃"
1182,خدمة مبيعات ممتازة لكن support ta3eb نفسه 🤷
1183,Forfait pro barcha mrigel للشغل 💼
1184,"winou 5G ya topnet hhh, kol yom post w ma nalqawouhach 😂"
1185,"Coupure internet fi bab souika ma3roof, 3adi عندكم؟"
1186,4G speed في سوسة الميدان رائعة الحمدلله 🚀
1187,"التطبيق يطلب login في كل مرة, bug mouch normal 😩"
1188,Offre données illimitée lil 3oumal باهية برشا 🙌
1189,"réseau fi Ain Draham zéro barre, kifeh n3ich هكذا في الجبال 😢"
1190,"Service réparation vite w efficace, chokran 🙏"
1191,"recharge en ligne tnajem ta3mlha بكل سهولة, thumbs up 👍"
1192,Fibra مش متوفرة في منطقتي، kifeh na3mel demande d'installation
1193,Topnet Tunisie يحتاج يرفع مستوى خدمة العملاء 😒
1194,عرض الدخول المدرسي كان ممتاز 🎒
1195,"Application crash 5arba, fix it svp 😤"
1196,"Mrigla l forfait 4G, content barcha 😊"
1197,winou el réseau fi mahdia? kol yom coupure 😡
1198,"vitesse fibra thela3 barcha, streaming irréprochable 🎉"
1199,سرفيس كلينت ردوا بالسرعة على الفيسبوك، شكراً
1200,topnet money khalesst fatouri barcha facile 💸
1201,الشبكة في مكتبي H+ تحت، mouch bahi lil chghal
1202,"Forfait mensuel prix mrigla, najem nhottah w nkhelles"
1203,appli ma ta9darch tchargi بطاقة بنكية منذ update الأخيرة 😩
1204,Réseau 4G Tunis lac stable w rapide 👌
1205,SMS notification ta3 recharge moch tjini 😒
1206,"Offre roaming europe 3ajebni, prix logique 🌍"
1207,"اشتريت شريحة topnet pro w ma 5demtech, chkoun yrod 3liya"
1208,Service client sympathiques w efficaces 🙂
1209,Fibra tnajem ta3mlha بدون technician? wala lazem yji dima
1210,"internet انقطع وقت الباك بكلوريا, taw 3layna 😤"
1211,l'offre promotionnelle de fin d'année كانت رائعة 🎁
1212,"réseau fi kef na9es برشا, kifeh nta3rfu mta يتحسن"
1213,"Topnet تحب تونس, sponsoring sportif bahy 🇹🇳"
1214,"Mrigla téléchargement bta3 appli, facile install"
1215,الأسعار غلاو هذا العام مقارنة بالمنافسين 😒
1216,"internet waqaf fil matin w rja3 fil messa, normal هذا؟"
1217,4G+ fi sfax centre bahy brabi 🚀
1218,Forfait famille 3 lignes économique barcha 👨‍👩‍👧
1219,Appli تحتاج dark mode برابي 🌙
1220,"ma3adch qader nchargi crédit fi التطبيق منذ أسبوع, chkoun ysa3dni 😩"
1221,Réseau في الشمال الغربي محتاج تحسين عاجل
1222,content barcha من مستوى الشبكة في Hammamet 🏖️
1223,"Topnet box كانت problem w جاء technician بسرعة, مرسي 🙏"
1224,Application iOS ma3adch ta5dem منذ التحديث الأخير 😡
1225,facile tchargi من Topnet money فيل، super
1226,"Débit internet في المنزل ضعيف رغم forfait 100MB, chkoun y7el"
1227,topnet mon opérateur منذ 10 ans وبركة وفي 💪
1228,Réseau fi mahres na9es برشا 😢
1229,Offre black friday كانت top l3am el 9adim 🔥
1230,كيفاه نشوف رصيدي بسرعة بدون ما نفتح التطبيق؟
1231,"Service client répondent vite, 3jebni 👍"
1232,"internet مازال بطيء رغم ما زدنا forfait, wech هكذا 😒"
1233,4G fi kelibia w nabeul 3ajeba برشا ☀️
1234,"Fibra توقفت 3 أيام والتقني ما جاش, c'est inacceptable 😠"
1235,عرض شبابي 4G mrigla برشا للطلبة 🎓
1236,SMS يجيني في وقت خاطئ، même numéro 😂
1237,"Topnet fibre في منطقتي mazel تجيش, kifeh na3mel demande"
1238,Appli shari3a w interface باهية، top 👌
1239,réseau في طريق تونس-قابس na9es برشا، خطر على المسافرين 😤
1240,Hotline 8012 ndirha w ma yhowlich احد 😡
1241,"internet في المركز التجاري top, stable"
1242,"Forfait annuel prix mrigla barcha, économique"
1243,Topnet Tunisie mazel ahsan min ooredoo 3indi 💪
1244,"Application ne marche pas offline, problème majeur"
1245,recharge بالبطاقة البنكية منحل سهلة، merci
1246,"Data wiqfet w ma3adch rj3et, chkoun yrod 3liya 😩"
1247,Mobiflous service sécurisé w pratique 💰
1248,Réseau في بئر علي البن ضعيف، kifeh n3ich 😢
1249,"topnet fibra أحسن من adsl barcha, vitesse rh3a 🚀"
1250,"Application graphique qadim, time for redesign 😐"
1251,Merci service client helpline 3la ta3amul لطيف 🙏
1252,internet قطع نهار الباك بكلوريا وهكذا تصير فينا 😡
1253,Forfait data 10Go mrigla barcha 👍
1254,topnet money اسهل طريقة تخلص فواتير 💸
1255,"Réseau في قرية متلوي zéro, ma3adch acceptable"
1256,عرض end of year كان مميز برشا 🎊
1257,Technical support لا يردون بعد 18:00 😒
1258,"4G stable fi ariana, content barcha 😊"
1259,Appli mobile كلما زدت شي تتعقد أكثر 😩
1260,recharge kol شهر من التطبيق بدون مشاكل 👍
1261,سرفيس كلينت أونلاين أسرع من الهاتف ✅
1262,internet mazel bati3 fi منطقتي رغم العروض الجديدة 😔
1263,topnet تساهم في التنمية الرقمية في تونس 🇹🇳
1264,recharge carte بدون رسوم إضافية ✅
1265,"réseau في الكاف مش acceptable, chkoun ysama3na 😡"
1266,"Application تطير على iOS, mazal android يعيب 🍎"
1267,Fibra prix mrigla مقارنة بالخدمة المقدمة 👌
1268,topnet money تنجم تحول من بعد بلا تعقيد 💸
1269,Réseau 4G في حي التضامن 3adet normal
1270,"appli crash fi kol update jadid, fix your bugs please 😤"
1271,Offre للطلبة منافسة برشا 🎓
1272,كيفاه نعطل تجديد تلقائي ما عندي فلوس الأسبوع ذا 😅
1273,"Service client صبروني على الهاتف 40 دقيقة, mouch normal"
1274,internet fibra هبطت سرعته من بعد ما زدنا plan 😒
1275,"Mrigla l application, rapide w simple"
1276,topnet fi tunisie l opérateur numéro 1 😊
1277,Data تنقص بسرعة كبيرة والله ما نعرف شكون ياكلها 😂
1278,"réseau في route de bizerte coupure متكررة, خطر"
1279,"Forfait entreprise 3ajebni, prix logique 💼"
1280,Technical team جاو على الوقت و7lo el mochkla brabi ✅
1281,internet في المصحة الإقليمية ضعيف جداً، هذا يؤثر على العمل 😤
1282,topnet هاني مشترك معاكم من 2008 وبركة وفي 💪
1283,Appli تحديث جديد أحسن من القديم، شكراً للمجهود 👍
1284,"internet mazel yqata3 كل ليلة نفس الوقت, normal هذا؟"
1285,recharge en ligne mrigla w sécurisée 👌
1286,Réseau في منطقة الطاهر na9es، kifeh n3amlu
1287,"Offre promotionnelle vite تنهى, lazem tzidu le stock 😅"
1288,سرفيس كلينت ma3adch ya3mel عطلة الجمعة، normal هذا؟
1289,Fibra prix جديد رخيص برشا مقارنة بما كان عليه 🎉
1290,"Application crash عند كل login, ma3adch qader ndakhal 😩"
1291,4G في المناطق الصناعية ممتازة 👍
1292,topnet money تنجم تخلص في كل مكان 💸
1293,"ma3adch qader nchargi crédit depuis 3 jours, bug ou quoi?"
1294,"Réseau في تطاوين na9es برشا, rana 3aychin هنا بركة 😢"
1295,offre internet blimit bahy برشا 😍
1296,sms de confirmation tjini متأخرة برشا، fix it please
1297,topnet fibra سرعة 300MB حلوة برشا في الدار 🚀
1298,hotline trod وقت طويل، min fadhlek rakiz 3la ça 😒
1299,عندي مشكلة في الفاتورة منذ شهر وما حلوهاش 😡
1300,Appli حديثة وسهلة الاستخدام، j'adore 😍
1301,"réseau fi kasserine na9es, wina rana baad العاصمة"
1302,خدمة ممتازة في فرع المنزه، merci للفريق 🙏
1303,topnet money sécurisé barcha w fiable ✅
1304,Forfait flex باهي برشا للموظفين 💼
1305,"Réseau في Zarzis top, content 😃"
1306,application bta3 topnet tnajem ta3mlha ahsan bkthir 😒
1307,"Data 3G بدل 4G وأنا مشترك في 4G, kifeh? 😤"
1308,Offre famille 4 lignes économique barcha 👨‍👩‍👧‍👦
1309,fibra mazel ma9adartch t9alab fi منطقتي 😢
1310,Service client لطيف وحل مشكلتي في اليوم ذاته ✅
1311,"Internet qata3 fi mbareh w ma rja3ch fel yom, wech هذا 😠"
1312,topnet يدعم الشباب التونسي 💪🇹🇳
1313,Appli تحتاج widget للرصيد على الشاشة الرئيسية
1314,réseau في المستشفى الجامعي ضعيف جداً، هذا خطير 😤
1315,"recharge تلقائية ما عملتش هذا الشهر, mochkla"
1316,Fibra في العمارة تشتغل بكل الشقق بدون مشاكل ✅
1317,"SMS يجي بعد ساعة من إرساله, normal هذا في 2024؟ 🤦"
1318,topnet mrigel ama prix غلاو شوية 😅
1319,connexion في المحطة بالغلط خيت 4G بالقبالة hhh
1320,Technical support ردوا بالسرعة وحلوا المشكلة ✅
1321,Réseau في منطقة الزهور قمة 4G 🌟
1322,Appli تسمح تبدل forfait بسهولة، pratique barcha 👌
1323,"internet fibra wiqfet nhar mzawej, zahri 😡"
1324,topnet money tnajem ta3mel virement بسهولة 💸
1325,Réseau في الشابة والجم na9es، كيفاه نعملوا طلب تحسين
1326,Offre data إضافية عند استنزاف الباقة mrigla barcha 👍
1327,"Application crash fi android 14, update please 😩"
1328,خدمة عملاء رائعة عبر الواتساب ✅
1329,4G في منطقة مرسى ba7ri ممتازة 🏖️
1330,Fibra prix جديد أرخص، merci topnet 🎉
1331,"recharge fi agence mrigla, sans attente 👍"
1332,"réseau fi 3 منطقة مختلفة ما عندناش 4G, wech هذا 😠"
1333,topnet programme fidélité mrigla barcha 🌟
1334,SMS spam من topnet yjiw كثيرة جداً 😒
1335,4G في جزيرة جربة top pour les vacances ☀️
1336,"Appli تنهار عند تفعيل forfait, problem 5arba 😡"
1337,topnet service باهي لكن تحتاج ترفع couverture في الريف
1338,كيفاه نستعيد رقمي بعد ضياع شريحة؟
1339,Fibra 100MB w streaming 4K bla ta7mil 🎬
1340,topnet money application تحتاج update جديد
1341,Réseau في المدرسة الابتدائية ضعيف، الأساتذة يشتكوا
1342,content barcha من مستوى الخدمة في فرع صفاقس 😊
1343,internet fibra waqaf w ma3adch rja3 منذ يومين 😡
1344,Mrigla l forfait illimité 3lach ma7kach عليه قبل 👌
1345,Application صعيبة بالنسبة لكبار السن، lazem tbasitouha
1346,4G في باجة na9es برشا، kifeh n3ich 😢
1347,merci topnet 3la cadeau anniversaire لمشتركين القدامى 🎁
1348,réseau coupé fi تونس العاصمة نهار كامل، wech هذا 😡
1349,Fibra installation تأخرت 2 أسابيع على الموعد المحدد 😒
1350,"topnet money fiable w sécurisé, j'utilise depuis 2 ans ✅"
1351,Offre إضافة خط mrigla barcha 👍
1352,appli تحتاج ترجمة كاملة بالعربية 🇹🇳
1353,Réseau في Rades centre top 😊
1354,"SMS يجيني من رقم غريب باسم topnet, arnaque?? 😨"
1355,internet fibra سريعة جداً للعمل من المنزل 💻
1356,Service client ma3adch y7el مشاكل في وقت معقول 😡
1357,Forfait 7Gb mrigla prix barcha للاستخدام اليومي 👌
1358,topnet يدعم الفرق الرياضية التونسية 🏆
1359,"Appli android 5arba من update الأخيرة, rollback please 😩"
1360,Réseau في Raoued ممتاز، باهي الحمدلله ✅
1361,كيفاه نعمل portabilité من مشغل آخر لأورنج؟
1362,internet waqaf w hotline 3adet ma trodch 😤
1363,topnet fibra أفضل من adsl بمراحل ✅
1364,Forfait family pack économique pour 5 membres 👨‍👩‍👧‍👦
1365,"réseau في غار الدماء na9es, 3aycha في عزلة رقمية 😢"
1366,Application logique وسهلة، bien fait 👍
1367,Fibra connexion stable حتى في الطقس الرديء ✅
1368,topnet تقدم خدمات للشركات الصغيرة مميزة 💼
1369,SMS confirmation عند الشحن يجي متأخر، 3adi عندكم؟
1370,4G في Sidi Bouzid centre تحسنت برشا هذا العام 📈
1371,application bta3 topnet ma ta9derch تفتح بدون wifi 😡
1372,Offre مناسبات وطنية دايما باهية 🇹🇳
1373,réseau fi chebba w mahres 5arba complètement 😤
1374,topnet money sécurisé w pratique pour paiements 💸
1375,Fibra installation كانت سريعة والتقني مهني ✅
1376,internet mazel H+ في منطقتي، متى تجيني 4G؟
1377,Service client واتساب أحسن من الهاتف 🙂
1378,Appli تحتاج إضافة option لمتابعة consommation data بالتفصيل
1379,réseau في فريانة وتاله na9es برشا 😢
1380,Forfait étudiant économique barcha، شكراً topnet 🎓
1381,internet coupé خلال امتحانات الباك، ما يصحش هذا 😡
1382,topnet fibra vs adsl: لا مقارنة، fibra أحسن بمليون 🚀
1383,Application interface propre w moderne 👌
1384,recharge réussie من التطبيق خلال 30 ثانية ✅
1385,Réseau في Le Kram ممتاز 😊
1386,Technical support ما ردوش على ticket منذ 5 أيام 😡
1387,topnet نتمنا تفتح نقاط بيع أكثر في الجهات
1388,4G في El Mourouj باهية الحمدلله 👍
1389,Appli تحتاج mode economie batterie 🔋
1390,internet fibra stable 24/7 ✅
1391,"Réseau في Ben Guerdane na9es, kifeh n3ich هكذا 😢"
1392,topnet money w fidélité mrigla برشا 🌟
1393,SMS promotion يجيني عند وقت غلط 3:00 الليل 😩
1394,Forfait 4G illimité la nuit باهي للطلبة 🌙
1395,"Appli تعلق عند فتح les paramètres, bug mouch normal"
1396,merci topnet 3la جودة الشبكة في حمام سوسة ☀️
1397,Topnet fibra من أحسن ما في تونس للإنترنت المنزلي 🏠
1398,Réseau في Ennahli باهي برشا 😊
1399,recharge fi un click mrigla 👍
1400,"internet وقف وقت match وطني, زهرتنا 😂"
1401,سرفيس كلينت responsive 3la الفيسبوك ✅
1402,Offre data في المساء أرخص، bahy barcha 🌙
1403,"Appli design joie, UX منطقي 👌"
1404,réseau 4G في Hay Hlal باهي 😊
1405,"internet cut في kol weekend, wech سبة 😡"
1406,Mobiflous sécurisé w pratique بالزبط ✅
1407,Forfait roaming maghreb رخيص برشا 🌍
1408,application topnet bta3 الأصحاب قالولي أحسن من ooredoo
1409,réseau في Boumhel باهي w stable ✅
1410,SMS non sollicités كثيرة جداً من topnet 😒
1411,Fibra في عمارة الجوار زادت سرعتها هذا الشهر 📈
1412,كيفاه نعطل auto-renewal من التطبيق مباشرة؟
1413,4G في Mornag w Fouchana top 😊
1414,internet fibra waqfet w hotline تصبر 1 ساعة 😡
1415,topnet money تنجم تدفع فواتير steg w sonede 💸
1416,Appli تحتاج notification عند انتهاء data 🔔
1417,"Réseau fi Siliana 5arba complètement, kifeh na3mel 😢"
1418,Offre spéciale fêtes باهية برشا 🎊
1419,Fibra تنفع برشا لـ gaming والله سرعة وبدون lag 🎮
1420,service client لطيف لكن بطيء في الحلول 😐
1421,internet في البيت مريح w stable الحمدلله 😊
1422,Topnet يحتاج يمد شبكة الفيبرا في أكثر مناطق 📡
1423,recharge عبر التطبيق في أقل من دقيقة ✅
1424,réseau في Mdhilla na9es برشا 😢
1425,Forfait شباب économique مريح للطلبة 🎓
1426,Appli تحديث الأخير ما عاد يخدمش على هاتفي 😡
1427,topnet Fibra installation rapide w professionnelle ✅
1428,Réseau في السيجومي وسيدي بوسعيد ممتاز ☀️
1429,internet mazel bati3 لهذا السعر، wech هكذا 😒
1430,السرفيس كلينت على أونلاين أحسن من الفرع 💻
1431,4G في Ain Zaghouan باهي برشا ✅
1432,Appli bug عند تسجيل الدخول يومياً 😩
1433,topnet fibra gaming w streaming بدون مشاكل 🎮
1434,Réseau في Feriana na9es جداً 😢
1435,Offre internet شهري مريح w prix مناسب 👍
1436,Mobiflous تنجم تشحن من أي مكان ✅
1437,internet fibra waqfet w ma rja3etch depuis ce matin 😡
1438,Forfait professionnel مميز للمتعاملين 💼
1439,Appli تحتاج option لمشاركة data بين أفراد العائلة
1440,réseau 4G في Bir Mcherga حلو 😊
1441,SMS تأكيد recharge يتأخر أكثر من ساعة 😒
1442,topnet 3jebni l offre nouveauté بتاعت هذا الشهر 🎉
1443,Fibra في حي كرمبالية top 🚀
1444,internet في المنطقة الصناعية ضعيف رغم التعاقد 😤
1445,كيفاه نشكي في التطبيق مباشرة بدون ما أتصل؟
1446,Service client حل مشكلتي في نفس اليوم، شكراً 🙏
1447,Réseau في Mahrès حلو منذ التحديث 📈
1448,internet mazel bati3 رغم اشتراك fibra 100MB 😡
1449,topnet money تنجم تحوّل فلوس لأي رقم ✅
1450,Offre weekend data gratuite باهية للترفيه 😍
1451,Appli notification push مش تشتغل عندي 😒
1452,réseau في Sidi Alouane حلو برشا ✅
1453,Fibra تنفع برشا لـ télétravail 💻
1454,Service client متاح يوم الجمعة بالعشية؟ ما نعرفش
1455,4G في Mezzouna top 😊
1456,internet cut نهار match كبير، coincidence؟ 😂
1457,topnet fibra meilleure vitesse than adsl definitely 🚀
1458,Réseau في Tebourba stable w حلو 😊
1459,recharge facile min التطبيق بكل ريحة ✅
1460,internet waqfet waqt امتحانات في جامعة صفاقس 😤
1461,topnet 3jebni l programme points fidélité 🌟
1462,Appli تحتاج dark mode لأصحاب البصر الضعيف 🌙
1463,réseau في Majel Bel Abbès na9es 😢
1464,Forfait internet شهري economique للعائلة 👨‍👩‍👧
1465,Fibra installation كانت نظيفة وسريعة ✅
1466,internet في المطعم حق topnet box باهي 😋
1467,السرفيس كلينت مش متاح ليلاً، مشكلة للحالات الطارئة
1468,4G في Bir Ali Ben Khalifa stable ✅
1469,Appli يعطي error 500 عند كل تحديث forfait 😡
1470,topnet money w recharge في نفس التطبيق، pratique barcha 💸
1471,Réseau في El Fahs حلو brabi 😊
1472,internet mazel يقطع كل ليلة نفس الوقت 😒
1473,topnet team تحل مشاكل الفيبرا بسرعة ✅
1474,"Forfait spécial Ramadan ma3adch, kifeh 3adet قصة سنوية"
1475,Appli UI تحسنت برشا في الإصدار الجديد 📱
1476,réseau 4G في Mateur حلو الحمدلله ✅
1477,internet fibra ما جاش على الموعد المحدد 😡
1478,topnet مريحة للأعمال التجارية الصغيرة 💼
1479,SMS spam من topnet يجي في منتصف الليل 😩
1480,4G في Nefta w Tozeur حلو برشا 🌴
1481,Appli تعلق عند تحميل الفاتورة 😒
1482,topnet fibra أحسن قرار اتخذته في الحياة 😂✅
1483,Réseau في Tataouine centre حلو 😊
1484,internet mazel بطيء رغم تغيير الباقة 😔
1485,topnet money pratique لكن هل هو 100% آمن؟
1486,Offre data illimitée ليلاً مميزة للطلبة 🎓
1487,Appli تحتاج integration مع apple watch ⌚
1488,réseau في Douar Hicher حلو w stable ✅
1489,Fibra waqfet كل يوم نفس الوقت، normal هذا؟ 😒
1490,topnet sponsore Topnet Cup برشا، supporteur 🏆
1491,4G في Jedaida والمحيط باهي 😊
1492,internet fibra w gaming PS5 بدون lag، رائع 🎮
1493,كيفاه نعرف إذا منطقتي مغطاة بـ fibra؟
1494,Service client sur facebook répondent bien ✅
1495,Réseau في Borj Cedria حلو 😊
1496,internet mazel يقطع وقت الفطور 😂 أكيد مسخرة
1497,topnet fibra prix جديد أرخص، merci الإدارة 🎉
1498,Réseau في Mornag حلو برشا ✅
1499,كيفاه نجدد forfait تلقائياً من التطبيق؟
1500,internet وقف وقت الفيلم، زهرتنا 😂😩
1501,topnet supportent مهرجانات شبابية ✅
1502,4G في Sidi Thabet باهي الحمدلله 😊
1503,Appli update جديد أسرع من القديم 📱
1504,réseau في El Guettar na9es جداً 😢
1505,Mobiflous تنجم تدفع أقساطك بدون بنك ✅
1506,internet fibra stable حتى في الرياح الشديدة ✅
1507,Offre data شهرية bien mais مش كافية 😅
1508,topnet team ردت بسرعة على مشكلتي 🙏
1509,Réseau في Soliman حلو برشا 😊
1510,internet fibra انقطعت ليومين وما في تعويض 😡
1511,Forfait professionnel مميز للشركات الصغيرة 💼
1512,"Appli simple w facile, j'adore 😍"
1513,réseau في Sidi Bou Ali حلو ✅
1514,internet في المطار ضعيف رغم الدفع 😒
1515,topnet تحسنت خدماتها هذا العام نسبياً 📈
1516,4G في Enfidha w Hergla باهي 😊
1517,Appli تحتاج option chat مباشرة مع Support
1518,réseau في Oued Zarga na9es جداً 😢
1519,Fibra 200Mb streaming Netflix 4K بدون مشاكل 🎬
1520,topnet money تنجم تعمل transfers من بعيد ✅
1521,Réseau في Téboursouk حلو برشا 😊
1522,internet mazel بطيء في أوقات الذروة 😒
1523,topnet prix خدمات متنافسة مقارنة بالمنافسين 👍
1524,Forfait data 20Go mrigla لاستخدام شهر 👌
1525,Appli تحتاج option e-SIM activation 📱
1526,réseau 4G في Oued Ellil باهي ✅
1527,internet fibra installation بسرعة قياسية، merci ✅
1528,Topnet Tunisie مستمرة في التطوير، juste continue 🙂
1529,4G في Grombalia w Menzel Bouzelfa حلو 😊
1530,internet وقف وقت اجتماع zoom مهم 😡
1531,topnet fidélité mrigla ويتجه لـ premium لكن باهي 🌟
1532,Réseau في Sidi El Béchir حلو برشا ✅
1533,Appli تحتاج widget للـ homescreen برصيد سريع 📱
1534,internet في منطقتي مازال بطيء يستهلك وقتي 😔
1535,topnet fibra tnajem ta3mlha للـ télétravail بدون مشاكل 💻
1536,Forfait spécial été مريح للعطلة ☀️
1537,Appli update الأخيرة fix برشا bugs، شكراً للفريق 🙏
1538,réseau في Béja centre باهي الحمدلله ✅
1539,internet fibra waqfet waqt travail من المنزل 😡
1540,topnet mrigla pour les petites entreprises 💼
1541,"4G في Metlaoui w Redeyef na9es, kifeha 😢"
1542,Appli تتيح متابعة فاتورة شهرية بكل سهولة ✅
1543,réseau في Oued Mliz حلو برشا 😊
1544,internet fibra من أحسن ما في تونس for gaming 🎮
1545,Topnet merci 3la الخدمات الجيدة ونتمنا تستمر 🙏
1546,Forfait 30 jours مريح لاستخدام عادي 👍
1547,Appli تحتاج option تغيير اللغة بسهولة 🌐
1548,réseau 4G في Manouba باهي ✅
1549,internet fibra installation طالت أكثر من المتوقع 😒
1550,topnet money convenient w fiable للمدفوعات اليومية 💸
1551,4G في Gafsa centre حلو برشا 😊
1552,Appli design moderne w ergonomique 👌
1553,réseau في Bir Lahmar na9es جداً 😢
1554,Forfait illimité ليلاً باهي للدراسة 🌙🎓
1555,internet fibra waqfet w رجعت بعد 6 ساعات 😡
1556,topnet لها برامج مسؤولية اجتماعية كثيرة ✅
1557,Réseau في Hammam Lif حلو برشا 😊
1558,internet بطيء في أوقات الذروة مساءً 😒
1559,topnet money سهل وآمن، أنصح به الجميع ✅
1560,Offre data promotionnelle جديدة مريحة 👍
1561,Appli تحتاج option لمشاركة موقع بسرعة 📍
1562,réseau في Zaghouan centre حلو ✅
1563,Fibra ما كانتش في منطقتي وتجي العام الجاي إن شاء الله 🤞
1564,topnet service زاد عن السنة الماضية 📈
1565,4G في Oued Sbaihia باهي برشا 😊
1566,internet وقف وقت إرسال ملفات عمل مهمة 😤
1567,topnet money pratique pour payer tout en ligne 💸
1568,Réseau في Kesra w Djebba حلو للسياحة 🏞️
1569,internet fibra سريعة لكن أحياناً تقطع 😔
1570,Forfait données شهر économique للعائلة 👨‍👩‍👧
1571,Appli تحتاج option dark لراحة العين ليلاً 🌙
1572,réseau في Feriana na9es شديد، kifeh na3mel 😢
1573,topnet fibra تنفع برشا للعمل والترفيه معاً ✅
1574,Service client ردوا على مشكلتي في 24 ساعة 👍
1575,4G في Mnihla w El Gobba باهي ✅
1576,internet يقطع وقت match، كلي مشتبه في topnet 😂
1577,topnet price مناسبة مقارنة بالخدمات المقدمة 👌
1578,Forfait weekend مريح للترفيه 🎉
1579,Appli تحتاج إضافة biometric login ✅
1580,réseau في Bou Argoub حلو برشا 😊
1581,internet fibra waqfet فجأة وما عندناش سبب 😡
1582,topnet mon opérateur depuis 2010 وما بدلتش ولاّ 💪
1583,4G في Takelsa w Menzel Temime باهي ✅
1584,Appli تحتاج عرض أسبوعي لاستهلاك data 📊
1585,réseau في El Hencha na9es جداً 😢
1586,topnet تقدم offres تنافسية كل شهر 👍
1587,Fibra installation في يوم واحد، service rapide ✅
1588,internet بطيء في ساعات الذروة رغم fibra 😒
1589,topnet money سهلة w آمنة لجميع الأعمار 👴👧
1590,Réseau في Bir Bou Rekba حلو ✅
1591,internet وقف وقت cours en ligne، 3lash تصير فينا هكذا 😡
1592,topnet مشغل موثوق، أنصح به العائلة والأصحاب 👍
1593,4G في Sahline w Akouda باهي برشا 😊
1594,Appli تحتاج option لتفعيل eSIM مباشرة 📱
1595,réseau في Fernana na9es، متى يتحسن؟ 😢
1596,topnet merci على الخدمات المستمرة، نتمنا تتحسنوا دايماً 🙏🇹🇳
1597,شكون يعرف كيفاش نفعل forfait internet ؟ 100% 👍 wallah
1598,application سهلة برشا و service client محترم ❤️ franchement 😅
1599,شنية أحسن forfait pour télétravail ؟ yaatikom essa7a
1600,forfait يتقص بسرعة موش normal 😂 🙌
1601,débit faible برشا خاصة الليل yaatikom essa7a
1602,forfait mte3kom yesser mezyen مقارنة بالباقي wallah 100%
1603,connexion stable même filil 😍 😅 👍 wallah
1604,topnet money سهللي برشا حاجات 100%
1605,connexion stable même filil 😍 😭
1606,chnowa هالخدمة؟؟ كل مرة coupure 😡 100% 😅 yaatikom essa7a
1607,connexion stable même filil 😍 😅 yaatikom essa7a mais bon
1608,app ma thebch t7el 😑 🙌
1609,شنية أحسن forfait pour télétravail ؟ mais bon 👍
1610,connexion stable même filil 😍 wallah
1611,chnowa هالخدمة؟؟ كل مرة coupure 😡 wallah 👍 yaatikom essa7a
1612,service rapide w support تجاوب معايا بسرعة 😂 👍 😅
1613,connexion stable même filil 😍 yaatikom essa7a
1614,débit faible برشا خاصة الليل 100%
1615,internet بطيئة برشا اليوم wallah 100% merci ❤️
1616,internet بطيئة برشا اليوم 100% 😭 mais bon
1617,franchement satisfait بالـ 4G fi Monastir nchallah يتحسن 😭
1618,franchement satisfait بالـ 4G fi Bizerte wallah 😭 yaatikom essa7a inchallah t7assnou
1619,forfait يتقص بسرعة موش normal yaatikom essa7a
1620,forfait mte3kom yesser mezyen مقارنة بالباقي franchement 😂 yaatikom essa7a
1621,service client ما يجاوبش 😅 franchement merci ❤️
1622,خلصت و ما تفعلش الforfait 😤 mouch logique
1623,استعملت Topnet Money أول مرة 😭 svp
1624,شكون يعرف كيفاش نفعل forfait internet ؟ nchallah يتحسن
1625,فما عروض للطلاب ؟ 😂 yaatikom essa7a 😅
1626,juste نسأل ال4G متوفرة fi Tunis ؟ 🙌 👍 100%
1627,شنية أحسن forfait pour télétravail ؟ 😅 bara choufou
1628,app جديدة و لا نفس النسخة ؟ mais bon
1629,استعملت Topnet Money أول مرة 🙌 ena client depuis snin
1630,forfait mte3kom yesser mezyen مقارنة بالباقي wallah 🙌
1631,خلصت و ما تفعلش الforfait 😤 mais bon 😭 yaatikom essa7a
1632,franchement satisfait بالـ 4G fi Sfax 🙌
1633,chnowa هالخدمة؟؟ كل مرة coupure 😡 yaatikom essa7a mais bon bara choufou
1634,app جديدة و لا نفس النسخة ؟ 100% mais bon 👍
1635,forfait mte3kom yesser mezyen مقارنة بالباقي 🙌 100% top
1636,service client ما يجاوبش 😭 yaatikom essa7a
1637,chnowa هالخدمة؟؟ كل مرة coupure 😡 🙌 nchallah يتحسن svp
1638,prix معقول مقارنة بالباقي 😂 mais bon
1639,juste نسأل ال4G متوفرة fi La Marsa ؟ wallah merci ❤️
1640,app ma thebch t7el 😑 wallah bara choufou
1641,service behya barcha 👌 réseau stable fi Kairouan 👍 franchement
1642,service rapide w support تجاوب معايا بسرعة
1643,app جديدة و لا نفس النسخة ؟ 😅 svp
1644,forfait mte3kom yesser mezyen مقارنة بالباقي franchement nchallah يتحسن
1645,فما عروض للطلاب ؟ 😅 😭
1646,réseau y9os barcha fi Sousse 😒 😭 mouch logique
1647,connexion stable même filil 😍 👍 yaatikom essa7a merci ❤️
1648,débit faible برشا خاصة الليل 😂
1649,شكون يعرف كيفاش نفعل forfait internet ؟ yaatikom essa7a 😅 🙌 inchallah t7assnou
1650,application سهلة برشا و service client محترم ❤️ wallah
1651,app ma thebch t7el 😑 😭 wallah
1652,فما عروض للطلاب ؟ 🙌 nchallah يتحسن
1653,connexion stable même filil 😍 mais bon
1654,forfait mte3kom yesser mezyen مقارنة بالباقي 🙌 👍
1655,service rapide w support تجاوب معايا بسرعة 😭
1656,juste نسأل ال4G متوفرة fi Bizerte ؟ 😂 😭 service محترم
1657,"merci Topnet, internet tayara اليوم 🔥"
1658,خلصت و ما تفعلش الforfait 😤 100% 👍 wallah
1659,internet بطيئة برشا اليوم nchallah يتحسن
1660,service rapide w support تجاوب معايا بسرعة wallah
1661,forfait يتقص بسرعة موش normal 100% 😂
1662,internet بطيئة برشا اليوم mais bon franchement
1663,شكون يعرف كيفاش نفعل forfait internet ؟ 😅 100% svp
1664,prix معقول مقارنة بالباقي 😭
1665,forfait يتقص بسرعة موش normal 😭 mais bon ena client depuis snin
1666,استعملت Topnet Money أول مرة 100% yaatikom essa7a mais bon
1667,réseau y9os barcha fi Bizerte 😒 🙌 nchallah يتحسن
1668,réseau y9os barcha fi Monastir 😒 😂 svp
1669,prix معقول مقارنة بالباقي mais bon
1670,internet بطيئة برشا اليوم 😭 😅 inchallah t7assnou
1671,service client ما يجاوبش franchement wallah ena client depuis snin
1672,internet بطيئة برشا اليوم franchement 100%
1673,réseau y9os barcha fi Hammamet 😒 yaatikom essa7a
1674,service rapide w support تجاوب معايا بسرعة mais bon 😂 inchallah t7assnou
1675,débit faible برشا خاصة الليل 😭 nchallah يتحسن 😂
1676,connexion stable même filil 😍 yaatikom essa7a ena client depuis snin
1677,استعملت Topnet Money أول مرة 😂 yaatikom essa7a mouch logique
1678,connexion stable même filil 😍 mais bon ..
1679,chnowa هالخدمة؟؟ كل مرة coupure 😡 mais bon 😂 3lech haka ?
1680,شنية أحسن forfait pour télétravail ؟ 🙌 😂 inchallah t7assnou
1681,شنية أحسن forfait pour télétravail ؟ nchallah يتحسن 😂
1682,topnet money سهللي برشا حاجات 👍 😂 svp
1683,app ma thebch t7el 😑 😅 100% nchallah يتحسن
1684,اليوم réseau متوسط موش خايب nchallah يتحسن wallah 100%
1685,application سهلة برشا و service client محترم ❤️ 👍
1686,استعملت Topnet Money أول مرة 😂 franchement nchallah يتحسن
1687,استعملت Topnet Money أول مرة 100% 😭 mais bon top
1688,فما عروض للطلاب ؟ 👍 mais bon wallah
1689,service rapide w support تجاوب معايا بسرعة 🙌 100% wallah
1690,connexion stable même filil 😍 👍 nchallah يتحسن 😅
1691,service client ما يجاوبش 100% wallah
1692,اليوم réseau متوسط موش خايب 😂 yaatikom essa7a
1693,connexion stable même filil 😍 yaatikom essa7a 🙌 😅 inchallah t7assnou
1694,service client ما يجاوبش
1695,franchement satisfait بالـ 4G fi Ariana franchement 🙌
1696,réseau y9os barcha fi Hammamet 😒 wallah inchallah t7assnou
1697,"merci Topnet, internet tayara اليوم 🔥 yaatikom essa7a 👍 mais bon"
1698,شنية أحسن forfait pour télétravail ؟ 🙌 nchallah يتحسن
1699,service client ما يجاوبش 🙌 mais bon 👍
1700,app ma thebch t7el 😑 wallah 3lech haka ?
1701,franchement satisfait بالـ 4G fi La Marsa nchallah يتحسن
1702,topnet money سهللي برشا حاجات 😂 100%
1703,service behya barcha 👌 réseau stable fi Gabes mais bon franchement yaatikom essa7a
1704,service behya barcha 👌 réseau stable fi Sfax nchallah يتحسن yaatikom essa7a 😅 ena client depuis snin
1705,topnet money سهللي برشا حاجات franchement 😭 nchallah يتحسن
1706,service rapide w support تجاوب معايا بسرعة franchement 😅 nchallah يتحسن
1707,juste نسأل ال4G متوفرة fi Bizerte ؟ yaatikom essa7a mais bon
1708,juste نسأل ال4G متوفرة fi Gabes ؟ franchement merci ❤️
1709,شنية أحسن forfait pour télétravail ؟ 100%
1710,juste نسأل ال4G متوفرة fi Nabeul ؟ 🙌 😭 wallah
1711,franchement satisfait بالـ 4G fi Kairouan 👍 franchement yaatikom essa7a
1712,فما عروض للطلاب ؟ franchement yaatikom essa7a bara choufou
1713,forfait يتقص بسرعة موش normal 👍 yaatikom essa7a
1714,فما عروض للطلاب ؟ franchement yaatikom essa7a wallah 3lech haka ?
1715,خلصت و ما تفعلش الforfait 😤 😂 😅
1716,app ma thebch t7el 😑 😂
1717,franchement satisfait بالـ 4G fi Monastir mais bon 😂
1718,شكون يعرف كيفاش نفعل forfait internet ؟ 👍
1719,forfait يتقص بسرعة موش normal 👍
1720,application سهلة برشا و service client محترم ❤️ 🙌 franchement wallah
1721,réseau y9os barcha fi Gabes 😒 🙌 👍
1722,"merci Topnet, internet tayara اليوم 🔥 👍 wallah"
1723,prix معقول مقارنة بالباقي wallah 😅 🙌 ena client depuis snin
1724,app جديدة و لا نفس النسخة ؟ mais bon ❤️
1725,اليوم réseau متوسط موش خايب franchement yaatikom essa7a bara choufou
1726,internet بطيئة برشا اليوم 😂 mais bon 👍
1727,forfait يتقص بسرعة موش normal wallah
1728,service behya barcha 👌 réseau stable fi Tunis 🙌
1729,service client ما يجاوبش yaatikom essa7a wallah nchallah يتحسن
1730,شكون يعرف كيفاش نفعل forfait internet ؟ service محترم
1731,service behya barcha 👌 réseau stable fi Nabeul yaatikom essa7a
1732,service client ما يجاوبش 👍 😭 mouch logique
1733,اليوم réseau متوسط موش خايب 😂
1734,app جديدة و لا نفس النسخة ؟ franchement nchallah يتحسن 😭
1735,خلصت و ما تفعلش الforfait 😤 bara choufou
1736,app ma thebch t7el 😑 wallah yaatikom essa7a svp
1737,prix معقول مقارنة بالباقي nchallah يتحسن 👍 franchement
1738,استعملت Topnet Money أول مرة yaatikom essa7a franchement top
1739,app جديدة و لا نفس النسخة ؟ 😭 100% mais bon
1740,فما عروض للطلاب ؟ franchement yaatikom essa7a 😂 ena client depuis snin
1741,اليوم réseau متوسط موش خايب nchallah يتحسن 😅 100% svp
1742,prix معقول مقارنة بالباقي yaatikom essa7a 😭 😅 3lech haka ?
1743,franchement satisfait بالـ 4G fi Hammamet 🙌 nchallah يتحسن franchement top
1744,فما عروض للطلاب ؟ 😅
1745,"merci Topnet, internet tayara اليوم 🔥 😂 top"
1746,service rapide w support تجاوب معايا بسرعة mais bon 😭 wallah
1747,استعملت Topnet Money أول مرة nchallah يتحسن 😂
1748,internet بطيئة برشا اليوم franchement wallah yaatikom essa7a
1749,forfait يتقص بسرعة موش normal 😅
1750,service behya barcha 👌 réseau stable fi Sousse mais bon nchallah يتحسن wallah
1751,app جديدة و لا نفس النسخة ؟ franchement nchallah يتحسن 👍
1752,app ma thebch t7el 😑 😂 👍 ena client depuis snin
1753,استعملت Topnet Money أول مرة mais bon 😭 😂
1754,service behya barcha 👌 réseau stable fi Ariana mais bon yaatikom essa7a wallah
1755,"merci Topnet, internet tayara اليوم 🔥 franchement 100%"
1756,شنية أحسن forfait pour télétravail ؟ 😅 👍 merci ❤️
1757,خلصت و ما تفعلش الforfait 😤 🙌 mouch logique
1758,service behya barcha 👌 réseau stable fi La Marsa 🙌 merci ❤️
1759,service behya barcha 👌 réseau stable fi Monastir yaatikom essa7a 3lech haka ?
1760,réseau y9os barcha fi Sousse 😒 franchement 🙌
1761,forfait يتقص بسرعة موش normal
1762,app ma thebch t7el 😑 100% mais bon
1763,débit faible برشا خاصة الليل 😂 top
1764,topnet money سهللي برشا حاجات 😭
1765,juste نسأل ال4G متوفرة fi Ariana ؟ mais bon nchallah يتحسن
1766,application سهلة برشا و service client محترم ❤️ 🙌 😭 nchallah يتحسن
1767,شنية أحسن forfait pour télétravail ؟ 😂 100%
1768,app جديدة و لا نفس النسخة ؟ mais bon yaatikom essa7a 😂 3lech haka ?
1769,chnowa هالخدمة؟؟ كل مرة coupure 😡 franchement 🙌
1770,chnowa هالخدمة؟؟ كل مرة coupure 😡 franchement 100% nchallah يتحسن
1771,فما عروض للطلاب ؟ service محترم
1772,service rapide w support تجاوب معايا بسرعة nchallah يتحسن mouch logique
1773,internet بطيئة برشا اليوم 100% 😅 top
1774,اليوم réseau متوسط موش خايب wallah
1775,service client ما يجاوبش franchement
1776,application سهلة برشا و service client محترم ❤️ 😅 wallah
1777,service client ما يجاوبش nchallah يتحسن 👍 mais bon service محترم
1778,forfait mte3kom yesser mezyen مقارنة بالباقي 😭 inchallah t7assnou
1779,خلصت و ما تفعلش الforfait 😤 👍 😭 wallah
1780,app جديدة و لا نفس النسخة ؟ wallah 🙌 top
1781,استعملت Topnet Money أول مرة 😅 svp
1782,forfait يتقص بسرعة موش normal 100% mais bon
1783,استعملت Topnet Money أول مرة wallah yaatikom essa7a
1784,internet بطيئة برشا اليوم 👍
1785,خلصت و ما تفعلش الforfait 😤 😂 mais bon 👍
1786,app جديدة و لا نفس النسخة ؟ mais bon wallah
1787,débit faible برشا خاصة الليل 🙌 100%
1788,application سهلة برشا و service client محترم ❤️ 👍 ❤️
1789,prix معقول مقارنة بالباقي 😂
1790,forfait mte3kom yesser mezyen مقارنة بالباقي wallah
1791,app جديدة و لا نفس النسخة ؟ 100% 😭 yaatikom essa7a svp
1792,خلصت و ما تفعلش الforfait 😤 mais bon 😂
1793,شنية أحسن forfait pour télétravail ؟ mais bon wallah yaatikom essa7a ena client depuis snin
1794,forfait يتقص بسرعة موش normal 😅 ❤️
1795,franchement satisfait بالـ 4G fi Kairouan franchement yaatikom essa7a mais bon ena client depuis snin
1796,app جديدة و لا نفس النسخة ؟ 😭 🙌
1797,réseau y9os barcha fi Sfax 😒 100%
1798,خلصت و ما تفعلش الforfait 😤 😅 😭
1799,خلصت و ما تفعلش الforfait 😤 nchallah يتحسن wallah
1800,service client ما يجاوبش 👍 100% inchallah t7assnou
1801,forfait يتقص بسرعة موش normal 100% merci ❤️
1802,chnowa هالخدمة؟؟ كل مرة coupure 😡 👍 yaatikom essa7a svp
1803,connexion stable même filil 😍 😭 yaatikom essa7a 🙌 inchallah t7assnou
1804,service rapide w support تجاوب معايا بسرعة 100% 🙌 franchement merci ❤️
1805,app ma thebch t7el 😑 nchallah يتحسن mais bon franchement
1806,اليوم réseau متوسط موش خايب 100%
1807,service rapide w support تجاوب معايا بسرعة franchement 😅 👍
1808,topnet money سهللي برشا حاجات 🙌 😭 svp
1809,اليوم réseau متوسط موش خايب 🙌 wallah 😭
1810,franchement satisfait بالـ 4G fi La Marsa 100% 😭
1811,"merci Topnet, internet tayara اليوم 🔥 😅 3lech haka ?"
1812,اليوم réseau متوسط موش خايب yaatikom essa7a mais bon
1813,chnowa هالخدمة؟؟ كل مرة coupure 😡 😭 100% franchement merci ❤️
1814,"merci Topnet, internet tayara اليوم 🔥 wallah nchallah يتحسن 😂 ena client depuis snin"
1815,prix معقول مقارنة بالباقي 😭 mais bon
1816,forfait mte3kom yesser mezyen مقارنة بالباقي 👍 🙌 😂 bara choufou
1817,connexion stable même filil 😍 👍 mais bon
1818,débit faible برشا خاصة الليل 😂 inchallah t7assnou
1819,app ma thebch t7el 😑 wallah
1820,app ma thebch t7el 😑 yaatikom essa7a 😂
1821,topnet money سهللي برشا حاجات 😭 ..
1822,service behya barcha 👌 réseau stable fi Kairouan 👍 😅 nchallah يتحسن merci ❤️
1823,service client ما يجاوبش 😭
1824,topnet money سهللي برشا حاجات 100% 👍
1825,"merci Topnet, internet tayara اليوم 🔥 😂"
1826,forfait mte3kom yesser mezyen مقارنة بالباقي nchallah يتحسن mais bon yaatikom essa7a
1827,débit faible برشا خاصة الليل 😅 🙌 😂
1828,connexion stable même filil 😍 🙌
1829,فما عروض للطلاب ؟ 100% 🙌 wallah
1830,"merci Topnet, internet tayara اليوم 🔥 yaatikom essa7a 😂 100%"
1831,internet بطيئة برشا اليوم 100%
1832,franchement satisfait بالـ 4G fi Ariana mais bon 😅 wallah
1833,service rapide w support تجاوب معايا بسرعة 👍 franchement wallah
1834,franchement satisfait بالـ 4G fi Sousse 100% 3lech haka ?
1835,chnowa هالخدمة؟؟ كل مرة coupure 😡 nchallah يتحسن wallah
1836,chnowa هالخدمة؟؟ كل مرة coupure 😡 100% 👍 bara choufou
1837,topnet money سهللي برشا حاجات 😭 😅
1838,chnowa هالخدمة؟؟ كل مرة coupure 😡 😭
1839,connexion stable même filil 😍 😂
1840,فما عروض للطلاب ؟ 👍 😭 bara choufou
1841,استعملت Topnet Money أول مرة 100%
1842,فما عروض للطلاب ؟ 👍
1843,service behya barcha 👌 réseau stable fi Monastir
1844,"merci Topnet, internet tayara اليوم 🔥 👍 😂 inchallah t7assnou"
1845,topnet money سهللي برشا حاجات 👍 😂 yaatikom essa7a svp
1846,app ma thebch t7el 😑 100% 😭 bara choufou
1847,topnet money سهللي برشا حاجات 😭 100% nchallah يتحسن
1848,internet بطيئة برشا اليوم nchallah يتحسن top
1849,app ma thebch t7el 😑 😭 top
1850,فما عروض للطلاب ؟ mais bon 😅 nchallah يتحسن
1851,topnet money سهللي برشا حاجات 😭 wallah
1852,شنية أحسن forfait pour télétravail ؟ 😭 😂
1853,topnet money سهللي برشا حاجات nchallah يتحسن yaatikom essa7a merci ❤️
1854,app ma thebch t7el 😑 nchallah يتحسن mais bon
1855,connexion stable même filil 😍 mais bon 😂 yaatikom essa7a inchallah t7assnou
1856,forfait mte3kom yesser mezyen مقارنة بالباقي 😭 wallah nchallah يتحسن svp
1857,débit faible برشا خاصة الليل 😂 🙌 100%
1858,service rapide w support تجاوب معايا بسرعة mais bon 😂 😭
1859,forfait mte3kom yesser mezyen مقارنة بالباقي 😂
1860,prix معقول مقارنة بالباقي 😭 ❤️
1861,prix معقول مقارنة بالباقي 🙌
1862,شنية أحسن forfait pour télétravail ؟ mais bon 😂 100%
1863,app ma thebch t7el 😑 100%
1864,"merci Topnet, internet tayara اليوم 🔥 100% 😅 nchallah يتحسن"
1865,"merci Topnet, internet tayara اليوم 🔥 100% 😂"
1866,application سهلة برشا و service client محترم ❤️ 👍 !
1867,juste نسأل ال4G متوفرة fi Kairouan ؟ 👍 nchallah يتحسن 100%
1868,juste نسأل ال4G متوفرة fi Hammamet ؟ nchallah يتحسن 😭 svp
1869,chnowa هالخدمة؟؟ كل مرة coupure 😡 100% ena client depuis snin
1870,internet بطيئة برشا اليوم 😭 top
1871,application سهلة برشا و service client محترم ❤️ merci ❤️
1872,topnet money سهللي برشا حاجات mais bon
1873,topnet money سهللي برشا حاجات 😭 ❤️
1874,خلصت و ما تفعلش الforfait 😤 😭 🙌
1875,débit faible برشا خاصة الليل mais bon franchement 😭 inchallah t7assnou
1876,service rapide w support تجاوب معايا بسرعة 100% nchallah يتحسن
1877,internet بطيئة برشا اليوم yaatikom essa7a wallah 100%
1878,internet بطيئة برشا اليوم 🙌 wallah mais bon
1879,app ma thebch t7el 😑 👍 😅
1880,service rapide w support تجاوب معايا بسرعة mais bon 100%
1881,application سهلة برشا و service client محترم ❤️ franchement 100% mais bon
1882,application سهلة برشا و service client محترم ❤️ mais bon 🙌 inchallah t7assnou
1883,juste نسأل ال4G متوفرة fi Tunis ؟ 😭 mais bon 🙌
1884,juste نسأل ال4G متوفرة fi Hammamet ؟ 👍
1885,فما عروض للطلاب ؟ wallah franchement
1886,service behya barcha 👌 réseau stable fi Sousse 100%
1887,"merci Topnet, internet tayara اليوم 🔥 yaatikom essa7a 🙌 service محترم"
1888,شكون يعرف كيفاش نفعل forfait internet ؟ 😭 franchement
1889,internet بطيئة برشا اليوم 👍 ❤️
1890,forfait يتقص بسرعة موش normal mais bon wallah
1891,شنية أحسن forfait pour télétravail ؟ 🙌 franchement mais bon mouch logique
1892,app ma thebch t7el 😑 mais bon 👍 3lech haka ?
1893,juste نسأل ال4G متوفرة fi Sousse ؟ 😭 mais bon
1894,service client ما يجاوبش 100%
1895,chnowa هالخدمة؟؟ كل مرة coupure 😡 mais bon wallah nchallah يتحسن
1896,اليوم réseau متوسط موش خايب 😂 mouch logique
1897,app جديدة و لا نفس النسخة ؟ 😂 3lech haka ?
1898,juste نسأل ال4G متوفرة fi Sousse ؟ 😅
1899,application سهلة برشا و service client محترم ❤️ 100% service محترم
1900,app ma thebch t7el 😑 yaatikom essa7a
1901,service rapide w support تجاوب معايا بسرعة ❤️
1902,débit faible برشا خاصة الليل mais bon 😂 100%
1903,فما عروض للطلاب ؟ franchement 😂 service محترم
1904,خلصت و ما تفعلش الforfait 😤 🙌
1905,service client ما يجاوبش nchallah يتحسن 👍 😅
1906,service client ما يجاوبش 😭 ❤️
1907,استعملت Topnet Money أول مرة mais bon nchallah يتحسن wallah top
1908,app ma thebch t7el 😑 100% yaatikom essa7a mais bon
1909,débit faible برشا خاصة الليل 👍 😭
1910,service rapide w support تجاوب معايا بسرعة yaatikom essa7a 😅 inchallah t7assnou
1911,service behya barcha 👌 réseau stable fi Nabeul nchallah يتحسن 3lech haka ?
1912,forfait يتقص بسرعة موش normal merci ❤️
1913,service behya barcha 👌 réseau stable fi Sfax 👍
1914,فما عروض للطلاب ؟ 🙌 100% yaatikom essa7a svp
1915,"merci Topnet, internet tayara اليوم 🔥 😅 inchallah t7assnou"
1916,internet بطيئة برشا اليوم bara choufou
1917,شكون يعرف كيفاش نفعل forfait internet ؟ nchallah يتحسن yaatikom essa7a 👍
1918,فما عروض للطلاب ؟ franchement
1919,شنية أحسن forfait pour télétravail ؟ franchement
1920,forfait يتقص بسرعة موش normal mais bon yaatikom essa7a 🙌
1921,app ma thebch t7el 😑 😭 service محترم
1922,"merci Topnet, internet tayara اليوم 🔥 👍"
1923,internet بطيئة برشا اليوم franchement nchallah يتحسن 3lech haka ?
1924,réseau y9os barcha fi Sousse 😒 🙌
1925,"merci Topnet, internet tayara اليوم 🔥 nchallah يتحسن bara choufou"
1926,service rapide w support تجاوب معايا بسرعة franchement nchallah يتحسن
1927,débit faible برشا خاصة الليل 😂 franchement 🙌 ena client depuis snin
1928,franchement satisfait بالـ 4G fi Sfax wallah
1929,connexion stable même filil 😍 mais bon 😂
1930,"merci Topnet, internet tayara اليوم 🔥 😂 😅"
1931,service client ما يجاوبش nchallah يتحسن
1932,prix معقول مقارنة بالباقي 😭 👍
1933,juste نسأل ال4G متوفرة fi Ariana ؟ 👍 franchement 100% inchallah t7assnou
1934,application سهلة برشا و service client محترم ❤️ 🙌 😂 100%
1935,فما عروض للطلاب ؟ 👍 franchement 🙌
1936,app جديدة و لا نفس النسخة ؟ 👍
1937,app جديدة و لا نفس النسخة ؟ wallah
1938,اليوم réseau متوسط موش خايب 🙌 ena client depuis snin
1939,شكون يعرف كيفاش نفعل forfait internet ؟ 🙌 wallah
1940,réseau y9os barcha fi Nabeul 😒 🙌 👍 inchallah t7assnou
1941,service client ما يجاوبش franchement 😅 👍 bara choufou
1942,service behya barcha 👌 réseau stable fi Sfax 😅 franchement 🙌
1943,app ma thebch t7el 😑 👍
1944,service rapide w support تجاوب معايا بسرعة yaatikom essa7a franchement
1945,"merci Topnet, internet tayara اليوم 🔥 😂 😭 mais bon top"
1946,اليوم réseau متوسط موش خايب 😭 mouch logique
1947,service rapide w support تجاوب معايا بسرعة 😅
1948,service client ما يجاوبش top
1949,service client ما يجاوبش yaatikom essa7a 🙌 franchement svp
1950,app جديدة و لا نفس النسخة ؟ 😭 😅 franchement
1951,استعملت Topnet Money أول مرة nchallah يتحسن wallah
1952,débit faible برشا خاصة الليل service محترم
1953,شنية أحسن forfait pour télétravail ؟ 😭 3lech haka ?
1954,شكون يعرف كيفاش نفعل forfait internet ؟ 🙌 merci ❤️
1955,réseau y9os barcha fi Hammamet 😒 mais bon 😅
1956,شنية أحسن forfait pour télétravail ؟ 😅 🙌
1957,connexion stable même filil 😍 mais bon 😅 👍 ena client depuis snin
1958,خلصت و ما تفعلش الforfait 😤 😂
1959,خلصت و ما تفعلش الforfait 😤 wallah
1960,service client ما يجاوبش 100% nchallah يتحسن mais bon
1961,forfait يتقص بسرعة موش normal 🙌
1962,connexion stable même filil 😍 nchallah يتحسن svp
1963,service behya barcha 👌 réseau stable fi La Marsa 🙌 mais bon 😂
1964,connexion stable même filil 😍 👍 😂
1965,topnet money سهللي برشا حاجات nchallah يتحسن wallah
1966,franchement satisfait بالـ 4G fi Bizerte yaatikom essa7a 100% 🙌
1967,internet بطيئة برشا اليوم wallah 🙌 yaatikom essa7a
1968,شكون يعرف كيفاش نفعل forfait internet ؟ mais bon yaatikom essa7a
1969,forfait mte3kom yesser mezyen مقارنة بالباقي mais bon franchement
1970,خلصت و ما تفعلش الforfait 😤 🙌 inchallah t7assnou
1971,prix معقول مقارنة بالباقي yaatikom essa7a 🙌 100% mouch logique
1972,service behya barcha 👌 réseau stable fi Tunis 100% 👍
1973,prix معقول مقارنة بالباقي franchement
1974,prix معقول مقارنة بالباقي 👍 😭 🙌 bara choufou
1975,prix معقول مقارنة بالباقي franchement ena client depuis snin
1976,service client ما يجاوبش 😭 wallah 😂
1977,app جديدة و لا نفس النسخة ؟ franchement 😂 mais bon
1978,forfait mte3kom yesser mezyen مقارنة بالباقي 100% nchallah يتحسن yaatikom essa7a ena client depuis snin
1979,فما عروض للطلاب ؟ 😂 svp
1980,connexion stable même filil 😍 👍 😂 yaatikom essa7a
1981,app جديدة و لا نفس النسخة ؟ 👍 😂
1982,اليوم réseau متوسط موش خايب yaatikom essa7a 😂 100%
1983,forfait يتقص بسرعة موش normal 😭 yaatikom essa7a
1984,service client ما يجاوبش 😭 nchallah يتحسن ena client depuis snin
1985,خلصت و ما تفعلش الforfait 😤 😭 👍 mais bon merci ❤️
1986,"merci Topnet, internet tayara اليوم 🔥 franchement"
1987,"merci Topnet, internet tayara اليوم 🔥 yaatikom essa7a 100%"
1988,réseau y9os barcha fi Hammamet 😒 yaatikom essa7a mais bon wallah mouch logique
1989,خلصت و ما تفعلش الforfait 😤 mais bon
1990,débit faible برشا خاصة الليل nchallah يتحسن
1991,internet بطيئة برشا اليوم 😭 mais bon 👍
1992,اليوم réseau متوسط موش خايب wallah svp
1993,réseau y9os barcha fi La Marsa 😒 😭 🙌 mais bon svp
1994,franchement satisfait بالـ 4G fi La Marsa 😂 😅 yaatikom essa7a service محترم
1995,débit faible برشا خاصة الليل 😂 !
1996,خلصت و ما تفعلش الforfait 😤 mais bon franchement wallah
1997,topnet money سهللي برشا حاجات 👍 mais bon
1998,فما عروض للطلاب ؟ 🙌 franchement service محترم
1999,service rapide w support تجاوب معايا بسرعة 🙌 😭 😅
2000,شنية أحسن forfait pour télétravail ؟ wallah 😭 yaatikom essa7a
2001,connexion stable même filil 😍 😭 100% 😂 svp
2002,application سهلة برشا و service client محترم ❤️ franchement 😅 100% bara choufou
2003,استعملت Topnet Money أول مرة 😭 😅
2004,application سهلة برشا و service client محترم ❤️ 😂 ena client depuis snin
2005,خلصت و ما تفعلش الforfait 😤 100% mais bon 🙌
2006,débit faible برشا خاصة الليل 😭 franchement ena client depuis snin
2007,forfait mte3kom yesser mezyen مقارنة بالباقي wallah 😅 merci ❤️
2008,فما عروض للطلاب ؟ 😅 service محترم
2009,forfait يتقص بسرعة موش normal 🙌 😅
2010,service behya barcha 👌 réseau stable fi Sousse nchallah يتحسن franchement 😅 bara choufou
2011,chnowa هالخدمة؟؟ كل مرة coupure 😡 😭 😂
2012,franchement satisfait بالـ 4G fi Gabes franchement 😂
2013,استعملت Topnet Money أول مرة 🙌 nchallah يتحسن
2014,app ma thebch t7el 😑
2015,service client ما يجاوبش yaatikom essa7a service محترم
2016,application سهلة برشا و service client محترم ❤️ 😂 mais bon yaatikom essa7a
2017,"merci Topnet, internet tayara اليوم 🔥 😅 wallah 3lech haka ?"
2018,service behya barcha 👌 réseau stable fi Kairouan mais bon
2019,topnet money سهللي برشا حاجات 😅 😂
2020,"merci Topnet, internet tayara اليوم 🔥 😭"
2021,réseau y9os barcha fi Sousse 😒 wallah 100%
2022,prix معقول مقارنة بالباقي 😂 top
2023,app ma thebch t7el 😑 😂 !
2024,franchement satisfait بالـ 4G fi Sfax mais bon mouch logique
2025,topnet money سهللي برشا حاجات wallah 😅
2026,forfait mte3kom yesser mezyen مقارنة بالباقي nchallah يتحسن
2027,service behya barcha 👌 réseau stable fi Monastir franchement 100%
2028,forfait يتقص بسرعة موش normal mais bon 100%
2029,خلصت و ما تفعلش الforfait 😤 😂 mais bon 😅 svp
2030,topnet money سهللي برشا حاجات nchallah يتحسن wallah ena client depuis snin
2031,service client ما يجاوبش yaatikom essa7a nchallah يتحسن
2032,application سهلة برشا و service client محترم ❤️ mais bon 😂
2033,chnowa هالخدمة؟؟ كل مرة coupure 😡 wallah 😂
2034,franchement satisfait بالـ 4G fi Nabeul 👍
2035,topnet money سهللي برشا حاجات mais bon merci ❤️
2036,topnet money سهللي برشا حاجات franchement yaatikom essa7a
2037,اليوم réseau متوسط موش خايب franchement nchallah يتحسن wallah bara choufou
2038,topnet money سهللي برشا حاجات 😅
2039,franchement satisfait بالـ 4G fi Kairouan 😅
2040,connexion stable même filil 😍 wallah !
2041,forfait mte3kom yesser mezyen مقارنة بالباقي 😂 mais bon merci ❤️
2042,app ma thebch t7el 😑 ❤️
2043,débit faible برشا خاصة الليل 😭 nchallah يتحسن
2044,شكون يعرف كيفاش نفعل forfait internet ؟ 😅 😭
2045,prix معقول مقارنة بالباقي franchement 😅 😂 merci ❤️
2046,app ma thebch t7el 😑 😅 🙌
2047,فما عروض للطلاب ؟ 😭 ena client depuis snin
2048,prix معقول مقارنة بالباقي 😭 😂
2049,شكون يعرف كيفاش نفعل forfait internet ؟ yaatikom essa7a wallah ena client depuis snin
2050,"merci Topnet, internet tayara اليوم 🔥 😂 nchallah يتحسن"
2051,service behya barcha 👌 réseau stable fi Sousse 100% !
2052,topnet money سهللي برشا حاجات 👍 🙌
2053,"merci Topnet, internet tayara اليوم 🔥 🙌 wallah"
2054,service behya barcha 👌 réseau stable fi Bizerte franchement wallah 100% merci ❤️
2055,شكون يعرف كيفاش نفعل forfait internet ؟ yaatikom essa7a 👍 franchement
2056,juste نسأل ال4G متوفرة fi Kairouan ؟ 🙌
2057,فما عروض للطلاب ؟ 👍 100% nchallah يتحسن
2058,فما عروض للطلاب ؟ 🙌
2059,réseau y9os barcha fi Ariana 😒 👍 😭
2060,service behya barcha 👌 réseau stable fi Nabeul nchallah يتحسن 😅 😂 top
2061,service rapide w support تجاوب معايا بسرعة 👍 😅
2062,service behya barcha 👌 réseau stable fi La Marsa wallah franchement
2063,استعملت Topnet Money أول مرة mais bon mouch logique
2064,topnet money سهللي برشا حاجات nchallah يتحسن franchement
2065,débit faible برشا خاصة الليل 😂 👍 3lech haka ?
2066,اليوم réseau متوسط موش خايب 👍
2067,forfait mte3kom yesser mezyen مقارنة بالباقي 😅 mais bon svp
2068,prix معقول مقارنة بالباقي wallah mais bon yaatikom essa7a merci ❤️
2069,juste نسأل ال4G متوفرة fi Tunis ؟ 😂
2070,chnowa هالخدمة؟؟ كل مرة coupure 😡 😭 nchallah يتحسن
2071,خلصت و ما تفعلش الforfait 😤 wallah mais bon 😂 mouch logique
2072,اليوم réseau متوسط موش خايب 😅 😂
2073,استعملت Topnet Money أول مرة nchallah يتحسن
2074,chnowa هالخدمة؟؟ كل مرة coupure 😡 👍 😅
2075,service client ما يجاوبش franchement 👍 😂
2076,connexion stable même filil 😍 😂 😅
2077,app ma thebch t7el 😑 100% 🙌 wallah
2078,خلصت و ما تفعلش الforfait 😤 🙌 yaatikom essa7a svp
2079,forfait mte3kom yesser mezyen مقارنة بالباقي nchallah يتحسن ❤️
2080,app ma thebch t7el 😑 100% ..
2081,اليوم réseau متوسط موش خايب nchallah يتحسن yaatikom essa7a mais bon
2082,connexion stable même filil 😍 nchallah يتحسن wallah
2083,app جديدة و لا نفس النسخة ؟ wallah franchement 👍
2084,خلصت و ما تفعلش الforfait 😤 franchement yaatikom essa7a
2085,juste نسأل ال4G متوفرة fi Monastir ؟ nchallah يتحسن mouch logique
2086,application سهلة برشا و service client محترم ❤️ 😅 franchement
2087,réseau y9os barcha fi Sousse 😒 😭
2088,forfait mte3kom yesser mezyen مقارنة بالباقي nchallah يتحسن ..
2089,débit faible برشا خاصة الليل nchallah يتحسن ❤️
2090,internet بطيئة برشا اليوم 😂 service محترم
2091,prix معقول مقارنة بالباقي 😅 nchallah يتحسن mais bon
2092,prix معقول مقارنة بالباقي 😂 👍 100%
2093,application سهلة برشا و service client محترم ❤️
2094,forfait mte3kom yesser mezyen مقارنة بالباقي 👍 wallah 100% svp
2095,شكون يعرف كيفاش نفعل forfait internet ؟ nchallah يتحسن 3lech haka ?
2096,prix معقول مقارنة بالباقي yaatikom essa7a mais bon top
2097,hhhh 3aychek ya topnet
2098,topnet ramadan special? debit renforce le soir inchallah?
2099,"vitesse w prix w service, kol chay tamam 3andi 7amdella m3a topnet"
2100,3awed 9adhi el 3am w topnet mazal nafs el moshkla 😒
2101,"3andi coupure totale mn 3 jours walla, sma7lu"
2102,"3andi jirani 3al fibre TT w 5demethom khir, far9 fi prix?"
2103,"el ping mte3i 8ms 3al fibre topnet, parfait lel gaming online"
2104,"coupure 3 jours w teknicien ma jiech, kifech haka barcha"
2105,ya rabbi ana nchark w narbah 🙏 inchallah
2106,ya3tik essa7a topnet
2107,الدخول المدرسي ما يجيش بلا مشاكل إنترنت عند توبنت 😮
2108,"2023 passe et toujours memes problemes, espoir pour 2024"
2109,"ma nella9ach el reseau fi les parametres, router ma zarhach?"
2110,"3andi router tawa5er, ynji teknicien fi w9et mri9?"
2111,"el bnet w el wled 3andhem zoom kol sba7 w net ta7, mochkla"
2112,el service client 9ali 48h w 3 jours w ma7ad ji 7ata barcha
2113,chkoun y3awedni bel mise a jour adresse fi el dossier mte3i?
2114,lilt el 3acher ta9ta3 el internet w ana nfarrij el quran 😢
2115,"3andi 3onwan jedid, kifech nt7awwal m3a nafs el abonnement topnet?"
2116,3andi fibre w debit mch behia kima 9alu fi el contrat
2117,الاتصال قطع من البارح والخدمة صفر 😡
2118,"decembre w el 3ayla fi el dar, wifi sature w coupures"
2119,@Bilel Souissi kifech connexion mte3ek m3a topnet fi jiha mte3ek?
2120,router ta3 topnet ma5demch men jom3a kamilet sma7lu
2121,comparatif detaille topnet vs concurrents existe quelque part?
2122,"@Karim Hajlaoui ma tsma3 ken, badel topnet rah 😂"
2123,👍 merci
2124,"3andi mochkla fi el payment online, ma ya9balch carte mte3i fi site"
2125,ping fi online gaming 300ms m3a topnet fibre 😭 walla
2126,"@Sonia Riahi ma tsma3 ken, badel topnet rah 😂"
2127,"3ayeth 3al numero, 45 daqi9a w ma7ad redd 😡 ma3koul"
2128,"les fetes approchent et la connexion est instable, topnet??"
2129,"el QoS fi el router, kifech na3mel settings lel gaming online?"
2130,service client 3ayeth 7 marrat w ma7ad redd 3liya walla
2131,"connexion tombe a chaque appel video, vraiment problematique pour le travail"
2132,matfoutkouch ❤️ topnet
2133,"jirani 3andou hexabyte w ping khir lel gaming, topnet similar?"
2134,comment optimiser le wifi pour le gaming avec topnet?
2135,comment mettre a jour le firmware du routeur topnet?
2136,baraka 3likom topnet ❤️
2137,"topnet 3andha panne generale fi el hay mte3i, chkoun moch ena el mochkla"
2138,"connexion mte3kom bata2a barcha, ma9dar na3mel 7ata 7aja"
2139,le chat en ligne topnet ne repond jamais meme pendant heures ouvrables
2140,"technicien venu 3 fois, panne toujours la. que faire svp?"
2141,حياتي وقفت بلا إنترنت 😂 ولكن بالجد حلوهالي please
2142,"participation + partage, espoir de gagner 🤞 inchallah"
2143,"connexion instable fi el w9et ta3 bda el durus, normal haka?"
2144,nouvelle annee nouvel abonnement? offres janvier disponibles?
2145,"sayf w streaming m3a sahbeti, connexion ta5arrbet, kahrena 😂"
2146,topnet wala topbat2 ??? 😑
2147,"internet ta7 3andi mn s7a7, 3mal lbali"
2148,matdhouch fi el commentaires envoyez un MP w baad ma treddouch
2149,"sahbi beddel min topnet lil hexabyte, content barcha"
2150,el lila ta3 ras el 3am w el internet ta5arber 🎆 haka?
2151,🎉🎉🎉 merci
2152,"topnet fibre 7allat fi 7ayeti, streaming parfait 🎬"
2153,fin d annee et toujours les memes problemes de connexion 😒
2154,bonne fete a tous et meilleure connexion pour l an prochain
2155,"abonnement ta7 w ma dafetch facture mta5ara, 7alou"
2156,"el lila ta3 27 w el internet ta7, ma3koul haka 7ram??"
2157,"3andi mochkla tekni9, teknicien ji w 9al mahich fi 9is9is"
2158,"el internet ta3 topnet batta2 barcha fi ramadan, w houma el lila ta3 el lil lazem t5dem barcha. mch logique achkoun"
2159,fama difference qualite service apres la fibre TT haka?
2160,@Mondher Masmoudi @Hedi Oueslati ncharkaw fi el concours topnet
2161,reclamation deposee il y a 1 mois sans reponse officielle
2162,el skhana ta5reb el router? azra9 kifech n7el fi sayf?
2163,"connexion jamais tombee chez moi depuis 1 an, chapeau!"
2164,"tout le monde passe a la fibre, topnet quand dans mon quartier?"
2165,"decembre bard w connexion bata2, double peine walla 😅"
2166,rentree scolaire et ma connexion tombe tous les matins 9h
2167,"service client repondant et competent, bravo 🙌 topnet"
2168,كيفاش نشوف كل الأجهزة المتصلة بالواي فاي متاعي؟
2169,جيت للوكالة مرتين والمشكلة ما زالت موجودة ما حلوهاش
2170,"3andi smart TV w ma ta9darsh tconnecta fi wifi, kifech?"
2171,"teknicien ji tnein w 3amlaw 7san 5edma, chokran barcha"
2172,ma ta9darsh net fi el lil hatta? kol yom ta7 el internet ba3d el mighreb
2173,"el 5edma behia, sadek yeheb topnet 3andou 7a9 walla"
2174,ana nchark 🙋 topnet yahebni barcha
2175,hexabyte existe fi jiha mte3na wella topnet barka fi zone?
2176,"septembre et les pannes recommencent, c est tous les ans pareil"
2177,"signal ta7el men 3 jours, chkoun y3aweni?"
2178,"net ta7 men embar3h, chkoun y3awedni?"
2179,"3andi mochkla IPv6 m3a el router ta3 topnet, support yji?"
2180,"@Amal Mrabet chof bch t3aref, connexion topnet behia fi zone mte3ek?"
2181,"je participe, topnet yji yansa3ni fi haja 😄 inchallah"
2182,"facture zedou fiha w ma3raftech 3leh, chkoun y9darni y7el"
2183,"installation ki jet bsurha, teknicien prof, 7amdella 3a topnet"
2184,hexabyte khir 3andik wella topnet? baghi nbedel mte3i
2185,"facture ja 3aliya akther min el 3adi, chkoun y9darni y3awedni?"
2186,"chokran 3al teknicien l7elou w el sari3, weld 7lel barcha topnet"
2187,"connexion w9fet m3a zoom fi nos el ijtima3, walla kahrona barcha"
2188,"7amdella connexion behia fi ramadan had el 3am, merci"
2189,"smart home appareils ma yt9abblouch fi wifi ta3 topnet, kifech n7el?"
2190,"DM m3aya please, mochkla fi facture w ma9darsh n7el online 3andi"
2191,"skhana w internet bata2, yezzi 3lina 😅 kifech"
2192,"fi ramadan el net ta9ta3 kol lila, houma mch normal barcha"
2193,"le technicien venu hier, le probleme est revenu aujourd hui"
2194,"3andi 30 mega w youtube y9ta3 kol d9i9a, achkoun responsable"
2195,"envoye un email il y a 10 jours, toujours aucune reponse"
2196,topnet ye5ddem 😄 chokran barcha
2197,ماشي توبنت ❤️
2198,kifech n7ott el abonnement topnet fi esmi ana moch fi ism sahbi?
2199,@Amira Abidi winta sma3t 3al offre jedida ta3 topnet?
2200,"el router bda y7ammar barcha w el internet ta7, normal?"
2201,merci pour l upgrade automatique de ma ligne topnet
2202,teknicien ji fi w9et w 7al el mochkla b sari3a weld 7lel
2203,"el ping 3andi 150ms fi jeux online, normal wella problem?"
2204,barcha mriguel el installation w el teknik mte3kom
2205,"offre mte3i upgrade b nafs el prix, merci topnet 3al wafa haka"
2206,"جماعة ramadan w netflix yt9ta3 kol chwaya, chkoun?"
2207,"el internet 3andi ta7 fi w9et el match, 7abbit nkaser el router"
2208,"vitesse correcte le week-end, horrible en semaine, why topnet?"
2209,"internet stable barcha 3andi, weld 7lel team topnet brabi"
2210,"vacances et panne de 3 jours, topnet sma7lu please"
2211,"sma7lu 3aweduli bel contrat mte3i, baghi n3aref el details kol"
2212,"el wifi 2.4G wella 5G, ashkoun khir lel streaming?"
2213,walla fi ramadan el wifi ta 9abel lhawa mte3 5ir
2214,comment limiter la bande passante pour certains appareils?
2215,kifech na3mel backup connexion m3a el 4G fi cas de panne topnet?
2216,"kol yom nafs el 7keya m3a topnet, coupure fi nafs el w9et tawa"
2217,"vacances en famille et impossible de streamer, decu topnet"
2218,"ana nchark, walla ncharak barcha men el jou3 lel foum 😂"
2219,ana fi el 9a3ba 😄 nchark w n3addi lel 9balha
2220,mazal topnet fi el 7it 😂 zidou haka
2221,comment bloquer certains sites sur le routeur pour les enfants?
2222,كيفاش نربط طابعة لاسلكية بالراوتر تاع توبنت؟
2223,topnet offre ete kifech? quelque chose de special pour les clients?
2224,"el renta w el cours en ligne, net mte3i lazem yt7asen barcha"
2225,nchark barka barka yabani inchallah
2226,3andi telephone yotlob reboot kol chwaya lel router mte3 topnet
2227,@Omar Sfaxi kifech connexion mte3ek m3a topnet fi jiha mte3ek?
2228,"3andi teknicien ma ja fi el maw3id, kifech n3amel reclamation?"
2229,cours en ligne bda w speed ta7 3la sifr 😩 topnet wesh
2230,"routeur ta5arrer fi el skhana, normal wella lazem nbeddel?"
2231,kifech n9arreb tel5ar fi el router topnet?
2232,"el buffer youtube mazal bata2 m3a connexion 30 mega, azra9?"
2233,"connexion stable barcha hatta fi ramadan, merci topnet"
2234,renta bdat w el net ta7 🙄 les enfants lhom cours en ligne
2235,walla topnet fi el jiha mte3na khir men kol les autres
2236,"3andi mochkla fi el router, ynji wa7ed y3awedni urgent?"
2237,@Moez Oueslati kifech connexion mte3ek m3a topnet fi jiha mte3ek?
2238,kifech n3mel DMZ 3al router bech nel3ab online?
2239,من سنتين معكم وما عنديش شكاية الحمد لله يزيد
2240,كل عام وتوبنت بخير 🎊 شكرا على السنة المنقضية
2241,"sinal dha3if fi kol el blayes fil bra, kifech"
2242,5edma 3echta walla 😄
2243,"router ta3i yti9al barcha w yaxruj 3al wa7dou, normal?"
2244,coupure chhoriya w kol marra ychekhlouna bel teknicien. kifech haka brabi?
2245,3andi offre 100 mega fibre w speed test ma ya3tich 15 mega. kifech haka? 3 chhor w nafs el mochkla barcha
2246,@Lobna Mbarki @Ghassen Chebbi @Manel Derbali ncharkaw yabani fi concours
2247,streaming مسلسلات رمضان بلا مشكل، شكرا توبنت ❤️
2248,participe avec plaisir 🎉 bonne chance tout le monde
2249,ramadan mubarak lil team topnet 😊 w chokran 3al 5edma
2250,"3andi 3 awled fi e-learning w connexion mch msawya, 7el"
2251,@Naoufel Saidi jiha mte3ek 3andha fibre topnet?
2252,3andi IP publique wella privee m3a topnet? el gaming yok5arni barcha
2253,الانترنت تاعكم ما تخدمش من الصباح كامل
2254,comment tester si c est le routeur ou la ligne le probleme?
2255,@Fares Abidi jiha mte3ek 3andha fibre topnet?
2256,en ramadan je telecharge des series et connexion ne suit pas
2257,الديبي تاعكم صفر وإنتوم تاخذوا فلوس كاملة
2258,"wifi t9ta3 kol chwaya, 3andna cours en ligne!"
2259,"fin 2024 w merci topnet 3al kol, on continue 2025 inchallah"
2260,3andi facture mte3 2 chhor w ma9bartash n5alles online kifech?
2261,awledi yrabbou yit9arraw online w el connexion mch msawya
2262,"5 ans de fidelite et toujours satisfait, bravo topnet"
2263,الانترنت طاح من أمس الصبح وحتى الآن، رقم الخدمة مشغول باش
2264,topnet ramadan mubarak lil entire team 🌙 chokran
2265,merci topnet 3al upgrade gratuit mte3 el offre haka
2266,topnet coupure encore une fois 😩 sma7lu
2267,ما نجمش نحمّل أي حاجة، الديبي صفر من أمبارح
2268,"fi el sayf lazem tzid el vitesse, kol el 3ayla fi el dar"
2269,"@Ghassen Saidi ma tsma3 ken, badel topnet rah 😂"
2270,topnet baraka 😊 merci
2271,les tickets de support restent ouverts sans reponse des semaines
2272,@Tarek Ferchichi @Habib Ferchichi @Chokri Bouazizi ncharkaw yabani fi concours
2273,"el renta w el 3oda lel khidma, lazem net stablet 7amdella"
2274,fin d annee = bonne resolution: changer de FAI? 😂 nbeddel?
2275,bonne annee 2024 a toute l equipe topnet 🎊 merci barcha
2276,kifech na3mel reclamation rasmiyet? 3andi 7a9 w baghi n3aref
2277,el internet ta7 fi 3andna kol 3chi w kol nas fi el dar online
2278,"el awled fi el dar w kol wa7ad yel3ab online, ta7 el net"
2279,bravo bravo bravo topnet!
2280,"service client ma yredch, 3ayeth 10 marrات wkol marra ma7ad"
2281,merci pour ce post topnet 😊
2282,3andi gaming setup w ping mte3 topnet perfect 🎮 walla
2283,sayf w concours topnet 🙌 nchark yabani inchallah
2284,support yredch 3al email wella lazem n3ayeth tel barcha?
2285,"jirani gheyar lil hexabyte w ma9alich mazel, ashkoun?"
2286,"yezzi comparaison, topnet yist7a9 wella nbeddel definitif?"
2287,"connexion parfaite pendant ramadan cette annee, merci topnet"
2288,el connexion mte3i batta2et mba3d el update
2289,"3 jours sans internet, le technicien ne vient toujours pas malgre les promesses"
2290,"coupure 3andi men el jom3a, 3ayeth 10 marrات w ma7ad ja"
2291,fibre optique w debit mte3 dial-up 🙄 shbik
2292,"connexion mte3kom ta7 b ba3d el 3acha kol yom, normal wella problem?"
2293,"vitesse 1 mega fi offre 100 mega, bravo 🤣"
2294,"5 ans avec topnet, zidou haka 👏 ma nbeddlech jamais"
2295,"ana nchark, router jedid yzabbar 😎 bonne chance"
2296,router LED blinkat mara 7amra mara khadra w internet ta7 lhowa
2297,encore une panne? vraiment serieux topnet?
2298,vraiment satisfait du service depuis 3 ans 👍 continue
2299,"bravo 3al service, tkoul houma el khir barcha 👍"
2300,@Mariem Elloumi ncharkaw m3a b3adh fi el concours topnet 🎊
2301,en termes de stabilite topnet vs les autres FAI tunisiens?
2302,@Bassem Hajlaoui ncharkaw m3a b3adh fi el concours topnet 🎊
2303,bon travail equipe topnet 💪
2304,bon courage l equipe topnet 💪
2305,"service apres-vente reactif, probleme resolu en 24h nickel"
2306,ma nja9dar nshghel shi barnamej bisabbab el net el bati2
2307,debit 2 mega a 22h pour une offre 50 mega... rien a dire vraiment
2308,"installateur professionnel et rapide, je recommande topnet"
2309,"el wifi ma yo9belch l telephone mte3i, ama el pc 5addem, kifech haka?"
2310,3 ans topnet w baghi n3arf si khir nbeddel wella la
2311,شكرًا توبنت على الباقة الجديدة، راضي برشا الحمد لله
2312,"net ta7 3andi fi el sayf, 3andna el awled fi el dar w kol wa7ad yest3mel el net, ta7 totalement"
2313,"fi weekend kol connexion ta7, fi workdays normal, ashkoun"
2314,"topnet s7aba w mriguel, nbeddel? 7asha walla barcha"
2315,"bech n5alli el router fi el etage el 3ali, mchkla fi sinal?"
2316,3andi topnet men 7 snin w mazal mchi barcha mriguel
2317,ma9dar nba3ath email min el dar bisabbab el connexion el bati2a
2318,comment savoir si la fibre est disponible dans ma zone?
2319,"formation en ligne w connexion ta7, ya topnet sma7li"
2320,"mriguel walla, prix w vitesse, nsa7 biha lkol"
2321,topnet offre sayf kifech? ya3tina booster fi les vacances?
2322,"offre ta3kom khir men el concurrence, baraka 3likom"
2323,les 20 premiers Go a pleine vitesse puis throttling total haka
2324,"@Rami Saidi chof bch t3aref, connexion topnet behia fi zone mte3ek?"
2325,"el DNS ta3 topnet bati2, kifech nbeddel lel Google DNS 8.8.8.8?"
2326,router ta3 topnet y9bal IPv6 wella IPv4 barka kima TT?
2327,وصل التقني ومشى وزاد مشكلة ثانية، هذي خدمة واش؟
2328,chkoun yji yarkeb livebox jedida? mte3ti kharbet totalement
2329,"bonne annee a tout l equipe topnet, continuez comme ca 👍"
2330,كيفاش نحوّل من ADSL للفايبر؟ هل الثمن يختلف برشا؟
2331,el internet ta7 w ana nkhabbej lil 😒
2332,"fi ramadan lazem tzidou el capacite, barcha 3ibad fi el dar"
2333,"DM m3aya please bech n7el el mochkla mte3i, urgent barcha"
2334,ooredoo homeNet khir men topnet? rana nchawiraw fi el 7ay
2335,je partage et je participe ✌️ bonne chance a tous
2336,el internet ma5demch walla kchibek ya topnet
2337,"topnet rentree, upgrade possible pour les familles nombreuses?"
2338,el routeur bda ya3ti error light rouge depuis ce matin lhowa
2339,"@Ghassen Slama chof bch t3aref, connexion topnet behia fi zone mte3ek?"
2340,les cours en distanciel ont recommence et topnet est en panne
2341,ma 3adech na9der na3mel video call m3a familia fi el 5arij
2342,"j hesite entre topnet fibre et ooredoo homeNet, aide?"
2343,يتهنى الاتصال يقطع وما نعرفش شبيه، عندي livebox جديدة
2344,@Hana Jouini ncharkaw m3a b3adh fi el concours topnet 🎊
2345,"technicien prevu ce matin, il est 18h, personne n est venu"
2346,"fin de l annee, j espere une meilleure offre pour janvier"
2347,"teknicien ji w 7al el mochkla fi w9et mri9, weld 7lel"
2348,"nchark yabani, router ta3i ta5arrer w lazem jedid"
2349,"fin d annee, j espere une migration vers la fibre en 2025"
2350,"vitesse behia, prix mriguel, kol chay normal 7amdella"
2351,"topnet ma3nich depuis el bacha, walla mnich nabdel 7ata"
2352,speed test ta3 5 mega fi fibre 100 mega 😂
2353,"sohour w streaming w connexion, kol chay tamam 😊"
2354,comment activer le controle parental sur la Livebox?
2355,cool 😎 topnet khir
2356,من أمبارح نت تاعكم طاح، اتصلت بـ service client 20 دقيقة وما حدش رد. هذي خدمة؟
2357,"sma7lu chkoun fi el teknik, mochkla fi el cable el barra"
2358,"voisins ont topnet aussi, tout le monde en panne depuis hier"
2359,كيفاش نعرف إذا الخط متاعي مشفوط من برا؟
2360,numeros topnet yjawbou fi heures ouvrables barka wella?
2361,@Fares Karoui kifech connexion mte3ek m3a topnet fi jiha mte3ek?
2362,@Rawdha Hmida jiha mte3ek 3andha fibre topnet?
2363,"fi el jiha mte3na topnet fibre jet bsurha, merci barcha"
2364,"ana nchark berk, topnet el best 💪 inchallah narbah"
2365,"el MTU mte3 topnet, men ya7sen 3alih wella lazem n7abbsu?"
2366,mriguel walla topnet
2367,mriguel topnet walla
2368,ma9dar nkhammem kifech jiha kamilet b coupure kol yom 3andna
2369,"topnet fi les quartiers populaires ma5dimesh, w fi les zones VIP 5edma. walla haka 3edla?"
2370,"debit mte3 50 mega w speed test ya3tini 8 mega, haka topnet?"
2371,TT 3andha fibre fi zone mte3i wella la? baghi na3ref
2372,"ramadan w el connexion batta2, tariki9a fi sayf w fi sheta"
2373,comment mettre en place un reseau invite sur le routeur?
2374,"teknicien wa3adni bel ji fi es-sba7 w ja fi l3chiya, barcha w9et"
2375,kifech n3aref itha fi panne 3amma fi el mantiqa mte3i topnet?
2376,"el 4G ta3 telephone khir men el wifi ta3 topnet 3andi, chbik"
2377,"service client 3awedni sari3, chokran 🙏 weld 7lel"
2378,kifech nbeddel el offre? ma njamet na3mel 7ata 7aja mel site
2379,comment configurer le DNS manuellement sur la Livebox topnet?
2380,"teknicien venu il y a 5 jours, mochkla mazalha baraka haka"
2381,"men sna m3a topnet w ma t3ataltch wala yom, bravo continue"
2382,"el internet ta7 fi 3andna kol el 7ay, chkoun fi 9istek topnet?"
2383,mazel topnet 💪 zidou
2384,nchark bech narbah w nbi3 el router 3al souk 🤣 bl7el
2385,عام جديد والإنترنت ما تحسنش 😔 يزي برشا topnet
2386,👌 parfait topnet
2387,رمضان ما نجمش نشوف بث مباشر، ديبي صفر هكا
2388,el router ta3 topnet yti7 fi sleep mode wella la?
2389,كيفاش نفعّل UPnP في الراوتر تاع توبنت؟
2390,ramadan booster offert par topnet? je veux activer svp
2391,"connexion behia fi el 3ach w el nahew, kol w9et 7amdella"
2392,"@Bassem Khemiri chof bch t3aref, connexion topnet behia fi zone mte3ek?"
2393,"bati2 barcha net ta3kom, ma ta9darsh tchouf video"
2394,يزي الصيف والحر، زيدو الإنترنت تاعنا باش نصبروا 😂
2395,"fi sayf el5adhem el internet ta7 kol 3achi, normal haka?"
2396,kifech n3adel el channel fi el router topnet mte3i?
2397,"router ja mo5arrab men el boit, kifech n3awedh mte3 topnet?"
2398,el best fi bled 🏆 topnet
2399,nchark bech narbah w n3mel 3id lel internet 😂
2400,"kol yom nafs el hekaya, coupure w brak"
2401,comment configurer un VPN avec topnet fibre?
2402,"connexion parfaite le matin catastrophique le soir, pourquoi?"
2403,el sayf bda w el connexion bata2et 3la toul 😒 topnet
2404,topnet offre fin d annee? quelque chose de special?
2405,@Amira Sfaxi @Walid Abidi @Cyrine Louhichi ncharkaw yabani fi concours
2406,rentree et le wifi sature avec tous les enfants en ligne
2407,bata2a bata2a bata2a... depuis 2 semaines connexion tombe tous les soirs a partir de 22h. c est insupportable
2408,merci pour l info utile
2409,demande de resiliation depuis 2 mois et toujours facture
2410,service client yaaa 😒 yenhaou ya3 yreddou 3al nas
2411,chkoun y3awedni bil facture? zedou 3liya w ma3reftech leh
2412,الدخول المدرسي والإنترنت قاطع، الأولاد عندهم كورسات أونلاين
2413,ramadan kareem w in chaa allah el connexion tzid behia 🤲
2414,el ligne ADSL mte3i tit7awwal lel fibre automatiquement?
2415,"TT w hexabyte ghadyaw fi zone mte3i, topnet kifech?"
2416,kifech nwaqaf el abonnement mte3i? baghi nbedel lel concurrence
2417,comment changer mon offre sans passer par une agence physique?
2418,"ya topnet, ramadan w el connexion batta2et, sma7li ❤️"
2419,"speed test ya3tini 30 mega 3al tel w 5 mega 3al pc, normal?"
2420,"ooredoo homeNet vs topnet fibre, experience de quelqu un?"
2421,topnet ysmah bil port forwarding lel gaming?
2422,el routeur ta3 topnet compatible m3a repeteur WiFi 6?
2423,"ramadan w el kids yfarrjou cartoons, connexion ta9ta3 kol ma"
2424,"@Dhouha Derbali ma tsma3 ken, badel topnet rah 😂"
2425,"ping 9bal barcha, ma9dar nel3ab online walla"
2426,decembre w el offres jedida kifech? baghi nbedel inchallah
2427,"TT fibre commercialisee dans mon secteur, je pars topnet?"
2428,el IP ta3i public wella private m3a topnet?
2429,"walla topnet khir, mazalha t5dem 3andi men 5 snin 7amdella"
2430,topnet w ana fi 3echqi 🌹 j/k walla 😂
2431,صيف وكل العيلة في الدار يستعملوا الواي فاي، قطع كل شوية
2432,comparaison prix topnet vs ooredoo quelqu un peut m aider?
2433,le technicien est venu mais n a pas resolu le probleme du tout
2434,topnet el best fi bled 💪
2435,"agence topnet fermee samedi apres-midi, c est normal haka?"
2436,kifech n3aref l etat mte3 matlabi fi le systeme mte3kom?
2437,fi el lil ta3 ramadan kol wa7ad yfarrej w connexion mch msawya
2438,@Brahim Turki @Maroua Jomni ncharkaw fi el concours topnet
2439,"renta 2024 w internet bata2, tawa ch3end haka topnet?"
2440,"router ta3i ya3ti signal ama ma3adech internet, kifech haka?"
2441,"el teknicien ji w 9al mochkla fi el bra, ba3da ma ja 7ata"
2442,topnet wallahy el connexion ta3kom mch msawya du tout fi jiha mte3na
2443,el yom nchaf el difference ba3d el migration lel fibre
2444,fama mesh network compatible m3a el router ta3 topnet wella la?
2445,رمضان وانقطاع إنترنت، هذي عادة كل سنة 😒 topnet
2446,عندي توبنت من 4 سنين وما بدّلتش، خدمتهم باهية وكاملة
2447,"3andi coupure kol 3 heures exactement, weird wella normal haka?"
2448,"fin 2023 w connexion mazalha bata2, in chaa allah 2024 khir"
2449,@Lobna Belhaj ncharkaw m3a b3adh fi el concours topnet 🎊
2450,رمضان وبدا الإنترنت يقطع كل نص ساعة. الوالدين تبعكم يحكوا على الـ streaming وكل مرة يقطع
2451,"topnet khyyar el 3am el jedid, zidou barcha fi el khedma mte3kom"
2452,kifech n3aref el vitesse el 7a9i9iya mte3 connexion mte3i?
2453,"fi laylat el qadr ta9ta3 el internet, sign wella? 😂"
2454,"internet ta7 w 3andi presentation en ligne bachra, please topnet"
2455,"el internet 3andi ma5demch men 2 jours, 3ayeth service client ma7ad redd 😤"
2456,@Amira Miled @Hassen Ayari @Aziz Elloumi ncharkaw yabani fi concours
2457,bonne annee et meilleure connexion pour 2025 😄 inchallah
2458,"decembre w les kids yel3bow games, connexion ta7 kol yom"
2459,kifech n7assel 3la facture detaillee fi el application?
2460,streaming foot en direct coupe au moment du but 😡 topnet wesh
2461,connexion instable depuis une semaine complete
2462,"hawa el sayf bda, w el coupures bdaw baraka 😤"
2463,"mon fils a cours a 8h, connexion tombe a 7h30, kol yom haka"
2464,@Ghassen Haddad winta t5addem topnet wella la?
2465,"3andi 2 telephones connectes, l un a internet l autre non, azra9?"
2466,comment reinitialiser le routeur topnet sans perdre la config?
2467,connexion mte3 topnet bata2 barcha fi heure de pointe kol yom
2468,fibre installee depuis 3 mois et ca coupe chaque semaine exactement
2469,"net mte3i ma5demch men el s7a7, chbikom"
2470,ramadan w concours topnet 🎊 nchark inchallah
2471,"connexion 3andi fi l etage w fi el bra, kol chay behia"
2472,j ai change pour topnet et c est le meilleur choix fait
2473,رمضان كريم، يا رب الإنترنت ما يقطعش في المسلسلات 🙏
2474,@Olfa Louhichi ncharkaw m3a b3adh fi el concours topnet 🎊
2475,"debit ok sur le cable catastrophique en wifi, c est le routeur?"
2476,fi el lil ta3 ramadan kol nas yfarrej w el net ta9ta3
2477,"el router ya3ti sinal ama internet ma5demch, el probleme fi chkoun?"
2478,"ma9dar na3mel call zoom b sawa, connexion mch msawya du tout"
2479,topnet fam 💪 zidou haka
2480,"le service client met 45 min a repondre, c est acceptable?"
2481,مسلسلات رمضان والانترنت بطيء، يا ربي يصبر 😔
2482,"coupure fi ramadan, walla haka 7ram brabi"
2483,kifech n5addem IPTV m3a el abonnement mte3i?
2484,"fi el sayf el reseau surcharge, comprehensible mais bon"
2485,سنة ونص مع توبنت والإنترنت قاطع كل نهار 😤 kifech
2486,"kol chay mriguel 3andi, w el ping behia lil le3b online 🎮"
2487,"contrat 2 ans signe, peux-je changer d offre avant terme?"
2488,kol ma yji 3id wella mnasbat ta7 el net... coincidence topnet?
2489,"3andi repeteur wifi w ma5demch m3a livebox topnet, kifech?"
2490,telechargement a 200ko/s pour une offre 50 mega... c est normal??
2491,"offre fibre optique ta7set walla, yaatikom essa7a"
2492,"support chat reactif, resolu en 30 min, bravo topnet"
2493,"streaming behia fi ramadan, merci topnet 😊 7amdella"
2494,el awled yel3bow online w el ping 9bal barcha fi sayf
2495,"toujours la pour les concours, bonne chance a tous 🎊"
2496,"connexion mte3i ta7et totalement depuis hier 3 sba7, 3ayeth service client ma7ad jawa, w ba3dha trk"
2497,internet topnet la plus stable que j aie eue en Tunisie
2498,نصف ليل والإنترنت طاح وعندي deadline بكرا 😩
2499,"merci topnet 3al offre jedida, prix mriguel barcha 👍"
2500,abonnement mte3i ma7adhef w mazal ma reddouli flusi 3 chhor
2501,"je viens de migrer vers la fibre topnet, vraiment content"
2502,installation rapide et technicien sympa et professionnel 😊
2503,"le debit promis dans le contrat n est pas respecte, recours?"
2504,"sayf w streaming netflix ta5arrbet, topnet wesh haka"
2505,الصيف وكل الأولاد يلعبوا أونلاين، الديبي صفر walla
2506,"excellent rapport qualite/prix, je recommande topnet"
2507,weldek topnet 😊 baraka
2508,l application topnet pratique barcha pour gerer abonnement
2509,"portee du wifi limitee, puis-je ajouter un repeteur?"
2510,"bonjour, comment resilier mon abonnement svp?"
2511,"bonne annee 2025, in chaa allah connexion behia lkol"
2512,"fibre topnet dans mon quartier depuis 6 mois, content barcha"
2513,walla barcha 9alb 9alb 😂 topnet
2514,يزي ثلاثة أيام بلا نت، أعطوني موعد ومحدش جا عندي
2515,شكرًا على التقني الكريم اللي جا وحل المشكلة بسرعة
2516,كيفاش نغير الباسووورد تاع الواي فاي من الإعدادات؟
2517,5edma mte3 topnet khir men el concurrence fi 7aytna
2518,chkoun fi el service client ynji y3awedni fi el mnihla?
2519,"topnet zidou haka, khir men barcha fi el concurrence"
2520,"topnet w concours, toujours present 🏆 merci"
2521,"teknicien ji fi w9et w 5adam weld 7lel, chokran topnet"
2522,participe 🙋 merci topnet pour le concours sympa
2523,kifech n3mal 9ism el internet bein el awled fi el dar?
2524,"debit mte3i wa9af 3la sifr, kifech haka?"
2525,kifech n3aref el password mte3 el wifi mte3i?
2526,topnet offer ramadan kifech nhot biya? baghi ncharri
2527,el offre ta3i expirات w beddlula b offre ghilya sans me prevenir
2528,3aychek ya topnet brabi
2529,kifech n7ott el topnet fi 5 ajhiza fi nafs el w9et?
2530,awledi 3andhem cours en ligne w el connexion mch behia
2531,"sma7lu DM m3aya, 7ata el DMs ma treddouch 😒 wesh"
2532,pour ramadan vous pouvez augmenter le debit la nuit?
2533,toujours partant pour les concours topnet 🙌 merci
2534,"3andi double facturation ce mois-ci, chkoun yredch 3liya?"
2535,"teknicien ma jiech w 3ayedtom 3 marrات, kifech haka brabi?"
2536,"vitesse impeccable, prix correct, je reste 😊 mriguel"
2537,"ramadan w streaming w connexion bata2, triki9a barcha 😩"
2538,"sma7lu 3aweduli 3al offre jedida, yfarraq fi el prix?"
2539,topnet renta special? cours en ligne y7tajou vitesse behia
2540,yezzi nabat wasiket resiliation b barid wma reddouch 3liya
2541,@Radhia Chaari jiha mte3ek 3andha fibre topnet?
2542,الانترنت قطع وما عندي روتر احتياطي، خسرت يوم كامل من الشغل
2543,"topnet sma7lu reddou 3al DM mte3i, mochkla depuis 4 jours barcha"
2544,اتصلت بـ SAV وقالوا الخط بخير ولكن الانترنت ما تخدم 😅
2545,zidou haka 👏 baraka
2546,kol chay tamam ❤️
2547,comment obtenir une attestation d abonnement pour logement?
2548,"connexion tombe exactement a 21h kol yom, normal wella problem?"
2549,walla fi el sayf el connexion tzid batta2 3andi kol 3am
2550,fi el 9alb ❤️ topnet
2551,"el signal fi el dar 3andi dha3if barcha, router ba3id wella mochkla?"
2552,"ma beddlech men topnet w ma nbeddlech, mriguel tamem"
2553,"le NAT strict bloque mes jeux en ligne, comment le changer?"
2554,"3 mois d abonnement payes sans internet, remboursement possible?"
2555,"resiliation en ligne ma ta5damch, lazem nji lel wa9ala jismiyan?"
2556,"ramadan mubarak, 3sa el internet ma yt9ta3ch el lila 😄"
2557,"el numero ta3 SAV mochghoul permanence, azra9 chkoun?"
2558,septembre toujours les memes soucis de connexion chaque annee
2559,kifech n3mal transfert abonnement lel 3onwan el jedid mte3i?
2560,sma7li chkoun y3awedni bel teknik? 3andi coupure totale mn embar3h w el service client ma yredch. 3andi awled yit9arraw ligne
2561,hexabyte awfer men topnet fi el vitesse fi jiha mte3i?
2562,"connexion parfaite en hiver, nulle en ete, why topnet?"
2563,"khaddem fi dar m3a topnet fibre men sna, ma3ndich ay mochkla"
2564,"@Raouf Elloumi sma7li, topnet wella ooredoo khir fi jiha mte3ek?"
2565,"3ayeth bel numero ta3 topnet w 9atni sbi3 min, 9at3u liya"
2566,"el internet ta5arber ba3d el matar, mch normal wella?"
2567,"facture claire et sans surprises, merci topnet baraka"
2568,"barcha mriguel, w el prix machi ghal 3al kol haka"
2569,wella topnet 3andha offre nocturne fi ramadan? baghi n3aref
2570,"el modem w el routeur, far9 kifech fi topnet?"
2571,wella topnet yredch bi debit garanti kima les autres FAI?
2572,"el wifi signal dha3if fil bra, kifech n7el el mochkla?"
2573,"router ta7 fi el 9ayla, kifech n7el fi el sayf?"
2574,ya3tik essa7a topnet 3al offre ramadan 3andi el 7a9
2575,bonne initiative 🎊 bravo
2576,"min topnet lil ooredoo, far9 kbir wella la? a3tini raay"
2577,"upload speed ta3i sifr walla, kifech na3mel backup bih"
2578,"kol ramadan nafs el 7keya, ta9ta3 fi el lila haka"
2579,router ji fi w9et w connexion 3adet normal 🎉 merci
2580,yfarraq barcha topnet m3a hexabyte fi 7aytna?
2581,الانترنت تاعكم باهية، ما عنديش شكاية الحمد لله
2582,comment acceder a l interface du routeur topnet?
2583,bech n9addi el lila ta3 ras el 3am online w connexion bata2 🥲
2584,"debit stable 24h/24, enfin un FAI correct en Tunisie"
2585,"3andi awled yit9arraw en ligne w el internet ma5demch, ma3koul haka"
2586,"les vacances et la connexion qui lag, c est le comble 🙃"
2587,3andi promesse teknicien fi 48h w 3 jours w ma ja 7ata
2588,kol 3am w topnet b5ir 🎉 merci lel team kol
2589,"prix topnet w hexabyte w TT, ashkoun awfer fi 2024?"
2590,"fi el sayf kol la famille fi el dar w wifi ta7, logique?"
2591,صيف وصيفية والإنترنت قاطع 😡 ashkoun fi 9istek
2592,contrat mte3i ta5ar w ma3reftech kifech njadded haka
2593,صديقي عنده hexabyte وسريع برشا، topnet يستحق برشا؟
2594,"topnet sma7lu jibuli teknicien, 5 jours men el coupure 😠"
2595,nchark parce que j ai besoin d un meilleur routeur 😂
2596,yezzi nchki ma3 bchara w ma nchkish ma3 robot fi el khedma
