comment,text
3ayech service mrigul wallah ?? internet ytayyar 3la 9alil,
Merci Topnet ?? forfait data khir men 3and kol,
Chbik ya Topnet fi tounes? rseau yhazik fel 3asima ??,
Appli mobile t9a3di tawa walla? mchit nchouf facture matlou3ich ??,
Normalement 4G ykoun sarii3 ama 3andkom rir rir ??,
Bravo 3likom ?? recharge facile w prix mrigul,
Tawa 3andkom problme fel rseau? 3andi 0 bar w nest7a9 net ??,
Svp 7alou mouchkilet l'appel yta7 3la ro7ou ??,
Pourquoi le forfait illimit ytayyar ba3d 10Go? Khata ??,
Yhazikom sbe7 lkhir! 5G taw njarbou nchlh ??,
N7eb nchri carte sim jdida ama mafamech agence mrigla ?????,
??? 3eme appel yaw nchki 3la rseau wallah maynajmou y7alou chay,
Merci pour la promotion ramdan ?? data 50Go b 15dt khir,
Mon forfait tzid fih 7seb ro7ha w anaya ma 3andich 7ata 7keya ??,
Appli tkasra kifeh tawa? tod5ol w t5rj 3la ro7ha ??,
Ey wallah 5edma barka taw nchouf chnowa jdida,
Rseau mtayyar fel mnihla w we7l mrigul chnawa n3aml? ??,
Vive Topnet! 3aychek 3la loffre weekend ????,
"Jai pas de rseau dans mon dar, w ana fel centre ville ??",
Encore des coupures? N3ichou fel 2024 w 5edmekom tesla7 l 2010 ??,
Svp facture tala3li 50dt w ana 5demt 30dt seulement? ??,
Forfait mobile plus t7eb t5alles online ama site ta7 ??,
"3ejbetni 3aradhkom jdida, chrab 9ahwa w 7ot 4G ????",
Chkoun 3ando mchkla fel data speed? ana 3andi 2mb/s w n5alles 4G+ ??,
Merci ya Topnet tounes. nchallah dima nhar mabrouk,
Cest quoi cette pub? 3ana 5G fi tounes w ala we9t ? hahaha ??,
7ata code promotionnel makch tawj dou ????,
Avis: code *122# mayekhdemsh 3la 7sebi. 7alouha,
N7eb n7awel forfait ama site mta3kom 3al 9fal ??,
Yah yah yah! ghadiwa 5edmet zapper? taw yjiwek 3bed,
Rani nchki mn marsa l ezzahra koll chay ta7 fiya ??,
Pourquoi 9a3ed yekhdem lappli meloul? n7eb nraja3 wahda,
Offre twfir taw nraha ama na3ref hia 3ibara 3la kdhb ??,
"Yezzi chbik ya topnet, 3ayeltina bel mouchkil mt3 rseau",
Rechargement par carte verte sarii3 w bara merci,
Tawa tla3 facture w ana chkoun li bech y5alles ? moch mochkla 3andi *99#,
Nchlh nhar jdid w rseau jdid ??,
???? ????? ???????? ??? ?? ???? 5las bel dinar ????,
Tala3li code mrigul ama yesta3melch m3a pack internet,
Merci Topnet pour la stabilit fel 4G. 3aychek,
Wallah appli mobile tzid tkharreb m3a koll mise  jour ??,
Fama code promotionel jdid? n7eb n3abbi ra9mi,
Taw na3ref 5edmekom mta3 zebi. 3emlet verification w ma7allouch,
Super offre pour les jeunes ?? n7eb n3alem 3liha,
Nafs l mchkla fel sms mtayrin wala 3adi ?,
Bon courage 3likom. Khaserna 3likom mais 7atou 7al ??,
"Sahbi fel agence 9ali narja3 ghodwa, w ghodwa jit 9ali narja3 ba3d ghodwa ??",
Tawa appli t5rj 3lik fel payment... kifeh nkaml?,
Nchallah fachekh fel rseau w 5edma behia nchlh mrigula,
???? l code mta3 ra9mi mafamech? N7eb nchouf solde,
3aychek ya Topnet 3al fibre optique fi touns. Wallah sarii3 ??,
"Mon pote 3ando 5G fel centre, w ana fel jiha okhra 3G ??",
Khatemni site mta3 recharge. mrigul w sarii3,
Taw 3andkom 3aradh 7ata lel 9raya ? n7eb net jdid,
Appel ytayyar wa9t ma nkoun fel metro... haja tkaser,
???? ?? ?????? ????? ????? ??? latency? 150ms ??????? ??,
"Merci beaucoup, tnajamou tzidou des offres internationales",
Lapplication t3ich fi dhaw9a. Temchi 5 minutes w t5rj.,
Kifeh n3amel bech n5ales facture b carte bancaire?,
???? ????? ?? ??? Livebox? ??? ???????,
Wallah yahbelna faza mta3 1 dt lel sms w mazelna nchkoul,
Taw najamt nchouf loffre jdida 'illimit' ama el vitesse 384k ????,
Svp n7eb nbadal agence de vente. win najm?,
Pour linstant koll chay mrigul. 3aychekom,
??? ?????? ??? ?????? mrigula tawa ??,
Code #123* wala ma yekhdemsh? fama beddel?,
5G sur le papier mais dans la ralit 4G pourri,
Tawa nkamel 3am m3akom w nchlh nkamlou,
La recharge par carte lectronique mrigula. Brava,
Wallah fi nhar la9dhia n3ichou l7keya mta3 linternet li howa 7keya,
Offre 'Tounesna' 3ejbetni. Ylzm cha3b,
Soutien technique mta3kom y7ki m3aya kima 3bd ma ye7kich ??,
Appel  ltranger 3andkom 7ata 3ardh? n7eb n3ref,
Clairement lun des meilleurs oprateurs en Tunisie. Chokran,
??? ???? ??? eSIM ?????? ???? ??????,
Mazelna nchkiw fi 7adoud linternet w n5alsou barcha,
Yezzi 3likom a suffit. Wallah nra7el lel ooredoo,
Pourquoi les packs sont chers par rapport  la qualit ?,
N7eb nkamel inscription fel offre ramlet. win najm?,
Taw nkoul 7aja behia: support technique yrad 3la ro7ou,
Khatemni service de livraison carte sim to home. Merci,
???? ?? ???? ????????? ??????? whatsapp ????,
"Bon, hn nchkiw barcha ama fi lastu, wallah y5admi",
"Taw ki nkoun fel 3asima rseau mrigul, ki nkoun fel dakhil 7ata chay ??",
N7eb nraja3 flous par erreur? kifeh?,
Offre weekend sarii3a mais prix 5ayeb,
Tala3li facture 70 dt w ana ma 5demt chay ??,
Yekhi mchant wallah 5edma 3al 9alil.,
Super exprience avec lappli. Rien  redire.,
???? ?? ?? ????? ???? ??? VPN ????? ?????,
Code *111# maykhdemch 3la Android 14. 7alouha,
Nchlh taw nwalli n3ayech 3al 5G mrigul,
Bravo pour les efforts ?? just un peu de srieux la fiabilit,
8 annes m3akom w mazelni nchki fi rseau,
Offre kif kif like les autres oprateurs. Pas de diff,
???? ??? ping ?????? ?? ???????. 130ms ???,
N7eb nbadal labonnement w nafs l mchkla raja3t,
Yhazikom barcha 3likom Taha,
Application dowload bata9a? ta7el wala,
Fama 3aradh 3la les appels internationaux? n7eb nchouf,
???? taw nraja3 les donnes perdues? zid wala?,
"Wallah barcha 7keyat fihom, ama n7eb n9olkoum 5edmekom behia mil b3adh",
Site mta3 topnet.tn mch yekhdem 3la firefox ??,
Rani nchki min ghodwa? service client mrigul b 5lef 9al,
Taw 3andkom 5G? la ama test 7essit far9?,
Wallah khatemni 3ala5ater faza mta3 ra9em mta3i matnajamch n3ayech,
N7eb nrajja3 modem fibre. Kifeh procdure?,
Offre 'faza' b 10dt 50go? sara7a mrigula,
10 ans m3akom. wallah lvolution 3adhma,
???? ??? ?? ?????? ??? ?????? ?? ???? ?? SMS,
Pourquoi les forfaits postpays nont pas les mmes avantages ?,
N7eb nes2el: 5edmetkom ta3tini priorit? non?,
Cest bien mais le prix reste lev pour le tunisien moyen ??,
Lappli stabilit zeda behia w nchlh tzid,
Mabrouk 3likom topnet 3la loffre. en tt cas mrigul,
"Barcha nchkiw 3la network ama n9olkoum 7aja, teledeclaration sarii3a",
N7eb nchri forfait 50dt chahri. win najm?,
Wallah 3ejbetni service de lenvoi de code par mail,
Code *101# affichili solde zeda mouch win? 7alou,
Linternet fixe mta3 topnet fibre ytayyar f lil!,
Sale priode ya topnet. Serveurs ta7in koll chwaya ??,
Bravo 3likom 3al rapidit de livraison des cartes sim,
"N7eb nkoun m3akom fidle, ama ta3bni rseau",
"Offre double data 7ilwa, ama ylzm n7eb n3ayech",
nhar kamel nchki wala 7al...,
"Taw n7eb n3amel transfert de proprit, kifeh?",
Sms b 250 millime? ghali barcha,
Yhazik l'offre nhar l3aml b 10dt 30go mrigula,
Pourquoi lapplication est lente sur iPhone? Android temchi mrigul,
N7eb nkamel contrat fibre optique ama temchi l site t7elch,
Rani nchki 3al facture zeda zidoulna 5dt 7seb ro7hom ??,
Soutien technique mta3 Topnet fi tounes tnajam tnajem,
Offre 3al 9raya mrigula merci topnet,
"Wallah 5edma wahcha, na3ref chnawa n9oul",
Merci 3ala livraison rapide w preparation mrigula,
N7eb nchouf offre jdida kima fel 5G barka,
Taw 9a3ed n3ani m3a les donnes consommes mrigul,
Code activation 5G yekhdem 3la 9alil? jarabt w ma5demch,
"Belle initiative les points de fidlit, merci",
Rani nchki 3al service mrigul w bara,
"Jai test la 5G dans le nord, rien de spcial",
N7eb n3ayech 3al offre family. tnajam tzid info?,
Site mobil mta3kom mouch responsive 3la tablette ??,
Offre 3andek 7keya behia: tarif appel local moins cher,
"Merci ya Topnet, rseau ta7 3la ro7ou wahdha ??",
"Yezzi, ne5dem m3a code *101# b 5lef ma nchki",
N7eb nkoun fel blacklist mta3kom? taw nchouf,
Lappli mobile mrigula mais taw tzid tet3aml b chte,
???? ????? ?? ???? ??? iMessage ?? ?????,
Taw 3andkom offre 3al smartphone? n7eb nchri s7ab,
Nchlh ghodwa rseau behi w nkounou mrigulin,
Win service client? nandhom yraddou 3la 9alil,
???? ?? ?????? ?? ???? ??? eSIM ??? ???? ???????,
Wallah khatemni 3ala5ater nchki marra wala 3adi,
Offre taw mawjouda b 30dt 100go? test7a9,
Merci 3likom mais awel marra nchki 3al problme de vol de crdit,
"Yhazik ya Topnet tounes, 3aychek 3al 5G fel manzah",
Appel mta3 service client 20 minute w ba3d ytayyar 3liya ????,
Taw 3andkom mchkla fel site? matnajamch t5ales,
Offre double appel 7elwa mais rseau mrigul chnawa?,
N7eb n5ales b credit card ama page ta7,
Rseau 4G fel centre ville 0.5mb/s w n3ich fi 3asima,
"Bara 3likom 3al quipe support, y7elou mchakel b sarii3a",
Pourquoi le forfait data y5als 3la 5ater ma yjaddidch,
????? Topnet Tn ???? ???? ?????? 5edma zayna,
Code *102# mta3 service solde yekhdem wala?,
"N7eb nshouf l'historique mta3 consommations, win najm?",
Khatemni l'offre weekend b 5dt 20go mrigula mil b3adh,
Service client y7awel y3awn ama so3ouba fel lugha,
Mabrouk ya topnet 3al nouveau centre d'appel,
Rani nchki nhar kamel fi l mchkla mta3 facture,
Wallah 3ejbetni 5edma mrigula w nchlh tzid,
"Offre ""Famille"" 3ejbetni, 5alasna 3liha",
???? ??????? ???? location 24/24? khaf m3aya,
"N7eb n3amel portabilit depuis ooredoo, win nmchi?",
???? ????? ?? ???? ??? MMS. ?? ?????,
"Taw n7eb n5ales facture sghira, balak khatemni",
Pourquoi les offres sont meilleures pour les nouveaux clients?,
"Yhazik rseau fel aroport tounes, 3aychek",
"Mrigul ya topnet, mais taw tzid tet3aml",
Code *777# l'offre ramdan mazel mawjoud? n7eb n3amel,
"Barcha nchkiw 3al prix wala service mrigul, 5tar l kayen",
N7eb nkamel 5edma 3al fibre w ma3andich modem,
Rseau yekhdem 3la 9alil wala? tawa ytayyar,
Soutien technique zeda 7keya: y7awlou y3awnou,
"Offre 1dt lel sms barcha ghali, 3lech?",
???? ???? ??? VoLTE ?????? ????????? ????,
"Mrigul service client fel chat, raddou sarii3",
"N7eb nraja3 carte sim li talfet, win najm?",
3ayech ya topnet mais rseau ta7 f lil,
Khatemni l'offre taw b 15dt 30go w zid 5go,
"Wallah 7ata klem mafamech, service mtayar",
Appli mrigula mais 3andha bug fel notifications,
"5G test fel lac, wallah 600mb/s ??????",
Pourquoi loption data rollover mawjouda 3and l'competition?,
"N7eb n5ales bil facture lectronique, win taw?",
???? ?? ?????? ????? ????? ????? ??? sms?,
Yhazikom 3al offre fibre 100mb/s wallah khir,
Taw 3andkom mchkla fel rseau gnral? barcha ychkiw,
"Mabrouk 3likom, nchlh dima tzidou",
Rani nchki 3al rechargement automatique yraja3 yekhdem,
Offre 'Intense' 3ejbetni 7ata ken ghaliya,
"Service client yreddou 3likom ba3d 5 minutes, mrigul",
???? ?? ?? ??? ???? ??????? ???? serveur ta7?,
"N7eb n3amel rsiliation w nrajja3 flous, est ce possible?",
"Wallah 3aychek ya topnet tounes, 7ata ken 3andna mchakel",
Taw l'offre jdida 3al 9raya 7elwa barcha,
"Appel vocal ytayyar wa9t nkoun fel route, 3lech?",
N7eb n3amel mise  jour de l'offre ama site mta3kom ta7,
Khatemni service mrigul w 5edma behia nchlh tzid,
Pourquoi les forfaits prepays n'ont pas les memes avantages?,
Code *555# mrigul w yekhdem 3la 9alil,
"Yhazik ya topnet, ama a7na n7ebou nchouf tawa7ed jdid",
Rani nchki 3al 4G dha3ef fel matar,
"Offre ramdan mrigula wallah, 3aychek 3liha",
???? ?? ?? ???? ??????? ???? ????? ?? ??? APN?,
"N7eb nchouf facture dtaille, win najm nal9aha?",
Belle initiative les apps gratuites avec le forfait,
Wallah taw n3amel menace nra7el lel autre oprateur ??,
"Mrigul service, merci ya topnet",
"Offre kima fel 3oudh, 5edma mrigula mais prix zeda",
"N7eb n3amel chkaya fel site, formulaire matlouch",
Rseau fel mahdia zeda yhazik? chbik ya topnet,
Taw 3andkom offre 5G fel sahel? 7ata nchlh njarab,
Pourquoi le service client ferme  18h? 3bed ta5dem,
Mrigul code promo w n3abbi ra9mi merci,
???? ?? ?????? ??????? ??? notification b l'arabi?,
N7eb n3amel recharge automatique w ma3andich compte,
"Wallah 3aychek ya topnet, ama rseau b l'extrieur ytayyar",
Taw jdida l'offre 10dt 40go? test7a9 barcha,
Khatemni l'offre de bienvenue b 5dt 10go,
"Appli ta7eli wa9t ma n7eb n3amel paiement, n3ad 3la ro7i",
Rani nchki 3al lenteur fel fibre wala 9alouli 100mb/s,
"Offre double data fel weekend, 3ejbetni",
N7eb nkamel 3ala service de redirection d'appel,
Service client zeda sarii3 had l'poque,
"Mabrouk 3likom 3al amlioration fel sud, choufna far9",
Taw 3andkom code mrigul lel roaming?,
Wallah n7eb nkamel m3akom 5ater khatemni service,
Pourquoi les SMS publicitaires mriglin w les notifs persos non?,
Code *999# maykhdemch m3a l'offre jdida,
"Rseau ta7 f lil 3la 9alil, n3ich fi manzah 6",
Yhazik support technique y7el 3liya mchklet 5G,
Offre taw njarbouha nchlh nkounou mrigulin,
"N7eb n5ales b dop, win najm n3amel?",
Bravo 3likom 3al 5edma fel agence centrale,
"Mrigul wallah, 3aychek ya topnet",
"Rani nchki 3al vol de crdit, 5serna flous",
Offre kima fel 9bal ama taw 3andha 7aja jdida,
Pourquoi le forfait mobile illimit ytayyar ba3d 30go?,
N7eb n3amel 7keya mrigula 3al 5edma mta3 app,
Service client yreddou 3la 9alil ama 7al ykoun,
???? ?? ?????? ????? ????? ??? latency ?? ????????,
"Taw n7eb n3amel transfert de compte, win najm?",
"Mrigul l'offre famille, wallah 5edmetna",
"Khatemni service de livraison, merci",
"Appli taw t5rj w t7eb tsaker ro7ha, 7awelna nraja3",
"Rseau 5G fel mourouj 3adi, mouch kima y9oulou",
"Wallah 3aychek ya topnet, ama zid chwaya fel 7al",
"Offre 1dt appel illimit fel weekend, sara7a mrigula",
"N7eb n3amel chkaya 3ala facture, formulaire ma yekhdemsh",
"Yhazik ya topnet tounes, nchlh nkamlou m3akom",
"Code *222# yekhdem 3la 9alil, ama marra ytayyar",
Pourquoi les recharges par carte bancaire prennent du temps?,
"Mrigul wallah service client, raddou 3liya f 10 minutes",
Taw 3andkom 3aradh 3al fibre? n7eb n3amel,
Rani nchki 3al modem mta3 topnet ytayyar f l'heure,
"Offre weekend 20go b 8dt, 3ejbetni barcha",
???? ?? ?????? ????? ?????? ??? ping ???????,
"N7eb nchouf offre jdida lel tudiants, win taw?",
"Khatemni service mrigul, merci 3likom",
Appli mrigula ama taw tzid tet3aml 3la ro7ha,
"Rseau fel tunis centre 4G yekhdem mrigul, alhamdulillah",
"Wallah n7eb n5ales b chque, ama ma y9ablouch",
Offre taw b 25dt 80go? nchlh n3ayech,
"Code activation roaming ma yekhdemsh, 3lech?",
Pourquoi le service client n'a pas de rappel automatique?,
"Yhazik ya topnet, 3aychek 3al 5G fel sfax",
Taw 3andkom mchkla fel rseau gnral? 9oli,
"Mrigul service technique, y7el 3liya mchklet l'app",
???? ?? ?????? ??????? ??? facture par email?,
N7eb n3amel rsiliation w nbadal lel ooredoo,
"Rani nchki 3al 3ardh mta3 1dt lel sms, ghali",
"Offre kima fel 9raya, 3ejbetni barcha",
"Khatemni l'offre ramdan mrigula, nchlh taw n3awed",
Appli ta7eli wa9t ma n7eb nchouf l'historique,
"Rseau 4G+ fel laouina ytayyar, chbik?",
"Wallah 3aychek ya topnet, n7eb nkamel m3akom",
"Service client yraddou 3likom ba3d 3 minutes, mrigul",
"Code promo n7eb n3abbi ra9mi, win najm nal9ah?",
???? ?? ?????? ??????? service de voicemail amlior?,
"Taw n7eb n3amel mise  jour de l'offre, site ta7",
"Mrigul wallah l'offre double data, nchallah dima",
Pourquoi le forfait data expir y5ali 3andi crdit normal?,
"N7eb nchouf les dtails mta3 consommation, win?",
"Offre nhar l3aml b 5dt 15go, 3ejbetni",
"Rseau fel omrane suprieur zeda yhazik, 5edma behia",
"Yhazik ya topnet tounes, nchlh tzidou",
"Code *777# maykhdemch m3a l'offre jdida, 7alouha",
Rani nchki 3al facture zeda zidoulna 10dt 7seb ro7hom,
Appli mrigula ama 3andha bug fel enregistrement,
"Offre kima fel 3oudh 5edma mrigula, prix mrigul",
"N7eb n3amel reclamation 3ala rseau, win najm?",
"Khatemni service de support technique, raddou 3liya f 5 minutes",
Pourquoi la 5G n'est pas disponible dans toutes les rgions?,
Taw 3andkom offre 3al modem 4G? n7eb nchri,
"Mrigul wallah, 3aychek ya topnet tounes",
"Rseau fel bardo yekhdem mrigul, alhamdulillah",
"Code activation forfait maykhdemch 3la 9alil, jarabt",
"Yhazik service client, 7alouli mchklet l'app",
Offre taw b 30dt 100go? nchlh n3ayech behi,
"Rani nchki 3al 4G fel nhar, vitesse 2mb/s",
"Appli taw t5rj w t7eb tsaker, n3ad n3amel restart",
"Wallah 3aychek ya topnet, ama rseau ta7 f lil",
Pourquoi les promotions ne sont pas valables pour les anciens?,
"N7eb n3amel transfert de proprit, win nmchi?",
Code *101# yekhdem wala la? 3andi chk,
"Mrigul service mrigul, merci ya topnet",
???? ?? ?????? ??????? code par SMS b sarii3a?,
"Taw n7eb nchouf offre jdida lel famille, win?",
"Khatemni l'offre weekend b 10dt 30go, 3ejbetni",
"Rseau fel ariana ytayyar, chbik ya topnet",
"Yhazik support technique, 7alouli mchklet rseau",
"Offre ramdan b 15dt 50go, sara7a mrigula",
Rani nchki 3al appli mobile t9a3di tawa,
"Wallah n7eb n5ales b carte lectronique, 5edma sarii3a",
Code *555# maykhdemch m3a l'offre taw,
Pourquoi le service client ne rpond pas aux emails?,
"N7eb n3amel chkaya 3ala facture, win najm?",
"Appli taw tzid tet3aml behia, merci 3likom",
"Rseau fel la marsa 4G mrigul, alhamdulillah",
"Offre kima fel 9raya b 8dt 20go, 3ejbetni",
???? ?? ?????? ????? ????? ??? MMS?,
"N7eb n3amel recharge automatique, kifeh?",
"Khatemni service de livraison carte sim, merci",
Taw 3andkom offre 5G fel mnihla? n7eb njarab,
"Rani nchki 3al 3ardh mta3 250 millime sms, ghali",
"Yhazik ya topnet, ama zid chwaya fel 7al",
Pourquoi les forfaits prepays n'ont pas le 5G?,
"N7eb nchouf facture dtaille fel appli, win?",
"Offre nhar l3aml b 5dt 10go, 3ejbetni",
"Rseau fel centre ville yekhdem mrigul, alhamdulillah",
"Service client yraddou 3liya ba3d 2 minutes, mrigul",
"Code *999# maykhdemch, 7alouha ya topnet",
???? ?? ?????? ??????? ???? ??? eSIM?,
"Taw n7eb n3amel 7keya mrigula 3al fibre, win?",
"Khatemni l'offre ramdan b 20dt 70go, 3ejbetni",
"Rani nchki 3al 4G fel lil, vitesse 1mb/s",
"Yhazik support, 7alouli mchklet l'appli",
Offre taw b 12dt 40go? nchlh n3ayech,
Pourquoi le site web est toujours en maintenance?,
"N7eb n3amel rsiliation w nrajja3 modem, kifeh?",
"Rseau fel mourouj 5G yekhdem mrigul, alhamdulillah",
"Appli ta7eli wa9t ma n7eb n3amel paiement, n3ad",
"Wallah n7eb n5ales b dop, ama ma y9ablouch",
"Offre kima fel 3oudh, 5edma mrigula",
"N7eb n3amel chkaya 3ala rseau, win najm?",
"Khatemni service client, raddou 3liya f 8 minutes",
Taw 3andkom offre 3al smartphone? n7eb nchri,
Rani nchki 3al facture zeda zidoulna 5dt,
"Code activation 5G maykhdemch, 7alouha",
Pourquoi les recharges par carte verte sont lentes?,
"N7eb nchouf l'historique mta3 appels, win?",
"Offre weekend b 6dt 15go, 3ejbetni barcha",
"Mrigul service technique, y7el 3liya mchklet",
Appli mrigula ama 3andha bug fel login,
Rseau fel tunis centre 4G+ yekhdem mrigul,
Code *777# maykhdemch m3a offre jdida,
???? ?? ?????? ????? ????? ??? ping? 150ms,
"N7eb n3amel transfert de compte, win najm?",
"Khatemni l'offre b 10dt 30go, 3ejbetni",
"Rani nchki 3al 4G fel nhar, vitesse dha3fa",
"Yhazik service client, 7alouli mchklet facture",
Pourquoi l'application ne montre pas le solde exact?,
N7eb n3amel reclamation 3ala vol de crdit,
"Code *555# yekhdem 3la 9alil, ama marra ytayyar",
Rseau fel ariana 5G mazel mouch mrigul,
"Appli taw tzid tet3aml behia, merci",
???? ?? ?????? ??????? ??? SMS b sarii3a?,
"Khatemni service de support, raddou 3liya f 3 minutes",
Taw 3andkom offre 3al modem fibre? n7eb nchri,
"Rani nchki 3al 3ardh mta3 1dt appel, ghali",
"Yhazik ya topnet, ama zid chwaya fel couverture",
Code *222# maykhdemch 3la Android 14,
Pourquoi le roaming est cher par rapport aux autres?,
N7eb nchouf offre jdida lel data illimit,
"Offre nhar l3aml b 8dt 25go, 3ejbetni",
Appli ta7eli wa9t ma n7eb nchouf facture,
"Rseau fel laouina 4G yekhdem mrigul, alhamdulillah",
"Service client yraddou 3liya ba3d 10 minutes, mrigul",
???? ?? ?????? ??????? ???? ??? VoLTE?,
"Taw n7eb n3amel 7keya mrigula 3al 5G, win?",
"Khatemni l'offre ramdan b 15dt 50go, 3ejbetni",
"Rani nchki 3al 4G fel lil, vitesse 0.5mb/s",
Offre taw b 18dt 60go? nchlh n3ayech,
Pourquoi le site mobile n'est pas optimis?,
Code *101# yekhdem wala? 3andi chk,
"Rseau fel bardo 5G yekhdem mrigul, alhamdulillah",
Appli mrigula ama taw tzid tet3aml behia,
"Offre kima fel 9raya, 5edma mrigula",
???? ?? ?????? ??????? ??? facture par SMS?,
N7eb n3amel chkaya 3ala lenteur rseau,
"Khatemni service client, raddou 3liya f 6 minutes",
Rani nchki 3al facture zeda zidoulna 8dt,
"Yhazik ya topnet, 3aychek 3al fibre optique",
"Code activation forfait maykhdemch, 7alouha",
Pourquoi les codes USSD sont lents?,
N7eb nchouf dtail mta3 consommation fel appli,
"Offre weekend b 12dt 35go, 3ejbetni barcha",
Appli mrigula ama 3andha bug fel paiement,
Rseau fel centre ville 4G+ yekhdem mrigul,
Code *777# maykhdemch m3a l'offre taw,
???? ?? ?????? ????? ????? ??? DNS?,
"Khatemni l'offre b 5dt 15go, 3ejbetni",
"Rani nchki 3al 4G fel nhar, vitesse dha3fa barcha",
"Yhazik service client, 7alouli mchklet l'appli",
"Merci ya Topnet tounes, nchlh dima mrigulin ??????",
"Service client zero, ma tjawbouch 3ala les messages ?????",
"Bricooo 3ala l'offre jdid, choukrann Topnet! ??",
Kifach n3ayet service client? L application mahich mla7.,
"L internet sri3 barcha fi 3amayem, mli7! ??",
"3andekom 7ala mouchkla fel login, nahkiha.",
"Mochkla fi l'application, crashi kif n7elha. Fix it please.",
"Le meilleur operateur fi tounes, courage! ??",
Fatura kbir 3ala 9ad service. Chkoun ynajem y3awen?,
"L'application tji mte3i msakra, chnoua lil?",
"Sahit les offres illimits, khdmtha hebta.",
"Jawek behi, l debit mla7 nas. Continuez.",
"C'est n'importe quoi, kat9atlou 3la l prix.",
Bj ya3tik essa7 w jay nreja3lek l flous hedhom?,
Globule intikom 3ala 5 ans fi tounes. ??,
Ma najamtech na3mel recharge via l'application. Mouchkla technique?,
"Mazrou3a l internet fi jem3a hedhi, chbikom? ??",
"A7la application operator, simple w pratique.",
"Kahw w l internet courante, wa9teli nheb na3mel live?",
Nhib na3ref kifach nchouf historique mta3 consomation.,
"Mli7 barcha l'offre mta3 10 dinars, merci.",
Service client mawjoud 24/7? Walla ghadi n9oul 3likom?,
"L'application crashi marra okhra, sna3ha! ??",
"Ma 3adech taba3hom, lconnexion ta7t sifer.",
"Sbitar l equipe, merci 3ala l tajriba. ??",
"Vitesse fi borj louzir mouch mla7, chbikom?",
Najm ykoun application akther mli7 men hethi?,
Merci Topnet 3ala l cadeau mta3 l anniversaire! ??,
"Moush bahdha l internet fi biti, yelzem t7essnou.",
Comment activer l'option 4G? Ma 3reftech kifach.,
"Mlih barcha, 5idma mte3kom top.",
"Ma 3adech ykoun, l'application tbarka 3ala 3bed.",
"Floskom zahra, ma t3awnouna fi chay.",
"Jawek mouch normal, katrou7ou win?",
"Bhar l'offre mta3 5g, kifach nchoufaha?",
T3aytou 3al 1200 ma 7ad majawebni.,
"Nhib na3mel copier coller, application mouch karima.",
"Snin w enty a7la oprateur, hatem barcha.",
"Code *100# makhdamch, 3andekom 7ala?",
"L'application jedida mla7, 3jbni l design. ??",
"Ma8irha tajribkom, kahwa barcha.",
"Mouch mla7 l'application, faza men ghir ma 7aja.",
"Inssafkom, l internet taih barcha fel leyel.",
Brabbi chnoua l pass mta3 weekend?,
"Jawek behi, sahit l offre hedhi. ?",
7atta 3andech l internet fi l bhar? Merci Topnet!,
"Service zero, kima ta7ki m3a robot. ??",
"Application simple w user friendly, merci.",
"Tawwa n9oul chay 3likom, nahki les offres mte3kom.",
"Ma fhemt chay, l'interface komplexe barcha.",
"Merci 3ala l reponse sri3a, mli7. ??",
"C'est haram 3likom, katfalsfouna b les prix.",
Najem n3ayet m3a conseiller b English?,
L'application tatti erreur kif n7elha.,
Nhib ncheki 3ala l reseau fi manouba.,
"5idmtek mliha, choukran aziz. ??",
"Ma 3adech ykoun, hnaya l internet thebb.",
"9oli chnoua lhal, ma najamch nd5ol l app.",
"Leilla 5dmet mli7, l'yom chay mouch mli7.",
"L'application mych tji mte3i, chnoua ta3mel?",
Sna3na problme m3a la fibre optique.,
Merci Topnet Tunisie 3ala l suivi. ??,
"Kahwa l'application, tatti crash kol ma nd5ol.",
"Yelzem tna9sou fel les prix, chwaya 8alya.",
"Ma 3andekom 7ata 7aja mliha, kollou faza.",
L'offre hedhi top! N7ibha. ??,
"7atta l'application ma t5dmch, wa9teli nchouf solde?",
Serviceclient@topnet.com mawjoud? Nhib naba3th mail.,
"Jawna behi, mli7 3ala koll.",
"Ma 3reftech kifach n7ot 5idma, 3awnouni.",
Application tnajem tkoun akther mli7a.,
Barcha problems m3a l'activation mta3 sim.,
"Merci 3ala l'application, hyya a7la men 5idmet l'agent. ??",
"Ma tballaghouch 3ala l consommation, l fatura kbira.",
Najm ykoun probleme mta3 update? L app makhdamtech.,
"Rej3ou l'ancienne version, hedhi glay9a.",
Brabbi chbikom msakrin l comments?,
"Wa9teli nheb na3mel reclama, ma 7ad mawjoud.",
"3jbni l'offre mta3 adsl, sbitar. ??",
"Moush mla7 l debit fi sousse, choufou l 7aja hedhi.",
"Tawwa n3ayetkom w n9oulkom, 5idmetkom mych mli7a.",
"Fhemtna, l'application fiha bug. Attent le correctif.",
"Yelzem t5admou 3la service client, yelzem ykoun human.",
Mli7a l'application ama tzid info 3ala consomation.,
"Floskom zahra, w jawkom ta7t.",
"Ma 3adech taba3kom, 5alitou l terrain. ??",
"L'application jedida a7la barcha, bravo! ??",
"Kahwa reel fi gammarth, choufouha. ??",
"Jawek 3amali 3ala 9ad ma nheb, merci.",
"Choufou l'application, moush karima w interface glay9.",
"Merci 3ala l'experience mla7a, customer service behi.",
"Nhib nta3 jawek, kifach? ??",
"Ma 3adech ykoun, l internet lelw wa9t yji.",
"C'est une arnaque l'offre hedhi, ma ykhalloch.",
5idmtek mliha fi l'agence mta3 marsa.,
"L'application t3attini problem, mais ma 3andich mochkla.",
"Sna3na 7aja fi l box, sri3 barcha. ??",
"Merci 3ala l'offre Ramadhan, bravo.",
"Yelzem tna9sou l les prix, w zidou l debit.",
"Mli7 3ala koll, merci Topnet.",
"Tfaddalou, chnoua l pass mta3 sbeh?",
"Application mouch mla7a, khallouna fi site web. ??",
"Ma najamch nactivi l internet, 3awnouni.",
"Brabbi 3ala 3bed, l'application tji mte3i?",
Fasa5t ligne win? Ma 3amaltouch Demarche. ??,
"L'internet mych mli7 fel 7ouch, sna3ou 7aja.",
"L'equipe mta3kom zawali, 3awnouni barcha.",
Nhib n3ref win n9oul a3chay mta3 l box?,
"Service client robot, wa9teli n7ib na3mel rclamation?",
"A7la reseau fi tounes, courage! ????",
"L'application crashi, w ma t9balch l update.",
"Ma 3adech ykoun, t3aytou 10 marra.",
"Debit 4G sri3 barcha, choukran. ??",
Chbikom msakrin l commentaires? 3amaltou 7aja?,
"Merci Topnet, n3ayetkom barcha w t5admouni mli7.",
"Mochkla fel paiement, carte bancaire ma t5admetch.",
"Application simple, w koll chay mzian.",
L'offre mta3 l't hya hia! ???,
"Ma fhemt chay, l'interface komplexe. Sahlouha.",
"Re9i9a l'application, ma t7ibouch t5dmouha?",
"Jawkom 9wi fi zone rurale, merci! ??",
"Yelzem tzidou agences, barcha attente.",
"Ma 3andekom 7ata flos, w 5idmtkom zero.",
"Nhib nchouf code puk, win njibou?",
"L'application ma tahbetch, design 9dim.",
"Merci 3ala l'amlioration, l'app saret a7la.",
"C'est dommage, 3andna mochkla m3a l box.",
Najm ykoun pass mta3 l 3chya?,
"Service mla7, w jaw behi.",
"L'application glay9a, wa9teli nheb na3mel recharge.",
"Inssafna, l'application tatti erreur 500.",
"7attyt sim fi telephone okhr, ma 3adchet. ??",
Brabbi kifach nsa7het compte?,
"Merci 3ala l'avantage, c'est gentil. ??",
Wa9teli nheb na3tel fiha l'application barcha.,
"L'internet thebb waqt l'user, choufouha.",
"Ma3adech taba3kom, 9al3itouna b les prix.",
"Tna9sou flouskom, chwaya 8alya. ??",
"Service rapide fi l'agence, merci.",
L'application ma t5dmch 3ala l'ancien telephone.,
Najm nkaml l offre mta3i mnghir ma n9ess?,
"Mouch mla7 l internet fi biti, yelzem tzidou. ??",
"Jawkom mouch 3adi, sri3 barcha.",
Chnoua l pass mta3 weekend? wa9teli ybda?,
"Ma najamch n3ayet service client, le numero makhdmch.",
"Merci 3ala l reponse, mais ma fhemt chay.",
L'application crashi kif nji nchouf offre. ??,
"Kahwa l'application, zidou fiha options.",
C'est quoi l probleme? Internet taih. ??,
"Nhib na3mel rclamation, win nemchi?",
"Bonne continuation, a7la jaw. ??",
"Ma tjawbouch 3ala l emails, service zero.",
L'application ma t3attich l code puk.,
"Faza m3a l'application, ma t7ebch t9abel l selfie.",
"Merci 3ala l passeport, ma3adech na3mel 7aja. ??",
"L'interface 3jbni, moder ne w simple.",
Najm ykoun l bug mta3 l'app 3ala Android?,
"Choufou l'application, tnajem tkoun akther fluid.",
Sna3na mochkla m3a l'activation mta3 l'option.,
"Merci Topnet, les offres mtawla. ?",
Kifach n5arjou flous mn l'app?,
"Ma 3adech ykoun, l'application tatti sueur. ??",
"7aja bitha l'application, rahou fiha bugs barcha.",
Brabbi chbikom ma t7ottouch 5idma?,
Yelzem tkoun l'application fi l'arabe.,
"Mlih barcha, merci 3ala l update. ??",
"Service client ye5i barcha, ma 3awench.",
L'application ma tzidch fiha les langues?,
Kifach n7ot puce fi l'application?,
"Jawkom sbitar, w l'application mli7a.",
"Nhib na3mel upgrade, kifach?",
"C'est honteur, 3andi mochkla w ma 7ad 3aweni. ??",
Merci 3ala l'offre mta3 1DT. ??,
Ma najamch n5dm l'application fi l'etranger?,
"L'application tbarka 3ala 3bed, wa9teli n7eb na3mel 7aja tatti erreur.",
"7ala mouch kima yelzem, l'application glay9a.",
Merci 3ala l speed mta3 l'internet. ??,
Chnoua l pass mta3 lilet?,
"Ma 3andich signal fi l gharb, choufouha. ??",
Yelzem tzidou l'epaisseur mta3 l'application. ??,
"Merci Topnet, customer service sri3.",
"Nhib nchoukillek l'application, 5ayba barcha.",
"Ma najamch nd5ol l'application, oublie mdp?",
C'est normal l'attente fi l'agence? ??,
"Brabbi l'application ma t5dmch, 7atta l'ancienne.",
"Application mych mla7a, zidou l couleurs.",
Najem nkamel l'abonnement mn l'app?,
"Wa9teli n3ayet 1200, y9oulou errors. ??",
"Merci 3ala les solutions, mli7 3ala koll.",
"Floskom 8alya, w l'internet brabi. ??",
L'application tnajem tkoun a7la men heka. ??,
Chbikom tna9sou les go? Ma 3adech ykoun. ??,
Jawkom fi l south mouch mla7. ??,
"Application mla7, w interface simple.",
"Wa9teli nchouf les offres, l'application tatti sueur. ??",
Merci Topnet 3ala l'amlioration. ?,
"Mochkla fel paiement, wa9teli n7eb na3mel. ??",
C'est quoi l probleme mta3 l'application? ??,
"Nhib na3mel reclama, win n7ot'ha?",
"Service client ye5i, w l'application akther. ??",
Brabbi l'application ma t3attich l RIB?,
"L'application crashi kol 5 min, chbikom?",
Merci 3ala les offers mla7. ??,
Najem n3ayet b free fi l'app?,
"Ma 3adech ykoun, l'application ta7souna. ??",
"Sna3na mochkla m3a l'solde, ma nchoufouch. ??",
Yelzem t7ottou dark mode fi l'application. ??,
"C'est dommage, l'app kenet a7la.",
L'application ma ta3tinich details mta3 consomation. ??,
"Merci l'equipe, 3awnouni barcha. ??",
"Ma najamch n3ayet fi l'etranger, chbikom? ??",
"Choufou l'application, ma tzidouch features. ??",
Service client 3amli 3ala 9ad ma nheb. ??,
"Nhib n5arjou flous, kifach? ??",
"L'application t5dm barcha, merci Topnet. ??",
"Brabbi, chnoua l'offre mta3 l'anne? ??",
Yelzem tzidou l vitesse mta3 l'app. ??,
Merci 3ala l passeport internet. ?,
"Faza m3a l'application, ma t3attich historique. ??",
L'application ma t5dmch 3ala l'iphone 5. ??,
Chbikom ma t3awnounach? ??,
Najem nchouf les factures fi l'app? ??,
"Ma 3adech ykoun, l'application ta7t. ??",
"Merci Topnet Tunisie, 5idmetkom top. ??",
"C'est haram 3likom, l'internet 3andkom 8ali. ??",
L'application ma ta3tinich notification. ??,
"Nhib na3mel change mta3 l'offre, kifach?",
Yelzem tna9sou l les attentes fi l'agence. ?,
"L'application crashi, w ma 3andich solution. ??",
"Merci 3ala l'update, saret a7la. ?",
Ma najamch nactivi roaming. ??,
"Service zero, w l'application zero. ??",
Brabbi l'application ma t3attich les codes. ??,
"L'interface 9dima, yelzem tzidou modernit. ??",
Merci 3ala l'activation sri3a. ?,
"Choufou l'application, tnajem tkoun a7la. ??",
C'est grave l'application mta3kom. ??,
Nhib nchouf l'RIB mta3i. ??,
"Ma 3adech ykoun, l'application tbarka 3ala 3bed. ??",
"Merci l'equipe Topnet, courage. ??",
"L'application ta7souna, chbikom? ??",
Najem n3ayet 3al 1200 gratuitement? ??,
Ma najamch n5dm l'app fi l'etranger. ??,
"Brabbi, l'application ma t7ebch tji. ??",
"C'est n'importe quoi, tna9sou les prix. ??",
"Merci 3ala l'application, mli7a. ?",
"L'application glay9a, wa9teli nd5ol. ??",
Yelzem tzidou agences fi bledna. ??,
Chbikom l'app crashi barcha? ??,
Nhib na3mel transfer credit. ??,
"Ma 3adech ykoun, l'application ma t5dmch. ??",
"Merci 3ala l speed, l'internet sri3. ??",
L'application ma ta3tinich les details. ??,
"C'est dommage, ma t3awnounich. ??",
Brabbi kifach nsa7het l'app? ??,
"Service client mouch mla7, yelzem t5admou. ??",
Najem nchouf l historique mta3 appels? ??,
Yelzem tzidou l'options fi l'app. ??,
Merci 3ala l'info. ??,
"L'application ta7t, wa9teli nheb na3mel 7aja. ??",
"Ma 3adech taba3kom, les prix t3adew. ??",
"Choufou l'application, ma t5dmch 3ala android. ??",
"C'est haram, l'application crashi. ??",
"Nhib n3ayet l'agent, win nemchi? ??",
"Merci Topnet, l'app saret a7la. ?",
"Brabbi, l'application tatti erreur. ??",
"L'interface mla7, mais l'app slow. ??",
Yelzem t7ottou dark mode. ??,
"Ma najamch nd5ol, mot de passe oubli. ??",
Merci 3ala l'activation. ?,
Chbikom l'app ma tji? ??,
C'est normal lenteur mta3 l'app? ??,
Najem n5arjou flous mn compte? ??,
L'application ma ta3tinich confirmation. ??,
Merci 3ala l'avantage. ??,
"Ma 3adech ykoun, l'app glay9a. ??",
Brabbi chnoua l pass mta3 sbeh? ??,
"Service zero, l'application zero. ??",
Yelzem tzidou l vitesse mta3 l'internet. ??,
Nhib na3mel reclamation. ??,
"Merci l'equipe, 5idmetkom sbitar. ??",
"C'est dommage, l'app tbarka 3ala 3bed. ??",
"Choufou l'application, crashi kol chwaya. ??",
Ma najamch n3ayet l service client. ??,
L'application ma t3attich choix. ??,
"Brabbi, kifach nactivi 4G? ??",
"Merci Topnet, jawkom mli7. ??",
Yelzem tna9sou flous mta3 l'offre. ??,
Najem nchouf les details mta3 sim? ??,
"C'est haram 3likom, tna9sou les prix. ??",
"L'application ma t5dmch, wa9teli nd5ol. ??",
Merci 3ala l reponse sri3a. ?,
Chbikom l'app slow barcha? ??,
Nhib n3ayet m3a conseiller. ??,
"Service client mla7, mais l'app la. ??",
"Brabbi, l'application tatti erreur 404. ??",
Yelzem tzidou l features. ??,
Ma najamch n5dm l'app fi l leyel. ??,
Merci 3ala l offre. ??,
"L'application tbarka 3ala 3bed, ma t5dmch. ??",
"C'est grave, l'internet taih. ??",
"Choufou l'application, ma t3attich solde. ??",
Najem n3ayet 3al 1200? ??,
"Ma 3adech taba3kom, 5idmetkom rahet. ??",
Merci Topnet Tunisie. ??,
Brabbi l'application ma t3attich l code. ??,
Yelzem t7ottou l'arabe. ????,
"L'application crashi, wa9teli nheb na3mel recharge. ??",
Nhib nchouf consomation. ??,
"C'est n'importe quoi, l'app glay9a. ??",
Merci 3ala l update. ?,
Ma najamch nactivi offre. ??,
"Service zero, yelzem t5admou. ??",
L'application ma t5dmch 3ala l'android. ??,
"Brabbi, kifach nchouf fatura? ??",
Yelzem tzidou l vitesse. ??,
Najem n3ayet l'agent? ??,
"Merci 3ala l'info, mli7. ??",
"C'est dommage, l'app crashi. ??",
"Choufou l'application, ma t5dmch bien. ??",
Nhib na3mel reclama. ??,
L'application ma ta3tinihch l RIB. ??,
Merci 3ala l service. ??,
Brabbi l'application tatti sueur. ??,
Yelzem tna9sou les prix. ??,
Ma najamch nd5ol l'app. ??,
Service client mla7. ??,
L'application tbarka 3ala 3bed. ??,
"C'est haram, tna9sou les go. ??",
Chbikom l'app crashi? ??,
Najem n5arjou flous? ??,
Ma 3adech taba3kom. ??,
"Merci Topnet, l'app mla7. ?",
"Brabbi, l'application ma t5dmch. ??",
Yelzem tzidou options. ??,
Nhib n3ayet 1200. ??,
L'application ta7souna. ??,
"C'est grave, l'app slow. ??",
Merci 3ala l activation. ?,
"Choufou l'application, tatti erreur. ??",
Ma najamch nchouf solde. ??,
"Service zero, l'app zero. ??",
L'application ma t3attich historique. ??,
Brabbi kifach nactivi? ??,
Najem n3ayet service? ??,
Merci 3ala l offre mla7. ??,
"C'est dommage, ma t5dmch. ??",
Chbikom l'app ta7t? ??,
Nhib n5arjou flous. ??,
L'application crashi barcha. ??,
Merci l'equipe. ??,
Brabbi l'application ma tji. ??,
Yelzem tna9sou attente. ?,
Ma najamch n3ayet. ??,
Service client zero. ??,
L'application ma ta3tinihch details. ??,
C'est haram 3likom. ??,
Choufou l'application. ??,
Najem nchouf fatura? ??,
Ma 3adech ykoun. ??,
Merci 3ala l speed. ??,
Brabbi l'app slow. ??,
L'application ta7t. ??,
C'est n'importe quoi. ??,
Merci Topnet. ??,
Chbikom ma t5dmch? ??,
Ma najamch nactivi. ??,
Service mla7. ??,
Brabbi chnoua l pass? ?,
Yelzem t5dmou 3la l'app. ??,
Najem n3ayet? ??,
Merci 3ala l reponse. ?,
C'est dommage. ??,
Choufouha. ??,
Nhib l'RIB. ??,
L'application crashi. ??,
Merci. ??,
Brabbi erreur. ??,
Yelzem tzidou. ??,
Ma najamch. ??,
Service zero. ??,
L'app glay9a. ??,
C'est haram. ??,
Chbikom? ??,
Najem? ?,
Ma 3adech. ??,
Yelzem. ??,
Nhib. ??,
L'app. ??,
C'est. ??,
Choufou. ??,
Ma. ??,
Service. ??,
Merci. ?,
Najem. ??,
L'application. ??,
Chbikom. ??,
Nhib. ?,
Brabbi l'app. ??,
Yelzem tna9sou. ??,
Ma najamch nd5ol. ??,
L'app ma t5dmch. ??,
Najem n3ayet 1200? ??,
Brabbi erreur 404. ??,
Yelzem tzidou l options. ??,
Nhib nchouf solde. ??,
C'est grave. ??,
Chbikom l'app crashi. ??,
Brabbi l'application glay9a. ??,
L'app ma t3attich l code. ??,
Choufou l'application s'il vous plat. ??,
Ma 3adech ykoun l'app ta7t. ??,
Chbikom l'app slow? ??,
Chokran Topnet! 🔥,
a7sen offre mte3 sarka hhh,
l'internet dima t9oss fi lil,
"Bravo Topnet, service impeccable",
reseau 5/5 fil blassa mte3i ❤️,
Ya3tikom essa7a,
l'internet dima t9oss fi lil ❤️,
Krahtha l'topnet mel offre hethi 😂,
9adeh soum l'internet? ❤️,
Jawbouni message privé,
YA3TIKOM ESSA7A 📶,
Chokran Topnet!,
top internet mcha m3aya mriguel,
top internet mcha m3aya mriguel 👍,
yatikom sa7a 3al offre jdida,
9ASIT 4G W MAFAMA CHAY,
Krahtha l'topnet mel offre hethi,
check inbox svp,
Chnowa jdid lyoum?,
Ahla topnet dima ltop 🙄,
Tawa hetha réseau?,
TOP INTERNET MCHA M3AYA MRIGUEL,
Dima mdalletna Topnet,
9asit 4G w mafama chay 🙄,
Solde yetser9 wahdou!! 👍,
connexion stable w tayara,
Reseau zerooo fi bardo,
Solde yetser9 wahdou!!,
FLOUSSI MCHET FIL FARAGH,
Pff dima l'internet m9oussa,
9asit 4g w mafama chay,
Dima mdalletna Topnet ❤️,
TAWA HETHA RÉSEAU?,
KIFECH NA3REF EL SOLDE MTE3I? 😡,
Floussi mchet fil faragh,
N7eb nbadal l'offre chna3mel?,
yezzi mel sarka ya topnet 📶,
Top internet mcha m3aya mriguel,
"Bonjour, comment activer? ❤️",
Mafhemtech l'offre hethi chnowa feha,
Pff dima l'internet m9oussa 💸,
SERVICE CLIENT MAYHEZZOUCH,
Bonne continuation!,
Code topnet svp 😂,
PFF DIMA L'INTERNET M9OUSSA 💸,
n7eb nbadal l'offre chna3mel?,
Ya3tikom essa7a ❤️,
Service client mayhezzouch,
JAWBOUNI MESSAGE PRIVÉ,
Chnowa jdid lyoum? 👍,
Yatikom sa7a 3al offre jdida,
Ahla topnet dima ltop,
Appel ma yet3adech jemla,
topnet tounes,
Winhom les points fidelité?,
AHLA TOPNET DIMA LTOP,
Arnaque kbira,
Check inbox svp 🤔,
Service client tayara,
Connexion stable w tayara 📶,
reseau 5/5 fil blassa mte3i,
"BRAVO TOPNET, SERVICE IMPECCABLE 🔥",
appel ma yet3adech jemla 💸,
est-ce que famma promo jeyya?,
Est-ce que famma promo jeyya?,
"Bravo Topnet, service impeccable 🔥",
L'OFFRE HETHI JET FI WA9THA 💸,
Connexion stable w tayara,
Bonne continuation! 👍,
L'offre hethi s7i7a?,
A7sen operateur fi tounes sans discussion,
Reseau 5/5 fil blassa mte3i 🙏,
SERVICE CLIENT TAYARA,
Bonne continuation! 📶,
RESEAU ZEROOO FI BARDO 🔥,
A7sen offre mte3 sarka hhh 👍,
Vraiment l'application jdida sahla barcha 👌,
floussi mchet fil faragh 👍,
Winhom les points fidelité? 🔥,
Floussi mchet fil faragh 😂,
Service client tayara 😂,
Null service ❤️,
service client mayhezzouch 🔥,
L'offre hethi jet fi wa9tha,
Ya3tikom essa7a 🙏,
Null service,
A7sen offre mte3 sarka hhh 🙏,
"BONJOUR, COMMENT ACTIVER? 💸",
Code topnet svp,
Tawa hetha réseau? 👌,
KIFECH NA3REF EL SOLDE MTE3I?,
Code topnet svp 🤔,
a7sen operateur fi tounes sans discussion,
"bonjour, comment activer? 📶",
Service client mayhezzouch 🔥,
YEZZI MEL SARKA YA TOPNET,
l'offre hethi s7i7a?,
A7sen offre mte3 sarka hhh,
service client tayara,
l'internet dima t9oss fi lil 😂,
Vraiment l'application jdida sahla barcha 🤔,
A7sen operateur fi tounes sans discussion 👌,
Tawa hetha réseau? ❤️,
service client tayara 😡,
Ahla topnet dima ltop 🤔,
vraiment l'application jdida sahla barcha,
Mochkla fil code,
L'offre hethi s7i7a? 👌,
MOCHKLA FIL CODE,
Check inbox svp,
9ADEH SOUM L'INTERNET?,
dima mdalletna topnet,
A7sen operateur fi tounes sans discussion 😡,
"Bravo Topnet, service impeccable ❤️",
Topnet tounes,
L'internet dima t9oss fi lil,
Dima mdalletna Topnet 💸,
Tebloka el compte mte3i w 7ad ma jawedni,
svp 3andi mochkla sghira 💸,
Jawbouni message privé 😂,
tawa hetha réseau?,
9asit 4G w mafama chay 🙏,
9adeh soum l'internet?,
service client mayhezzouch,
L'offre hethi jet fi wa9tha 👍,
"bravo topnet, service impeccable 👍",
Jawbouni message privé 🙄,
Svp 3andi mochkla sghira 🤔,
Vraiment l'application jdida sahla barcha 😂,
Chokran Topnet! 💸,
A7SEN OPERATEUR FI TOUNES SANS DISCUSSION,
Vraiment l'application jdida sahla barcha,
N7eb nbadal l'offre chna3mel? 🤔,
service client mayhezzouch 👌,
Yezzi mel sarka ya topnet,
Jawbouni message privé 👌,
9asit 4G w mafama chay,
yezzi mel sarka ya topnet,
Service client mayhezzouch 👍,
Service client tayara 🙄,
tawa hetha réseau? 🙏,
n7eb nbadal l'offre chna3mel? ❤️,
YA3TIKOM ESSA7A 🙄,
Code topnet svp 🔥,
kifech na3ref el solde mte3i?,
check inbox svp 👌,
mafhemtech l'offre hethi chnowa feha 👌,
9adeh soum l'internet? 😡,
"bravo topnet, service impeccable",
Floussi mchet fil faragh 🙄,
Service client mayhezzouch 🙄,
Ya3tikom essa7a 👌,
reseau zerooo fi bardo,
ya3tikom essa7a 🙄,
"bravo topnet, service impeccable 🙏",
ya3tikom essa7a,
VRAIMENT L'APPLICATION JDIDA SAHLA BARCHA,
TAWA HETHA RÉSEAU? 😂,
Winhom les points fidelité? 😡,
Yezzi mel sarka ya topnet 💸,
Svp 3andi mochkla sghira,
Null service 🔥,
a7sen operateur fi tounes sans discussion 💸,
Yezzi mel sarka ya topnet 👌,
A7sen offre mte3 sarka hhh 😂,
Ahla topnet dima ltop ❤️,
n7eb nbadal l'offre chna3mel? 🤔,
solde yetser9 wahdou!!,
Check inbox svp 👍,
Pff dima l'internet m9oussa 😡,
Mochkla fil code 🤔,
Jawbouni message privé 😡,
Topnet tounes 😡,
N7eb nbadal l'offre chna3mel? 😡,
L'internet dima t9oss fi lil 🔥,
"Bonjour, comment activer?",
bonne continuation!,
chokran topnet!,
Reseau 5/5 fil blassa mte3i,
Service client tayara 🤔,
Floussi mchet fil faragh ❤️,
l'offre hethi s7i7a? 👍,
tebloka el compte mte3i w 7ad ma jawedni,
Ya3tikom essa7a 🤔,
code topnet svp ❤️,
Vraiment l'application jdida sahla barcha 🙏,
tebloka el compte mte3i w 7ad ma jawedni 🔥,
L'OFFRE HETHI S7I7A?,
krahtha l'topnet mel offre hethi,
code topnet svp,
chnowa jdid lyoum?,
FLOUSSI MCHET FIL FARAGH 📶,
L'offre hethi s7i7a? 🤔,
AHLA TOPNET DIMA LTOP 🤔,
Bonne continuation! ❤️,
"Bonjour, comment activer? 🙏",
L'offre hethi jet fi wa9tha ❤️,
L'offre hethi jet fi wa9tha 🤔,
appel ma yet3adech jemla,
DIMA MDALLETNA TOPNET,
SOLDE YETSER9 WAHDOU!!,
service client tayara 🙄,
Null service 😂,
pff dima l'internet m9oussa 🙏,
Svp 3andi mochkla sghira 🙄,
TOPNET TOUNES,
bonne continuation! 💸,
BONNE CONTINUATION!,
Chokran Topnet! 👌,
SVP 3ANDI MOCHKLA SGHIRA,
service client tayara 👍,
RESEAU 5/5 FIL BLASSA MTE3I,
EST-CE QUE FAMMA PROMO JEYYA?,
a7sen offre mte3 sarka hhh 🔥,
Krahtha l'topnet mel offre hethi 🙄,
Bonne continuation! 💸,
Mochkla fil code ❤️,
dima mdalletna topnet 👌,
RESEAU ZEROOO FI BARDO 🤔,
A7sen offre mte3 sarka hhh 💸,
Svp 3andi mochkla sghira ❤️,
Yatikom sa7a 3al offre jdida 👌,
yatikom sa7a 3al offre jdida 👌,
null service,
Winhom les points fidelité? 💸,
Kifech na3ref el solde mte3i? 🤔,
Winhom les points fidelité? 📶,
Connexion stable w tayara 😂,
jawbouni message privé 💸,
mafhemtech l'offre hethi chnowa feha 🙄,
RESEAU ZEROOO FI BARDO,
Winhom les points fidelité? 🙄,
Kifech na3ref el solde mte3i?,
KRAHTHA L'TOPNET MEL OFFRE HETHI 📶,
L'OFFRE HETHI S7I7A? 🙏,
l'internet dima t9oss fi lil 💸,
TOP INTERNET MCHA M3AYA MRIGUEL 🙄,
svp 3andi mochkla sghira,
jawbouni message privé,
ARNAQUE KBIRA,
ahla topnet dima ltop 📶,
l'offre hethi jet fi wa9tha,
Tawa hetha réseau? 🔥,
vraiment l'application jdida sahla barcha 👍,
krahtha l'topnet mel offre hethi 🔥,
Top internet mcha m3aya mriguel 💸,
Solde yetser9 wahdou!! 😡,
bonne continuation! 🤔,
Check inbox svp 💸,
ahla topnet dima ltop,
9adeh soum l'internet? 🙄,
9asit 4g w mafama chay 🙏,
Solde yetser9 wahdou!! 📶,
APPEL MA YET3ADECH JEMLA,
réseau topnet 4G mazel ma3adch ykhdm fi blasti 😤 chwiya ta7sin please,
Bonne offre mais le service client يعيش في عالم ثاني والله,
اتصلت بـ customer service وستيني 45 دقيقة وما حليلوليش الموضوع 😡,
l'application topnet tunisie crashed mara khra 😑 kifeh nhot recharge maintenant,
"Fibra topnet باهية برشا، débit super, merci topnet 👏",
winou el réseau fi zone 3 sfax?? كل يوم H+ وما عندناش 4G بركة,
Promotion mois de ramadan كانت باهية برشا، bonne initiative 🌙,
"Mobiflous ykhdem bien, pratique barcha w ama3 😊",
prix les forfaits ghaliw برشا مقارنةً بـ Ooredoo w Telecom,
"3adet internet 3 jours w barka ma rja3ch, chkoun ysa3dni??",
Application mobile حق topnet محتاجة update، بطيئة جدا 😩,
Franchement réseau topnet fi Tunis ville super 👍 content barcha,
Recharge automatique ma khdmtech nhar l3id wech heka service 😒,
Fibra 100MB ما لقيتهاش في منطقتي، kifeh na3mel demande?,
"Service client aimables w mfahmin, 3jebni el ta3amol 🙂",
5G winou 😩 كل المشغلين يحكوا على 5G وما نشوفوهاش في تونس,
Forfait data mazel 5edma بركة !!,
Roaming fi france كان ghali برشا، 10 dinars el yawm mouch normal,
"Topnet money khedma w service fiable, tnajem tchargi w tkhelles bil raha 😊",
"Na9es réseau fi mateur complètement, kifeh n3ich هكذا 😤",
"offre internet monthly bahy, mrigla prix",
اتصلت 3 مرات بالـ support وكل مرة يقولوا ننتظر جواب 🙄,
"SMS confirmation moch tjina, عنجهية هذي 😠",
باهية خدمتكم في مطار قرطاج، réseau 4G top,
"Forfait 30j mrigel, j'utilise depuis 2 ans w barka mouch nadem",
couverture réseau fi jendouba na9sa برشا 😢,
حاولت نبدل forfait من التطبيق وما قدرتش، bug mouçab!,
fibra mazel tji 3indna الريف wala mouch service غير للمدن؟,
Recharge 5d وما لقيتهاش في تطبيق، kifeh ne3mel??,
"merci topnet 3la offre famille, économique barcha 💕",
Service client répondent vite على وتساب، top 👌,
"internet انقطع نهار كامل وما عطاوناش compensation, mouch 3adel",
"connexion 4G fi sousse centre bahy, content 😃",
Hotline مرات تعيب برشا، no3od nstanna w ma yrodch,
اشتريت شريحة topnet وما خدمتش، rjact للمحل قالولي اصبر 🙃,
Topnet business خدمة مميزة للشركات 👍,
Coupure internet kol yom fi 7:00 du soir wech hhh 😂,
"winou el technician weld el 3am, 3 jours w ma jach encore",
mrigel l forfait الشبابي، prix mlogout,
"Application ma t7melch photos brabi, تصليحوا يا ناس",
réseau صفاقس الجنوبية مريح، باهي الحمدلله 😊,
recharge بالبطاقة البنكية في التطبيق tnetfa3 bien,
كيفاه نعمل migration من postpaid لـ prepaid?,
"offre roaming europe 3jebni barcha, prix raisonnable 🌍",
الشبكة في المدرج تعيب، kifeh ykhdmu الناس 😤,
Facture مش واضحة، من فضلكم اعملوا details أحسن,
Appli topnet ma t5demch 3la android قديم، chkoun ysa3dni,
Service client تبسمو وساعدوا، merci لهم 🙏,
"internet bta3 fibra mwazen barcha, mazel nstanna tji fi blasti",
Na9es data wala credit بلا سبب، ما فهمتش ليش,
"topnet bta3 زغارة mouch kbir, données mrigla",
"4G fi monastir top, راضي على الخدمة 👍",
recharge منحل مريحة، facile barcha,
"Réseau coupé fi route nationale pendant 2h, wech هذا 😡",
kifeh n3mel transfert de solde? ما لقيتهاش في التطبيق,
Topnet Fibra fi hay ennasr top جداً، vitesse super 🚀,
تحديث التطبيق الجديد أبطأ من القديم، هذا تراجع مش تقدم 😒,
content barcha بالعروض الحصرية لمشتركي أورنج 🎉,
"hotline 8012 no3od nstanna 30 min, zahri 😩",
ما عندكمش فرع في زغوان، kifeh n3amlu المسائل,
Topnet Tunisie الأحسن في تونس حسب رأيي 💪,
Data 4G fine في تونس العاصمة لكن في الريف zéro,
التطبيق crash عند كل recharge 😩 fix it please,
عرض internet شهر رمضان كان باهي برشا، نتمنا يرجع,
Réseau في مطار تونس قرطاج ضعيف، مش معقول في المطار 😤,
internet fibra وقف من الصباح ونهار كامل بلا حل 😡,
سرفيس كلينت بالعربي باهي برشا، merci 😊,
offre 4G+ 15Go mrigla prix 👌,
topnet money امن وسريع، nbeh biha برشا,
Réseau في بنزرت تحسن برشا هذا العام 👍,
كيفاه نلغي abonnement من التطبيق بدون ما اتصل,
Coupure نهارية كل يوم نفس الوقت تقريباً 😒,
Application joie نهار، mouch ça 3la iOS أحسن من android,
تصليحو التطبيق برابي والله يخليكم 🙏,
topnet money tnajem تشحن بكل سهولة 👍,
"réseau fi jdou9 mazel kamel 5arba, chkoun ysa3dna",
"Offre famille économique barcha, merci topnet 😊",
internet waqaf fi منطقتنا وما حكاونا بشي 😠,
"Service client wa7em, 3 jours w ma hal-lilich el mochkla 😡",
"Fibra 200MB thela3, nchofou YouTube 4K bla ta7mil 🎬",
"المنطقة تبعتي H+ فقط والناس الأخرى 4G, chkoun ya5udh حقي",
"recharge barcha mrigla, facile w sari3",
Application topnet تحتاج redesign كاملة، UX سيء 😐,
Topnet sponsorise مهرجانات كثيرة، bon pour la culture 🎵,
"Réseau fi Djerba touristique top, content 😃",
خدمة مبيعات ممتازة لكن support ta3eb نفسه 🤷,
Forfait pro barcha mrigel للشغل 💼,
"winou 5G ya topnet hhh, kol yom post w ma nalqawouhach 😂",
"Coupure internet fi bab souika ma3roof, 3adi عندكم؟",
4G speed في سوسة الميدان رائعة الحمدلله 🚀,
"التطبيق يطلب login في كل مرة, bug mouch normal 😩",
Offre données illimitée lil 3oumal باهية برشا 🙌,
"réseau fi Ain Draham zéro barre, kifeh n3ich هكذا في الجبال 😢",
"Service réparation vite w efficace, chokran 🙏",
"recharge en ligne tnajem ta3mlha بكل سهولة, thumbs up 👍",
Fibra مش متوفرة في منطقتي، kifeh na3mel demande d'installation,
Topnet Tunisie يحتاج يرفع مستوى خدمة العملاء 😒,
عرض الدخول المدرسي كان ممتاز 🎒,
"Application crash 5arba, fix it svp 😤",
"Mrigla l forfait 4G, content barcha 😊",
winou el réseau fi mahdia? kol yom coupure 😡,
"vitesse fibra thela3 barcha, streaming irréprochable 🎉",
سرفيس كلينت ردوا بالسرعة على الفيسبوك، شكراً,
topnet money khalesst fatouri barcha facile 💸,
الشبكة في مكتبي H+ تحت، mouch bahi lil chghal,
"Forfait mensuel prix mrigla, najem nhottah w nkhelles",
appli ma ta9darch tchargi بطاقة بنكية منذ update الأخيرة 😩,
Réseau 4G Tunis lac stable w rapide 👌,
SMS notification ta3 recharge moch tjini 😒,
"Offre roaming europe 3ajebni, prix logique 🌍",
"اشتريت شريحة topnet pro w ma 5demtech, chkoun yrod 3liya",
Service client sympathiques w efficaces 🙂,
Fibra tnajem ta3mlha بدون technician? wala lazem yji dima,
"internet انقطع وقت الباك بكلوريا, taw 3layna 😤",
l'offre promotionnelle de fin d'année كانت رائعة 🎁,
"réseau fi kef na9es برشا, kifeh nta3rfu mta يتحسن",
"Topnet تحب تونس, sponsoring sportif bahy 🇹🇳",
"Mrigla téléchargement bta3 appli, facile install",
الأسعار غلاو هذا العام مقارنة بالمنافسين 😒,
"internet waqaf fil matin w rja3 fil messa, normal هذا؟",
4G+ fi sfax centre bahy brabi 🚀,
Forfait famille 3 lignes économique barcha 👨‍👩‍👧,
Appli تحتاج dark mode برابي 🌙,
"ma3adch qader nchargi crédit fi التطبيق منذ أسبوع, chkoun ysa3dni 😩",
Réseau في الشمال الغربي محتاج تحسين عاجل,
content barcha من مستوى الشبكة في Hammamet 🏖️,
"Topnet box كانت problem w جاء technician بسرعة, مرسي 🙏",
Application iOS ma3adch ta5dem منذ التحديث الأخير 😡,
facile tchargi من Topnet money فيل، super,
"Débit internet في المنزل ضعيف رغم forfait 100MB, chkoun y7el",
topnet mon opérateur منذ 10 ans وبركة وفي 💪,
Réseau fi mahres na9es برشا 😢,
Offre black friday كانت top l3am el 9adim 🔥,
كيفاه نشوف رصيدي بسرعة بدون ما نفتح التطبيق؟,
"Service client répondent vite, 3jebni 👍",
"internet مازال بطيء رغم ما زدنا forfait, wech هكذا 😒",
4G fi kelibia w nabeul 3ajeba برشا ☀️,
"Fibra توقفت 3 أيام والتقني ما جاش, c'est inacceptable 😠",
عرض شبابي 4G mrigla برشا للطلبة 🎓,
SMS يجيني في وقت خاطئ، même numéro 😂,
"Topnet fibre في منطقتي mazel تجيش, kifeh na3mel demande",
Appli shari3a w interface باهية، top 👌,
réseau في طريق تونس-قابس na9es برشا، خطر على المسافرين 😤,
Hotline 8012 ndirha w ma yhowlich احد 😡,
"internet في المركز التجاري top, stable",
"Forfait annuel prix mrigla barcha, économique",
Topnet Tunisie mazel ahsan min ooredoo 3indi 💪,
"Application ne marche pas offline, problème majeur",
recharge بالبطاقة البنكية منحل سهلة، merci,
"Data wiqfet w ma3adch rj3et, chkoun yrod 3liya 😩",
Mobiflous service sécurisé w pratique 💰,
Réseau في بئر علي البن ضعيف، kifeh n3ich 😢,
"topnet fibra أحسن من adsl barcha, vitesse rh3a 🚀",
"Application graphique qadim, time for redesign 😐",
Merci service client helpline 3la ta3amul لطيف 🙏,
internet قطع نهار الباك بكلوريا وهكذا تصير فينا 😡,
Forfait data 10Go mrigla barcha 👍,
topnet money اسهل طريقة تخلص فواتير 💸,
"Réseau في قرية متلوي zéro, ma3adch acceptable",
عرض end of year كان مميز برشا 🎊,
Technical support لا يردون بعد 18:00 😒,
"4G stable fi ariana, content barcha 😊",
Appli mobile كلما زدت شي تتعقد أكثر 😩,
recharge kol شهر من التطبيق بدون مشاكل 👍,
سرفيس كلينت أونلاين أسرع من الهاتف ✅,
internet mazel bati3 fi منطقتي رغم العروض الجديدة 😔,
topnet تساهم في التنمية الرقمية في تونس 🇹🇳,
recharge carte بدون رسوم إضافية ✅,
"réseau في الكاف مش acceptable, chkoun ysama3na 😡",
"Application تطير على iOS, mazal android يعيب 🍎",
Fibra prix mrigla مقارنة بالخدمة المقدمة 👌,
topnet money تنجم تحول من بعد بلا تعقيد 💸,
Réseau 4G في حي التضامن 3adet normal,
"appli crash fi kol update jadid, fix your bugs please 😤",
Offre للطلبة منافسة برشا 🎓,
كيفاه نعطل تجديد تلقائي ما عندي فلوس الأسبوع ذا 😅,
"Service client صبروني على الهاتف 40 دقيقة, mouch normal",
internet fibra هبطت سرعته من بعد ما زدنا plan 😒,
"Mrigla l application, rapide w simple",
topnet fi tunisie l opérateur numéro 1 😊,
Data تنقص بسرعة كبيرة والله ما نعرف شكون ياكلها 😂,
"réseau في route de bizerte coupure متكررة, خطر",
"Forfait entreprise 3ajebni, prix logique 💼",
Technical team جاو على الوقت و7lo el mochkla brabi ✅,
internet في المصحة الإقليمية ضعيف جداً، هذا يؤثر على العمل 😤,
topnet هاني مشترك معاكم من 2008 وبركة وفي 💪,
Appli تحديث جديد أحسن من القديم، شكراً للمجهود 👍,
"internet mazel yqata3 كل ليلة نفس الوقت, normal هذا؟",
recharge en ligne mrigla w sécurisée 👌,
Réseau في منطقة الطاهر na9es، kifeh n3amlu,
"Offre promotionnelle vite تنهى, lazem tzidu le stock 😅",
سرفيس كلينت ma3adch ya3mel عطلة الجمعة، normal هذا؟,
Fibra prix جديد رخيص برشا مقارنة بما كان عليه 🎉,
"Application crash عند كل login, ma3adch qader ndakhal 😩",
4G في المناطق الصناعية ممتازة 👍,
topnet money تنجم تخلص في كل مكان 💸,
"ma3adch qader nchargi crédit depuis 3 jours, bug ou quoi?",
"Réseau في تطاوين na9es برشا, rana 3aychin هنا بركة 😢",
offre internet blimit bahy برشا 😍,
sms de confirmation tjini متأخرة برشا، fix it please,
topnet fibra سرعة 300MB حلوة برشا في الدار 🚀,
hotline trod وقت طويل، min fadhlek rakiz 3la ça 😒,
عندي مشكلة في الفاتورة منذ شهر وما حلوهاش 😡,
Appli حديثة وسهلة الاستخدام، j'adore 😍,
"réseau fi kasserine na9es, wina rana baad العاصمة",
خدمة ممتازة في فرع المنزه، merci للفريق 🙏,
topnet money sécurisé barcha w fiable ✅,
Forfait flex باهي برشا للموظفين 💼,
"Réseau في Zarzis top, content 😃",
application bta3 topnet tnajem ta3mlha ahsan bkthir 😒,
"Data 3G بدل 4G وأنا مشترك في 4G, kifeh? 😤",
Offre famille 4 lignes économique barcha 👨‍👩‍👧‍👦,
fibra mazel ma9adartch t9alab fi منطقتي 😢,
Service client لطيف وحل مشكلتي في اليوم ذاته ✅,
"Internet qata3 fi mbareh w ma rja3ch fel yom, wech هذا 😠",
topnet يدعم الشباب التونسي 💪🇹🇳,
Appli تحتاج widget للرصيد على الشاشة الرئيسية,
réseau في المستشفى الجامعي ضعيف جداً، هذا خطير 😤,
"recharge تلقائية ما عملتش هذا الشهر, mochkla",
Fibra في العمارة تشتغل بكل الشقق بدون مشاكل ✅,
"SMS يجي بعد ساعة من إرساله, normal هذا في 2024؟ 🤦",
topnet mrigel ama prix غلاو شوية 😅,
connexion في المحطة بالغلط خيت 4G بالقبالة hhh,
Technical support ردوا بالسرعة وحلوا المشكلة ✅,
Réseau في منطقة الزهور قمة 4G 🌟,
Appli تسمح تبدل forfait بسهولة، pratique barcha 👌,
"internet fibra wiqfet nhar mzawej, zahri 😡",
topnet money tnajem ta3mel virement بسهولة 💸,
Réseau في الشابة والجم na9es، كيفاه نعملوا طلب تحسين,
Offre data إضافية عند استنزاف الباقة mrigla barcha 👍,
"Application crash fi android 14, update please 😩",
خدمة عملاء رائعة عبر الواتساب ✅,
4G في منطقة مرسى ba7ri ممتازة 🏖️,
Fibra prix جديد أرخص، merci topnet 🎉,
"recharge fi agence mrigla, sans attente 👍",
"réseau fi 3 منطقة مختلفة ما عندناش 4G, wech هذا 😠",
topnet programme fidélité mrigla barcha 🌟,
SMS spam من topnet yjiw كثيرة جداً 😒,
4G في جزيرة جربة top pour les vacances ☀️,
"Appli تنهار عند تفعيل forfait, problem 5arba 😡",
topnet service باهي لكن تحتاج ترفع couverture في الريف,
كيفاه نستعيد رقمي بعد ضياع شريحة؟,
Fibra 100MB w streaming 4K bla ta7mil 🎬,
topnet money application تحتاج update جديد,
Réseau في المدرسة الابتدائية ضعيف، الأساتذة يشتكوا,
content barcha من مستوى الخدمة في فرع صفاقس 😊,
internet fibra waqaf w ma3adch rja3 منذ يومين 😡,
Mrigla l forfait illimité 3lach ma7kach عليه قبل 👌,
Application صعيبة بالنسبة لكبار السن، lazem tbasitouha,
4G في باجة na9es برشا، kifeh n3ich 😢,
merci topnet 3la cadeau anniversaire لمشتركين القدامى 🎁,
réseau coupé fi تونس العاصمة نهار كامل، wech هذا 😡,
Fibra installation تأخرت 2 أسابيع على الموعد المحدد 😒,
"topnet money fiable w sécurisé, j'utilise depuis 2 ans ✅",
Offre إضافة خط mrigla barcha 👍,
appli تحتاج ترجمة كاملة بالعربية 🇹🇳,
Réseau في Rades centre top 😊,
"SMS يجيني من رقم غريب باسم topnet, arnaque?? 😨",
internet fibra سريعة جداً للعمل من المنزل 💻,
Service client ma3adch y7el مشاكل في وقت معقول 😡,
Forfait 7Gb mrigla prix barcha للاستخدام اليومي 👌,
topnet يدعم الفرق الرياضية التونسية 🏆,
"Appli android 5arba من update الأخيرة, rollback please 😩",
Réseau في Raoued ممتاز، باهي الحمدلله ✅,
كيفاه نعمل portabilité من مشغل آخر لأورنج؟,
internet waqaf w hotline 3adet ma trodch 😤,
topnet fibra أفضل من adsl بمراحل ✅,
Forfait family pack économique pour 5 membres 👨‍👩‍👧‍👦,
"réseau في غار الدماء na9es, 3aycha في عزلة رقمية 😢",
Application logique وسهلة، bien fait 👍,
Fibra connexion stable حتى في الطقس الرديء ✅,
topnet تقدم خدمات للشركات الصغيرة مميزة 💼,
SMS confirmation عند الشحن يجي متأخر، 3adi عندكم؟,
4G في Sidi Bouzid centre تحسنت برشا هذا العام 📈,
application bta3 topnet ma ta9derch تفتح بدون wifi 😡,
Offre مناسبات وطنية دايما باهية 🇹🇳,
réseau fi chebba w mahres 5arba complètement 😤,
topnet money sécurisé w pratique pour paiements 💸,
Fibra installation كانت سريعة والتقني مهني ✅,
internet mazel H+ في منطقتي، متى تجيني 4G؟,
Service client واتساب أحسن من الهاتف 🙂,
Appli تحتاج إضافة option لمتابعة consommation data بالتفصيل,
réseau في فريانة وتاله na9es برشا 😢,
Forfait étudiant économique barcha، شكراً topnet 🎓,
internet coupé خلال امتحانات الباك، ما يصحش هذا 😡,
topnet fibra vs adsl: لا مقارنة، fibra أحسن بمليون 🚀,
Application interface propre w moderne 👌,
recharge réussie من التطبيق خلال 30 ثانية ✅,
Réseau في Le Kram ممتاز 😊,
Technical support ما ردوش على ticket منذ 5 أيام 😡,
topnet نتمنا تفتح نقاط بيع أكثر في الجهات,
4G في El Mourouj باهية الحمدلله 👍,
Appli تحتاج mode economie batterie 🔋,
internet fibra stable 24/7 ✅,
"Réseau في Ben Guerdane na9es, kifeh n3ich هكذا 😢",
topnet money w fidélité mrigla برشا 🌟,
SMS promotion يجيني عند وقت غلط 3:00 الليل 😩,
Forfait 4G illimité la nuit باهي للطلبة 🌙,
"Appli تعلق عند فتح les paramètres, bug mouch normal",
merci topnet 3la جودة الشبكة في حمام سوسة ☀️,
Topnet fibra من أحسن ما في تونس للإنترنت المنزلي 🏠,
Réseau في Ennahli باهي برشا 😊,
recharge fi un click mrigla 👍,
"internet وقف وقت match وطني, زهرتنا 😂",
سرفيس كلينت responsive 3la الفيسبوك ✅,
Offre data في المساء أرخص، bahy barcha 🌙,
"Appli design joie, UX منطقي 👌",
réseau 4G في Hay Hlal باهي 😊,
"internet cut في kol weekend, wech سبة 😡",
Mobiflous sécurisé w pratique بالزبط ✅,
Forfait roaming maghreb رخيص برشا 🌍,
application topnet bta3 الأصحاب قالولي أحسن من ooredoo,
réseau في Boumhel باهي w stable ✅,
SMS non sollicités كثيرة جداً من topnet 😒,
Fibra في عمارة الجوار زادت سرعتها هذا الشهر 📈,
كيفاه نعطل auto-renewal من التطبيق مباشرة؟,
4G في Mornag w Fouchana top 😊,
internet fibra waqfet w hotline تصبر 1 ساعة 😡,
topnet money تنجم تدفع فواتير steg w sonede 💸,
Appli تحتاج notification عند انتهاء data 🔔,
"Réseau fi Siliana 5arba complètement, kifeh na3mel 😢",
Offre spéciale fêtes باهية برشا 🎊,
Fibra تنفع برشا لـ gaming والله سرعة وبدون lag 🎮,
service client لطيف لكن بطيء في الحلول 😐,
internet في البيت مريح w stable الحمدلله 😊,
Topnet يحتاج يمد شبكة الفيبرا في أكثر مناطق 📡,
recharge عبر التطبيق في أقل من دقيقة ✅,
réseau في Mdhilla na9es برشا 😢,
Forfait شباب économique مريح للطلبة 🎓,
Appli تحديث الأخير ما عاد يخدمش على هاتفي 😡,
topnet Fibra installation rapide w professionnelle ✅,
Réseau في السيجومي وسيدي بوسعيد ممتاز ☀️,
internet mazel bati3 لهذا السعر، wech هكذا 😒,
السرفيس كلينت على أونلاين أحسن من الفرع 💻,
4G في Ain Zaghouan باهي برشا ✅,
Appli bug عند تسجيل الدخول يومياً 😩,
topnet fibra gaming w streaming بدون مشاكل 🎮,
Réseau في Feriana na9es جداً 😢,
Offre internet شهري مريح w prix مناسب 👍,
Mobiflous تنجم تشحن من أي مكان ✅,
internet fibra waqfet w ma rja3etch depuis ce matin 😡,
Forfait professionnel مميز للمتعاملين 💼,
Appli تحتاج option لمشاركة data بين أفراد العائلة,
réseau 4G في Bir Mcherga حلو 😊,
SMS تأكيد recharge يتأخر أكثر من ساعة 😒,
topnet 3jebni l offre nouveauté بتاعت هذا الشهر 🎉,
Fibra في حي كرمبالية top 🚀,
internet في المنطقة الصناعية ضعيف رغم التعاقد 😤,
كيفاه نشكي في التطبيق مباشرة بدون ما أتصل؟,
Service client حل مشكلتي في نفس اليوم، شكراً 🙏,
Réseau في Mahrès حلو منذ التحديث 📈,
internet mazel bati3 رغم اشتراك fibra 100MB 😡,
topnet money تنجم تحوّل فلوس لأي رقم ✅,
Offre weekend data gratuite باهية للترفيه 😍,
Appli notification push مش تشتغل عندي 😒,
réseau في Sidi Alouane حلو برشا ✅,
Fibra تنفع برشا لـ télétravail 💻,
Service client متاح يوم الجمعة بالعشية؟ ما نعرفش,
4G في Mezzouna top 😊,
internet cut نهار match كبير، coincidence؟ 😂,
topnet fibra meilleure vitesse than adsl definitely 🚀,
Réseau في Tebourba stable w حلو 😊,
recharge facile min التطبيق بكل ريحة ✅,
internet waqfet waqt امتحانات في جامعة صفاقس 😤,
topnet 3jebni l programme points fidélité 🌟,
Appli تحتاج dark mode لأصحاب البصر الضعيف 🌙,
réseau في Majel Bel Abbès na9es 😢,
Forfait internet شهري economique للعائلة 👨‍👩‍👧,
Fibra installation كانت نظيفة وسريعة ✅,
internet في المطعم حق topnet box باهي 😋,
السرفيس كلينت مش متاح ليلاً، مشكلة للحالات الطارئة,
4G في Bir Ali Ben Khalifa stable ✅,
Appli يعطي error 500 عند كل تحديث forfait 😡,
topnet money w recharge في نفس التطبيق، pratique barcha 💸,
Réseau في El Fahs حلو brabi 😊,
internet mazel يقطع كل ليلة نفس الوقت 😒,
topnet team تحل مشاكل الفيبرا بسرعة ✅,
"Forfait spécial Ramadan ma3adch, kifeh 3adet قصة سنوية",
Appli UI تحسنت برشا في الإصدار الجديد 📱,
réseau 4G في Mateur حلو الحمدلله ✅,
internet fibra ما جاش على الموعد المحدد 😡,
topnet مريحة للأعمال التجارية الصغيرة 💼,
SMS spam من topnet يجي في منتصف الليل 😩,
4G في Nefta w Tozeur حلو برشا 🌴,
Appli تعلق عند تحميل الفاتورة 😒,
topnet fibra أحسن قرار اتخذته في الحياة 😂✅,
Réseau في Tataouine centre حلو 😊,
internet mazel بطيء رغم تغيير الباقة 😔,
topnet money pratique لكن هل هو 100% آمن؟,
Offre data illimitée ليلاً مميزة للطلبة 🎓,
Appli تحتاج integration مع apple watch ⌚,
réseau في Douar Hicher حلو w stable ✅,
Fibra waqfet كل يوم نفس الوقت، normal هذا؟ 😒,
topnet sponsore Topnet Cup برشا، supporteur 🏆,
4G في Jedaida والمحيط باهي 😊,
internet fibra w gaming PS5 بدون lag، رائع 🎮,
كيفاه نعرف إذا منطقتي مغطاة بـ fibra؟,
Service client sur facebook répondent bien ✅,
Réseau في Borj Cedria حلو 😊,
internet mazel يقطع وقت الفطور 😂 أكيد مسخرة,
topnet fibra prix جديد أرخص، merci الإدارة 🎉,
Réseau في Mornag حلو برشا ✅,
كيفاه نجدد forfait تلقائياً من التطبيق؟,
internet وقف وقت الفيلم، زهرتنا 😂😩,
topnet supportent مهرجانات شبابية ✅,
4G في Sidi Thabet باهي الحمدلله 😊,
Appli update جديد أسرع من القديم 📱,
réseau في El Guettar na9es جداً 😢,
Mobiflous تنجم تدفع أقساطك بدون بنك ✅,
internet fibra stable حتى في الرياح الشديدة ✅,
Offre data شهرية bien mais مش كافية 😅,
topnet team ردت بسرعة على مشكلتي 🙏,
Réseau في Soliman حلو برشا 😊,
internet fibra انقطعت ليومين وما في تعويض 😡,
Forfait professionnel مميز للشركات الصغيرة 💼,
"Appli simple w facile, j'adore 😍",
réseau في Sidi Bou Ali حلو ✅,
internet في المطار ضعيف رغم الدفع 😒,
topnet تحسنت خدماتها هذا العام نسبياً 📈,
4G في Enfidha w Hergla باهي 😊,
Appli تحتاج option chat مباشرة مع Support,
réseau في Oued Zarga na9es جداً 😢,
Fibra 200Mb streaming Netflix 4K بدون مشاكل 🎬,
topnet money تنجم تعمل transfers من بعيد ✅,
Réseau في Téboursouk حلو برشا 😊,
internet mazel بطيء في أوقات الذروة 😒,
topnet prix خدمات متنافسة مقارنة بالمنافسين 👍,
Forfait data 20Go mrigla لاستخدام شهر 👌,
Appli تحتاج option e-SIM activation 📱,
réseau 4G في Oued Ellil باهي ✅,
internet fibra installation بسرعة قياسية، merci ✅,
Topnet Tunisie مستمرة في التطوير، juste continue 🙂,
4G في Grombalia w Menzel Bouzelfa حلو 😊,
internet وقف وقت اجتماع zoom مهم 😡,
topnet fidélité mrigla ويتجه لـ premium لكن باهي 🌟,
Réseau في Sidi El Béchir حلو برشا ✅,
Appli تحتاج widget للـ homescreen برصيد سريع 📱,
internet في منطقتي مازال بطيء يستهلك وقتي 😔,
topnet fibra tnajem ta3mlha للـ télétravail بدون مشاكل 💻,
Forfait spécial été مريح للعطلة ☀️,
Appli update الأخيرة fix برشا bugs، شكراً للفريق 🙏,
réseau في Béja centre باهي الحمدلله ✅,
internet fibra waqfet waqt travail من المنزل 😡,
topnet mrigla pour les petites entreprises 💼,
"4G في Metlaoui w Redeyef na9es, kifeha 😢",
Appli تتيح متابعة فاتورة شهرية بكل سهولة ✅,
réseau في Oued Mliz حلو برشا 😊,
internet fibra من أحسن ما في تونس for gaming 🎮,
Topnet merci 3la الخدمات الجيدة ونتمنا تستمر 🙏,
Forfait 30 jours مريح لاستخدام عادي 👍,
Appli تحتاج option تغيير اللغة بسهولة 🌐,
réseau 4G في Manouba باهي ✅,
internet fibra installation طالت أكثر من المتوقع 😒,
topnet money convenient w fiable للمدفوعات اليومية 💸,
4G في Gafsa centre حلو برشا 😊,
Appli design moderne w ergonomique 👌,
réseau في Bir Lahmar na9es جداً 😢,
Forfait illimité ليلاً باهي للدراسة 🌙🎓,
internet fibra waqfet w رجعت بعد 6 ساعات 😡,
topnet لها برامج مسؤولية اجتماعية كثيرة ✅,
Réseau في Hammam Lif حلو برشا 😊,
internet بطيء في أوقات الذروة مساءً 😒,
topnet money سهل وآمن، أنصح به الجميع ✅,
Offre data promotionnelle جديدة مريحة 👍,
Appli تحتاج option لمشاركة موقع بسرعة 📍,
réseau في Zaghouan centre حلو ✅,
Fibra ما كانتش في منطقتي وتجي العام الجاي إن شاء الله 🤞,
topnet service زاد عن السنة الماضية 📈,
4G في Oued Sbaihia باهي برشا 😊,
internet وقف وقت إرسال ملفات عمل مهمة 😤,
topnet money pratique pour payer tout en ligne 💸,
Réseau في Kesra w Djebba حلو للسياحة 🏞️,
internet fibra سريعة لكن أحياناً تقطع 😔,
Forfait données شهر économique للعائلة 👨‍👩‍👧,
Appli تحتاج option dark لراحة العين ليلاً 🌙,
réseau في Feriana na9es شديد، kifeh na3mel 😢,
topnet fibra تنفع برشا للعمل والترفيه معاً ✅,
Service client ردوا على مشكلتي في 24 ساعة 👍,
4G في Mnihla w El Gobba باهي ✅,
internet يقطع وقت match، كلي مشتبه في topnet 😂,
topnet price مناسبة مقارنة بالخدمات المقدمة 👌,
Forfait weekend مريح للترفيه 🎉,
Appli تحتاج إضافة biometric login ✅,
réseau في Bou Argoub حلو برشا 😊,
internet fibra waqfet فجأة وما عندناش سبب 😡,
topnet mon opérateur depuis 2010 وما بدلتش ولاّ 💪,
4G في Takelsa w Menzel Temime باهي ✅,
Appli تحتاج عرض أسبوعي لاستهلاك data 📊,
réseau في El Hencha na9es جداً 😢,
topnet تقدم offres تنافسية كل شهر 👍,
Fibra installation في يوم واحد، service rapide ✅,
internet بطيء في ساعات الذروة رغم fibra 😒,
topnet money سهلة w آمنة لجميع الأعمار 👴👧,
Réseau في Bir Bou Rekba حلو ✅,
internet وقف وقت cours en ligne، 3lash تصير فينا هكذا 😡,
topnet مشغل موثوق، أنصح به العائلة والأصحاب 👍,
4G في Sahline w Akouda باهي برشا 😊,
Appli تحتاج option لتفعيل eSIM مباشرة 📱,
réseau في Fernana na9es، متى يتحسن؟ 😢,
topnet merci على الخدمات المستمرة، نتمنا تتحسنوا دايماً 🙏🇹🇳,
شكون يعرف كيفاش نفعل forfait internet ؟ 100% 👍 wallah,
application سهلة برشا و service client محترم ❤️ franchement 😅,
شنية أحسن forfait pour télétravail ؟ yaatikom essa7a,
forfait يتقص بسرعة موش normal 😂 🙌,
débit faible برشا خاصة الليل yaatikom essa7a,
forfait mte3kom yesser mezyen مقارنة بالباقي wallah 100%,
connexion stable même filil 😍 😅 👍 wallah,
topnet money سهللي برشا حاجات 100%,
connexion stable même filil 😍 😭,
chnowa هالخدمة؟؟ كل مرة coupure 😡 100% 😅 yaatikom essa7a,
connexion stable même filil 😍 😅 yaatikom essa7a mais bon,
app ma thebch t7el 😑 🙌,
شنية أحسن forfait pour télétravail ؟ mais bon 👍,
connexion stable même filil 😍 wallah,
chnowa هالخدمة؟؟ كل مرة coupure 😡 wallah 👍 yaatikom essa7a,
service rapide w support تجاوب معايا بسرعة 😂 👍 😅,
connexion stable même filil 😍 yaatikom essa7a,
débit faible برشا خاصة الليل 100%,
internet بطيئة برشا اليوم wallah 100% merci ❤️,
internet بطيئة برشا اليوم 100% 😭 mais bon,
franchement satisfait بالـ 4G fi Monastir nchallah يتحسن 😭,
franchement satisfait بالـ 4G fi Bizerte wallah 😭 yaatikom essa7a inchallah t7assnou,
forfait يتقص بسرعة موش normal yaatikom essa7a,
forfait mte3kom yesser mezyen مقارنة بالباقي franchement 😂 yaatikom essa7a,
service client ما يجاوبش 😅 franchement merci ❤️,
خلصت و ما تفعلش الforfait 😤 mouch logique,
استعملت Topnet Money أول مرة 😭 svp,
شكون يعرف كيفاش نفعل forfait internet ؟ nchallah يتحسن,
فما عروض للطلاب ؟ 😂 yaatikom essa7a 😅,
juste نسأل ال4G متوفرة fi Tunis ؟ 🙌 👍 100%,
شنية أحسن forfait pour télétravail ؟ 😅 bara choufou,
app جديدة و لا نفس النسخة ؟ mais bon,
استعملت Topnet Money أول مرة 🙌 ena client depuis snin,
forfait mte3kom yesser mezyen مقارنة بالباقي wallah 🙌,
خلصت و ما تفعلش الforfait 😤 mais bon 😭 yaatikom essa7a,
franchement satisfait بالـ 4G fi Sfax 🙌,
chnowa هالخدمة؟؟ كل مرة coupure 😡 yaatikom essa7a mais bon bara choufou,
app جديدة و لا نفس النسخة ؟ 100% mais bon 👍,
forfait mte3kom yesser mezyen مقارنة بالباقي 🙌 100% top,
service client ما يجاوبش 😭 yaatikom essa7a,
chnowa هالخدمة؟؟ كل مرة coupure 😡 🙌 nchallah يتحسن svp,
prix معقول مقارنة بالباقي 😂 mais bon,
juste نسأل ال4G متوفرة fi La Marsa ؟ wallah merci ❤️,
app ma thebch t7el 😑 wallah bara choufou,
service behya barcha 👌 réseau stable fi Kairouan 👍 franchement,
service rapide w support تجاوب معايا بسرعة,
app جديدة و لا نفس النسخة ؟ 😅 svp,
forfait mte3kom yesser mezyen مقارنة بالباقي franchement nchallah يتحسن,
فما عروض للطلاب ؟ 😅 😭,
réseau y9os barcha fi Sousse 😒 😭 mouch logique,
connexion stable même filil 😍 👍 yaatikom essa7a merci ❤️,
débit faible برشا خاصة الليل 😂,
شكون يعرف كيفاش نفعل forfait internet ؟ yaatikom essa7a 😅 🙌 inchallah t7assnou,
application سهلة برشا و service client محترم ❤️ wallah,
app ma thebch t7el 😑 😭 wallah,
فما عروض للطلاب ؟ 🙌 nchallah يتحسن,
connexion stable même filil 😍 mais bon,
forfait mte3kom yesser mezyen مقارنة بالباقي 🙌 👍,
service rapide w support تجاوب معايا بسرعة 😭,
juste نسأل ال4G متوفرة fi Bizerte ؟ 😂 😭 service محترم,
"merci Topnet, internet tayara اليوم 🔥",
خلصت و ما تفعلش الforfait 😤 100% 👍 wallah,
internet بطيئة برشا اليوم nchallah يتحسن,
service rapide w support تجاوب معايا بسرعة wallah,
forfait يتقص بسرعة موش normal 100% 😂,
internet بطيئة برشا اليوم mais bon franchement,
شكون يعرف كيفاش نفعل forfait internet ؟ 😅 100% svp,
prix معقول مقارنة بالباقي 😭,
forfait يتقص بسرعة موش normal 😭 mais bon ena client depuis snin,
استعملت Topnet Money أول مرة 100% yaatikom essa7a mais bon,
réseau y9os barcha fi Bizerte 😒 🙌 nchallah يتحسن,
réseau y9os barcha fi Monastir 😒 😂 svp,
prix معقول مقارنة بالباقي mais bon,
internet بطيئة برشا اليوم 😭 😅 inchallah t7assnou,
service client ما يجاوبش franchement wallah ena client depuis snin,
internet بطيئة برشا اليوم franchement 100%,
réseau y9os barcha fi Hammamet 😒 yaatikom essa7a,
service rapide w support تجاوب معايا بسرعة mais bon 😂 inchallah t7assnou,
débit faible برشا خاصة الليل 😭 nchallah يتحسن 😂,
connexion stable même filil 😍 yaatikom essa7a ena client depuis snin,
استعملت Topnet Money أول مرة 😂 yaatikom essa7a mouch logique,
connexion stable même filil 😍 mais bon ..,
chnowa هالخدمة؟؟ كل مرة coupure 😡 mais bon 😂 3lech haka ?,
شنية أحسن forfait pour télétravail ؟ 🙌 😂 inchallah t7assnou,
شنية أحسن forfait pour télétravail ؟ nchallah يتحسن 😂,
topnet money سهللي برشا حاجات 👍 😂 svp,
app ma thebch t7el 😑 😅 100% nchallah يتحسن,
اليوم réseau متوسط موش خايب nchallah يتحسن wallah 100%,
application سهلة برشا و service client محترم ❤️ 👍,
استعملت Topnet Money أول مرة 😂 franchement nchallah يتحسن,
استعملت Topnet Money أول مرة 100% 😭 mais bon top,
فما عروض للطلاب ؟ 👍 mais bon wallah,
service rapide w support تجاوب معايا بسرعة 🙌 100% wallah,
connexion stable même filil 😍 👍 nchallah يتحسن 😅,
service client ما يجاوبش 100% wallah,
اليوم réseau متوسط موش خايب 😂 yaatikom essa7a,
connexion stable même filil 😍 yaatikom essa7a 🙌 😅 inchallah t7assnou,
service client ما يجاوبش,
franchement satisfait بالـ 4G fi Ariana franchement 🙌,
réseau y9os barcha fi Hammamet 😒 wallah inchallah t7assnou,
"merci Topnet, internet tayara اليوم 🔥 yaatikom essa7a 👍 mais bon",
شنية أحسن forfait pour télétravail ؟ 🙌 nchallah يتحسن,
service client ما يجاوبش 🙌 mais bon 👍,
app ma thebch t7el 😑 wallah 3lech haka ?,
franchement satisfait بالـ 4G fi La Marsa nchallah يتحسن,
topnet money سهللي برشا حاجات 😂 100%,
service behya barcha 👌 réseau stable fi Gabes mais bon franchement yaatikom essa7a,
service behya barcha 👌 réseau stable fi Sfax nchallah يتحسن yaatikom essa7a 😅 ena client depuis snin,
topnet money سهللي برشا حاجات franchement 😭 nchallah يتحسن,
service rapide w support تجاوب معايا بسرعة franchement 😅 nchallah يتحسن,
juste نسأل ال4G متوفرة fi Bizerte ؟ yaatikom essa7a mais bon,
juste نسأل ال4G متوفرة fi Gabes ؟ franchement merci ❤️,
شنية أحسن forfait pour télétravail ؟ 100%,
juste نسأل ال4G متوفرة fi Nabeul ؟ 🙌 😭 wallah,
franchement satisfait بالـ 4G fi Kairouan 👍 franchement yaatikom essa7a,
فما عروض للطلاب ؟ franchement yaatikom essa7a bara choufou,
forfait يتقص بسرعة موش normal 👍 yaatikom essa7a,
فما عروض للطلاب ؟ franchement yaatikom essa7a wallah 3lech haka ?,
خلصت و ما تفعلش الforfait 😤 😂 😅,
app ma thebch t7el 😑 😂,
franchement satisfait بالـ 4G fi Monastir mais bon 😂,
شكون يعرف كيفاش نفعل forfait internet ؟ 👍,
forfait يتقص بسرعة موش normal 👍,
application سهلة برشا و service client محترم ❤️ 🙌 franchement wallah,
réseau y9os barcha fi Gabes 😒 🙌 👍,
"merci Topnet, internet tayara اليوم 🔥 👍 wallah",
prix معقول مقارنة بالباقي wallah 😅 🙌 ena client depuis snin,
app جديدة و لا نفس النسخة ؟ mais bon ❤️,
اليوم réseau متوسط موش خايب franchement yaatikom essa7a bara choufou,
internet بطيئة برشا اليوم 😂 mais bon 👍,
forfait يتقص بسرعة موش normal wallah,
service behya barcha 👌 réseau stable fi Tunis 🙌,
service client ما يجاوبش yaatikom essa7a wallah nchallah يتحسن,
شكون يعرف كيفاش نفعل forfait internet ؟ service محترم,
service behya barcha 👌 réseau stable fi Nabeul yaatikom essa7a,
service client ما يجاوبش 👍 😭 mouch logique,
اليوم réseau متوسط موش خايب 😂,
app جديدة و لا نفس النسخة ؟ franchement nchallah يتحسن 😭,
خلصت و ما تفعلش الforfait 😤 bara choufou,
app ma thebch t7el 😑 wallah yaatikom essa7a svp,
prix معقول مقارنة بالباقي nchallah يتحسن 👍 franchement,
استعملت Topnet Money أول مرة yaatikom essa7a franchement top,
app جديدة و لا نفس النسخة ؟ 😭 100% mais bon,
فما عروض للطلاب ؟ franchement yaatikom essa7a 😂 ena client depuis snin,
اليوم réseau متوسط موش خايب nchallah يتحسن 😅 100% svp,
prix معقول مقارنة بالباقي yaatikom essa7a 😭 😅 3lech haka ?,
franchement satisfait بالـ 4G fi Hammamet 🙌 nchallah يتحسن franchement top,
فما عروض للطلاب ؟ 😅,
"merci Topnet, internet tayara اليوم 🔥 😂 top",
service rapide w support تجاوب معايا بسرعة mais bon 😭 wallah,
استعملت Topnet Money أول مرة nchallah يتحسن 😂,
internet بطيئة برشا اليوم franchement wallah yaatikom essa7a,
forfait يتقص بسرعة موش normal 😅,
service behya barcha 👌 réseau stable fi Sousse mais bon nchallah يتحسن wallah,
app جديدة و لا نفس النسخة ؟ franchement nchallah يتحسن 👍,
app ma thebch t7el 😑 😂 👍 ena client depuis snin,
استعملت Topnet Money أول مرة mais bon 😭 😂,
service behya barcha 👌 réseau stable fi Ariana mais bon yaatikom essa7a wallah,
"merci Topnet, internet tayara اليوم 🔥 franchement 100%",
شنية أحسن forfait pour télétravail ؟ 😅 👍 merci ❤️,
خلصت و ما تفعلش الforfait 😤 🙌 mouch logique,
service behya barcha 👌 réseau stable fi La Marsa 🙌 merci ❤️,
service behya barcha 👌 réseau stable fi Monastir yaatikom essa7a 3lech haka ?,
réseau y9os barcha fi Sousse 😒 franchement 🙌,
forfait يتقص بسرعة موش normal,
app ma thebch t7el 😑 100% mais bon,
débit faible برشا خاصة الليل 😂 top,
topnet money سهللي برشا حاجات 😭,
juste نسأل ال4G متوفرة fi Ariana ؟ mais bon nchallah يتحسن,
application سهلة برشا و service client محترم ❤️ 🙌 😭 nchallah يتحسن,
شنية أحسن forfait pour télétravail ؟ 😂 100%,
app جديدة و لا نفس النسخة ؟ mais bon yaatikom essa7a 😂 3lech haka ?,
chnowa هالخدمة؟؟ كل مرة coupure 😡 franchement 🙌,
chnowa هالخدمة؟؟ كل مرة coupure 😡 franchement 100% nchallah يتحسن,
فما عروض للطلاب ؟ service محترم,
service rapide w support تجاوب معايا بسرعة nchallah يتحسن mouch logique,
internet بطيئة برشا اليوم 100% 😅 top,
اليوم réseau متوسط موش خايب wallah,
service client ما يجاوبش franchement,
application سهلة برشا و service client محترم ❤️ 😅 wallah,
service client ما يجاوبش nchallah يتحسن 👍 mais bon service محترم,
forfait mte3kom yesser mezyen مقارنة بالباقي 😭 inchallah t7assnou,
خلصت و ما تفعلش الforfait 😤 👍 😭 wallah,
app جديدة و لا نفس النسخة ؟ wallah 🙌 top,
استعملت Topnet Money أول مرة 😅 svp,
forfait يتقص بسرعة موش normal 100% mais bon,
استعملت Topnet Money أول مرة wallah yaatikom essa7a,
internet بطيئة برشا اليوم 👍,
خلصت و ما تفعلش الforfait 😤 😂 mais bon 👍,
app جديدة و لا نفس النسخة ؟ mais bon wallah,
débit faible برشا خاصة الليل 🙌 100%,
application سهلة برشا و service client محترم ❤️ 👍 ❤️,
prix معقول مقارنة بالباقي 😂,
forfait mte3kom yesser mezyen مقارنة بالباقي wallah,
app جديدة و لا نفس النسخة ؟ 100% 😭 yaatikom essa7a svp,
خلصت و ما تفعلش الforfait 😤 mais bon 😂,
شنية أحسن forfait pour télétravail ؟ mais bon wallah yaatikom essa7a ena client depuis snin,
forfait يتقص بسرعة موش normal 😅 ❤️,
franchement satisfait بالـ 4G fi Kairouan franchement yaatikom essa7a mais bon ena client depuis snin,
app جديدة و لا نفس النسخة ؟ 😭 🙌,
réseau y9os barcha fi Sfax 😒 100%,
خلصت و ما تفعلش الforfait 😤 😅 😭,
خلصت و ما تفعلش الforfait 😤 nchallah يتحسن wallah,
service client ما يجاوبش 👍 100% inchallah t7assnou,
forfait يتقص بسرعة موش normal 100% merci ❤️,
chnowa هالخدمة؟؟ كل مرة coupure 😡 👍 yaatikom essa7a svp,
connexion stable même filil 😍 😭 yaatikom essa7a 🙌 inchallah t7assnou,
service rapide w support تجاوب معايا بسرعة 100% 🙌 franchement merci ❤️,
app ma thebch t7el 😑 nchallah يتحسن mais bon franchement,
اليوم réseau متوسط موش خايب 100%,
service rapide w support تجاوب معايا بسرعة franchement 😅 👍,
topnet money سهللي برشا حاجات 🙌 😭 svp,
اليوم réseau متوسط موش خايب 🙌 wallah 😭,
franchement satisfait بالـ 4G fi La Marsa 100% 😭,
"merci Topnet, internet tayara اليوم 🔥 😅 3lech haka ?",
اليوم réseau متوسط موش خايب yaatikom essa7a mais bon,
chnowa هالخدمة؟؟ كل مرة coupure 😡 😭 100% franchement merci ❤️,
"merci Topnet, internet tayara اليوم 🔥 wallah nchallah يتحسن 😂 ena client depuis snin",
prix معقول مقارنة بالباقي 😭 mais bon,
forfait mte3kom yesser mezyen مقارنة بالباقي 👍 🙌 😂 bara choufou,
connexion stable même filil 😍 👍 mais bon,
débit faible برشا خاصة الليل 😂 inchallah t7assnou,
app ma thebch t7el 😑 wallah,
app ma thebch t7el 😑 yaatikom essa7a 😂,
topnet money سهللي برشا حاجات 😭 ..,
service behya barcha 👌 réseau stable fi Kairouan 👍 😅 nchallah يتحسن merci ❤️,
service client ما يجاوبش 😭,
topnet money سهللي برشا حاجات 100% 👍,
"merci Topnet, internet tayara اليوم 🔥 😂",
forfait mte3kom yesser mezyen مقارنة بالباقي nchallah يتحسن mais bon yaatikom essa7a,
débit faible برشا خاصة الليل 😅 🙌 😂,
connexion stable même filil 😍 🙌,
فما عروض للطلاب ؟ 100% 🙌 wallah,
"merci Topnet, internet tayara اليوم 🔥 yaatikom essa7a 😂 100%",
internet بطيئة برشا اليوم 100%,
franchement satisfait بالـ 4G fi Ariana mais bon 😅 wallah,
service rapide w support تجاوب معايا بسرعة 👍 franchement wallah,
franchement satisfait بالـ 4G fi Sousse 100% 3lech haka ?,
chnowa هالخدمة؟؟ كل مرة coupure 😡 nchallah يتحسن wallah,
chnowa هالخدمة؟؟ كل مرة coupure 😡 100% 👍 bara choufou,
topnet money سهللي برشا حاجات 😭 😅,
chnowa هالخدمة؟؟ كل مرة coupure 😡 😭,
connexion stable même filil 😍 😂,
فما عروض للطلاب ؟ 👍 😭 bara choufou,
استعملت Topnet Money أول مرة 100%,
فما عروض للطلاب ؟ 👍,
service behya barcha 👌 réseau stable fi Monastir,
"merci Topnet, internet tayara اليوم 🔥 👍 😂 inchallah t7assnou",
topnet money سهللي برشا حاجات 👍 😂 yaatikom essa7a svp,
app ma thebch t7el 😑 100% 😭 bara choufou,
topnet money سهللي برشا حاجات 😭 100% nchallah يتحسن,
internet بطيئة برشا اليوم nchallah يتحسن top,
app ma thebch t7el 😑 😭 top,
فما عروض للطلاب ؟ mais bon 😅 nchallah يتحسن,
topnet money سهللي برشا حاجات 😭 wallah,
شنية أحسن forfait pour télétravail ؟ 😭 😂,
topnet money سهللي برشا حاجات nchallah يتحسن yaatikom essa7a merci ❤️,
app ma thebch t7el 😑 nchallah يتحسن mais bon,
connexion stable même filil 😍 mais bon 😂 yaatikom essa7a inchallah t7assnou,
forfait mte3kom yesser mezyen مقارنة بالباقي 😭 wallah nchallah يتحسن svp,
débit faible برشا خاصة الليل 😂 🙌 100%,
service rapide w support تجاوب معايا بسرعة mais bon 😂 😭,
forfait mte3kom yesser mezyen مقارنة بالباقي 😂,
prix معقول مقارنة بالباقي 😭 ❤️,
prix معقول مقارنة بالباقي 🙌,
شنية أحسن forfait pour télétravail ؟ mais bon 😂 100%,
app ma thebch t7el 😑 100%,
"merci Topnet, internet tayara اليوم 🔥 100% 😅 nchallah يتحسن",
"merci Topnet, internet tayara اليوم 🔥 100% 😂",
application سهلة برشا و service client محترم ❤️ 👍 !,
juste نسأل ال4G متوفرة fi Kairouan ؟ 👍 nchallah يتحسن 100%,
juste نسأل ال4G متوفرة fi Hammamet ؟ nchallah يتحسن 😭 svp,
chnowa هالخدمة؟؟ كل مرة coupure 😡 100% ena client depuis snin,
internet بطيئة برشا اليوم 😭 top,
application سهلة برشا و service client محترم ❤️ merci ❤️,
topnet money سهللي برشا حاجات mais bon,
topnet money سهللي برشا حاجات 😭 ❤️,
خلصت و ما تفعلش الforfait 😤 😭 🙌,
débit faible برشا خاصة الليل mais bon franchement 😭 inchallah t7assnou,
service rapide w support تجاوب معايا بسرعة 100% nchallah يتحسن,
internet بطيئة برشا اليوم yaatikom essa7a wallah 100%,
internet بطيئة برشا اليوم 🙌 wallah mais bon,
app ma thebch t7el 😑 👍 😅,
service rapide w support تجاوب معايا بسرعة mais bon 100%,
application سهلة برشا و service client محترم ❤️ franchement 100% mais bon,
application سهلة برشا و service client محترم ❤️ mais bon 🙌 inchallah t7assnou,
juste نسأل ال4G متوفرة fi Tunis ؟ 😭 mais bon 🙌,
juste نسأل ال4G متوفرة fi Hammamet ؟ 👍,
فما عروض للطلاب ؟ wallah franchement,
service behya barcha 👌 réseau stable fi Sousse 100%,
"merci Topnet, internet tayara اليوم 🔥 yaatikom essa7a 🙌 service محترم",
شكون يعرف كيفاش نفعل forfait internet ؟ 😭 franchement,
internet بطيئة برشا اليوم 👍 ❤️,
forfait يتقص بسرعة موش normal mais bon wallah,
شنية أحسن forfait pour télétravail ؟ 🙌 franchement mais bon mouch logique,
app ma thebch t7el 😑 mais bon 👍 3lech haka ?,
juste نسأل ال4G متوفرة fi Sousse ؟ 😭 mais bon,
service client ما يجاوبش 100%,
chnowa هالخدمة؟؟ كل مرة coupure 😡 mais bon wallah nchallah يتحسن,
اليوم réseau متوسط موش خايب 😂 mouch logique,
app جديدة و لا نفس النسخة ؟ 😂 3lech haka ?,
juste نسأل ال4G متوفرة fi Sousse ؟ 😅,
application سهلة برشا و service client محترم ❤️ 100% service محترم,
app ma thebch t7el 😑 yaatikom essa7a,
service rapide w support تجاوب معايا بسرعة ❤️,
débit faible برشا خاصة الليل mais bon 😂 100%,
فما عروض للطلاب ؟ franchement 😂 service محترم,
خلصت و ما تفعلش الforfait 😤 🙌,
service client ما يجاوبش nchallah يتحسن 👍 😅,
service client ما يجاوبش 😭 ❤️,
استعملت Topnet Money أول مرة mais bon nchallah يتحسن wallah top,
app ma thebch t7el 😑 100% yaatikom essa7a mais bon,
débit faible برشا خاصة الليل 👍 😭,
service rapide w support تجاوب معايا بسرعة yaatikom essa7a 😅 inchallah t7assnou,
service behya barcha 👌 réseau stable fi Nabeul nchallah يتحسن 3lech haka ?,
forfait يتقص بسرعة موش normal merci ❤️,
service behya barcha 👌 réseau stable fi Sfax 👍,
فما عروض للطلاب ؟ 🙌 100% yaatikom essa7a svp,
"merci Topnet, internet tayara اليوم 🔥 😅 inchallah t7assnou",
internet بطيئة برشا اليوم bara choufou,
شكون يعرف كيفاش نفعل forfait internet ؟ nchallah يتحسن yaatikom essa7a 👍,
فما عروض للطلاب ؟ franchement,
شنية أحسن forfait pour télétravail ؟ franchement,
forfait يتقص بسرعة موش normal mais bon yaatikom essa7a 🙌,
app ma thebch t7el 😑 😭 service محترم,
"merci Topnet, internet tayara اليوم 🔥 👍",
internet بطيئة برشا اليوم franchement nchallah يتحسن 3lech haka ?,
réseau y9os barcha fi Sousse 😒 🙌,
"merci Topnet, internet tayara اليوم 🔥 nchallah يتحسن bara choufou",
service rapide w support تجاوب معايا بسرعة franchement nchallah يتحسن,
débit faible برشا خاصة الليل 😂 franchement 🙌 ena client depuis snin,
franchement satisfait بالـ 4G fi Sfax wallah,
connexion stable même filil 😍 mais bon 😂,
"merci Topnet, internet tayara اليوم 🔥 😂 😅",
service client ما يجاوبش nchallah يتحسن,
prix معقول مقارنة بالباقي 😭 👍,
juste نسأل ال4G متوفرة fi Ariana ؟ 👍 franchement 100% inchallah t7assnou,
application سهلة برشا و service client محترم ❤️ 🙌 😂 100%,
فما عروض للطلاب ؟ 👍 franchement 🙌,
app جديدة و لا نفس النسخة ؟ 👍,
app جديدة و لا نفس النسخة ؟ wallah,
اليوم réseau متوسط موش خايب 🙌 ena client depuis snin,
شكون يعرف كيفاش نفعل forfait internet ؟ 🙌 wallah,
réseau y9os barcha fi Nabeul 😒 🙌 👍 inchallah t7assnou,
service client ما يجاوبش franchement 😅 👍 bara choufou,
service behya barcha 👌 réseau stable fi Sfax 😅 franchement 🙌,
app ma thebch t7el 😑 👍,
service rapide w support تجاوب معايا بسرعة yaatikom essa7a franchement,
"merci Topnet, internet tayara اليوم 🔥 😂 😭 mais bon top",
اليوم réseau متوسط موش خايب 😭 mouch logique,
service rapide w support تجاوب معايا بسرعة 😅,
service client ما يجاوبش top,
service client ما يجاوبش yaatikom essa7a 🙌 franchement svp,
app جديدة و لا نفس النسخة ؟ 😭 😅 franchement,
استعملت Topnet Money أول مرة nchallah يتحسن wallah,
débit faible برشا خاصة الليل service محترم,
شنية أحسن forfait pour télétravail ؟ 😭 3lech haka ?,
شكون يعرف كيفاش نفعل forfait internet ؟ 🙌 merci ❤️,
réseau y9os barcha fi Hammamet 😒 mais bon 😅,
شنية أحسن forfait pour télétravail ؟ 😅 🙌,
connexion stable même filil 😍 mais bon 😅 👍 ena client depuis snin,
خلصت و ما تفعلش الforfait 😤 😂,
خلصت و ما تفعلش الforfait 😤 wallah,
service client ما يجاوبش 100% nchallah يتحسن mais bon,
forfait يتقص بسرعة موش normal 🙌,
connexion stable même filil 😍 nchallah يتحسن svp,
service behya barcha 👌 réseau stable fi La Marsa 🙌 mais bon 😂,
connexion stable même filil 😍 👍 😂,
topnet money سهللي برشا حاجات nchallah يتحسن wallah,
franchement satisfait بالـ 4G fi Bizerte yaatikom essa7a 100% 🙌,
internet بطيئة برشا اليوم wallah 🙌 yaatikom essa7a,
شكون يعرف كيفاش نفعل forfait internet ؟ mais bon yaatikom essa7a,
forfait mte3kom yesser mezyen مقارنة بالباقي mais bon franchement,
خلصت و ما تفعلش الforfait 😤 🙌 inchallah t7assnou,
prix معقول مقارنة بالباقي yaatikom essa7a 🙌 100% mouch logique,
service behya barcha 👌 réseau stable fi Tunis 100% 👍,
prix معقول مقارنة بالباقي franchement,
prix معقول مقارنة بالباقي 👍 😭 🙌 bara choufou,
prix معقول مقارنة بالباقي franchement ena client depuis snin,
service client ما يجاوبش 😭 wallah 😂,
app جديدة و لا نفس النسخة ؟ franchement 😂 mais bon,
forfait mte3kom yesser mezyen مقارنة بالباقي 100% nchallah يتحسن yaatikom essa7a ena client depuis snin,
فما عروض للطلاب ؟ 😂 svp,
connexion stable même filil 😍 👍 😂 yaatikom essa7a,
app جديدة و لا نفس النسخة ؟ 👍 😂,
اليوم réseau متوسط موش خايب yaatikom essa7a 😂 100%,
forfait يتقص بسرعة موش normal 😭 yaatikom essa7a,
service client ما يجاوبش 😭 nchallah يتحسن ena client depuis snin,
خلصت و ما تفعلش الforfait 😤 😭 👍 mais bon merci ❤️,
"merci Topnet, internet tayara اليوم 🔥 franchement",
"merci Topnet, internet tayara اليوم 🔥 yaatikom essa7a 100%",
réseau y9os barcha fi Hammamet 😒 yaatikom essa7a mais bon wallah mouch logique,
خلصت و ما تفعلش الforfait 😤 mais bon,
débit faible برشا خاصة الليل nchallah يتحسن,
internet بطيئة برشا اليوم 😭 mais bon 👍,
اليوم réseau متوسط موش خايب wallah svp,
réseau y9os barcha fi La Marsa 😒 😭 🙌 mais bon svp,
franchement satisfait بالـ 4G fi La Marsa 😂 😅 yaatikom essa7a service محترم,
débit faible برشا خاصة الليل 😂 !,
خلصت و ما تفعلش الforfait 😤 mais bon franchement wallah,
topnet money سهللي برشا حاجات 👍 mais bon,
فما عروض للطلاب ؟ 🙌 franchement service محترم,
service rapide w support تجاوب معايا بسرعة 🙌 😭 😅,
شنية أحسن forfait pour télétravail ؟ wallah 😭 yaatikom essa7a,
connexion stable même filil 😍 😭 100% 😂 svp,
application سهلة برشا و service client محترم ❤️ franchement 😅 100% bara choufou,
استعملت Topnet Money أول مرة 😭 😅,
application سهلة برشا و service client محترم ❤️ 😂 ena client depuis snin,
خلصت و ما تفعلش الforfait 😤 100% mais bon 🙌,
débit faible برشا خاصة الليل 😭 franchement ena client depuis snin,
forfait mte3kom yesser mezyen مقارنة بالباقي wallah 😅 merci ❤️,
فما عروض للطلاب ؟ 😅 service محترم,
forfait يتقص بسرعة موش normal 🙌 😅,
service behya barcha 👌 réseau stable fi Sousse nchallah يتحسن franchement 😅 bara choufou,
chnowa هالخدمة؟؟ كل مرة coupure 😡 😭 😂,
franchement satisfait بالـ 4G fi Gabes franchement 😂,
استعملت Topnet Money أول مرة 🙌 nchallah يتحسن,
app ma thebch t7el 😑,
service client ما يجاوبش yaatikom essa7a service محترم,
application سهلة برشا و service client محترم ❤️ 😂 mais bon yaatikom essa7a,
"merci Topnet, internet tayara اليوم 🔥 😅 wallah 3lech haka ?",
service behya barcha 👌 réseau stable fi Kairouan mais bon,
topnet money سهللي برشا حاجات 😅 😂,
"merci Topnet, internet tayara اليوم 🔥 😭",
réseau y9os barcha fi Sousse 😒 wallah 100%,
prix معقول مقارنة بالباقي 😂 top,
app ma thebch t7el 😑 😂 !,
franchement satisfait بالـ 4G fi Sfax mais bon mouch logique,
topnet money سهللي برشا حاجات wallah 😅,
forfait mte3kom yesser mezyen مقارنة بالباقي nchallah يتحسن,
service behya barcha 👌 réseau stable fi Monastir franchement 100%,
forfait يتقص بسرعة موش normal mais bon 100%,
خلصت و ما تفعلش الforfait 😤 😂 mais bon 😅 svp,
topnet money سهللي برشا حاجات nchallah يتحسن wallah ena client depuis snin,
service client ما يجاوبش yaatikom essa7a nchallah يتحسن,
application سهلة برشا و service client محترم ❤️ mais bon 😂,
chnowa هالخدمة؟؟ كل مرة coupure 😡 wallah 😂,
franchement satisfait بالـ 4G fi Nabeul 👍,
topnet money سهللي برشا حاجات mais bon merci ❤️,
topnet money سهللي برشا حاجات franchement yaatikom essa7a,
اليوم réseau متوسط موش خايب franchement nchallah يتحسن wallah bara choufou,
topnet money سهللي برشا حاجات 😅,
franchement satisfait بالـ 4G fi Kairouan 😅,
connexion stable même filil 😍 wallah !,
forfait mte3kom yesser mezyen مقارنة بالباقي 😂 mais bon merci ❤️,
app ma thebch t7el 😑 ❤️,
débit faible برشا خاصة الليل 😭 nchallah يتحسن,
شكون يعرف كيفاش نفعل forfait internet ؟ 😅 😭,
prix معقول مقارنة بالباقي franchement 😅 😂 merci ❤️,
app ma thebch t7el 😑 😅 🙌,
فما عروض للطلاب ؟ 😭 ena client depuis snin,
prix معقول مقارنة بالباقي 😭 😂,
شكون يعرف كيفاش نفعل forfait internet ؟ yaatikom essa7a wallah ena client depuis snin,
"merci Topnet, internet tayara اليوم 🔥 😂 nchallah يتحسن",
service behya barcha 👌 réseau stable fi Sousse 100% !,
topnet money سهللي برشا حاجات 👍 🙌,
"merci Topnet, internet tayara اليوم 🔥 🙌 wallah",
service behya barcha 👌 réseau stable fi Bizerte franchement wallah 100% merci ❤️,
شكون يعرف كيفاش نفعل forfait internet ؟ yaatikom essa7a 👍 franchement,
juste نسأل ال4G متوفرة fi Kairouan ؟ 🙌,
فما عروض للطلاب ؟ 👍 100% nchallah يتحسن,
فما عروض للطلاب ؟ 🙌,
réseau y9os barcha fi Ariana 😒 👍 😭,
service behya barcha 👌 réseau stable fi Nabeul nchallah يتحسن 😅 😂 top,
service rapide w support تجاوب معايا بسرعة 👍 😅,
service behya barcha 👌 réseau stable fi La Marsa wallah franchement,
استعملت Topnet Money أول مرة mais bon mouch logique,
topnet money سهللي برشا حاجات nchallah يتحسن franchement,
débit faible برشا خاصة الليل 😂 👍 3lech haka ?,
اليوم réseau متوسط موش خايب 👍,
forfait mte3kom yesser mezyen مقارنة بالباقي 😅 mais bon svp,
prix معقول مقارنة بالباقي wallah mais bon yaatikom essa7a merci ❤️,
juste نسأل ال4G متوفرة fi Tunis ؟ 😂,
chnowa هالخدمة؟؟ كل مرة coupure 😡 😭 nchallah يتحسن,
خلصت و ما تفعلش الforfait 😤 wallah mais bon 😂 mouch logique,
اليوم réseau متوسط موش خايب 😅 😂,
استعملت Topnet Money أول مرة nchallah يتحسن,
chnowa هالخدمة؟؟ كل مرة coupure 😡 👍 😅,
service client ما يجاوبش franchement 👍 😂,
connexion stable même filil 😍 😂 😅,
app ma thebch t7el 😑 100% 🙌 wallah,
خلصت و ما تفعلش الforfait 😤 🙌 yaatikom essa7a svp,
forfait mte3kom yesser mezyen مقارنة بالباقي nchallah يتحسن ❤️,
app ma thebch t7el 😑 100% ..,
اليوم réseau متوسط موش خايب nchallah يتحسن yaatikom essa7a mais bon,
connexion stable même filil 😍 nchallah يتحسن wallah,
app جديدة و لا نفس النسخة ؟ wallah franchement 👍,
خلصت و ما تفعلش الforfait 😤 franchement yaatikom essa7a,
juste نسأل ال4G متوفرة fi Monastir ؟ nchallah يتحسن mouch logique,
application سهلة برشا و service client محترم ❤️ 😅 franchement,
réseau y9os barcha fi Sousse 😒 😭,
forfait mte3kom yesser mezyen مقارنة بالباقي nchallah يتحسن ..,
débit faible برشا خاصة الليل nchallah يتحسن ❤️,
internet بطيئة برشا اليوم 😂 service محترم,
prix معقول مقارنة بالباقي 😅 nchallah يتحسن mais bon,
prix معقول مقارنة بالباقي 😂 👍 100%,
application سهلة برشا و service client محترم ❤️,
forfait mte3kom yesser mezyen مقارنة بالباقي 👍 wallah 100% svp,
شكون يعرف كيفاش نفعل forfait internet ؟ nchallah يتحسن 3lech haka ?,
prix معقول مقارنة بالباقي yaatikom essa7a mais bon top,
hhhh 3aychek ya topnet,
topnet ramadan special? debit renforce le soir inchallah?,
"vitesse w prix w service, kol chay tamam 3andi 7amdella m3a topnet",
3awed 9adhi el 3am w topnet mazal nafs el moshkla 😒,
"3andi coupure totale mn 3 jours walla, sma7lu",
"3andi jirani 3al fibre TT w 5demethom khir, far9 fi prix?",
"el ping mte3i 8ms 3al fibre topnet, parfait lel gaming online",
"coupure 3 jours w teknicien ma jiech, kifech haka barcha",
ya rabbi ana nchark w narbah 🙏 inchallah,
ya3tik essa7a topnet,
الدخول المدرسي ما يجيش بلا مشاكل إنترنت عند توبنت 😮,
"2023 passe et toujours memes problemes, espoir pour 2024",
"ma nella9ach el reseau fi les parametres, router ma zarhach?",
"3andi router tawa5er, ynji teknicien fi w9et mri9?",
"el bnet w el wled 3andhem zoom kol sba7 w net ta7, mochkla",
el service client 9ali 48h w 3 jours w ma7ad ji 7ata barcha,
chkoun y3awedni bel mise a jour adresse fi el dossier mte3i?,
lilt el 3acher ta9ta3 el internet w ana nfarrij el quran 😢,
"3andi 3onwan jedid, kifech nt7awwal m3a nafs el abonnement topnet?",
3andi fibre w debit mch behia kima 9alu fi el contrat,
الاتصال قطع من البارح والخدمة صفر 😡,
"decembre w el 3ayla fi el dar, wifi sature w coupures",
@Bilel Souissi kifech connexion mte3ek m3a topnet fi jiha mte3ek?,
router ta3 topnet ma5demch men jom3a kamilet sma7lu,
comparatif detaille topnet vs concurrents existe quelque part?,
"@Karim Hajlaoui ma tsma3 ken, badel topnet rah 😂",
👍 merci,
"3andi mochkla fi el payment online, ma ya9balch carte mte3i fi site",
ping fi online gaming 300ms m3a topnet fibre 😭 walla,
"@Sonia Riahi ma tsma3 ken, badel topnet rah 😂",
"3ayeth 3al numero, 45 daqi9a w ma7ad redd 😡 ma3koul",
"les fetes approchent et la connexion est instable, topnet??",
"el QoS fi el router, kifech na3mel settings lel gaming online?",
service client 3ayeth 7 marrat w ma7ad redd 3liya walla,
"connexion tombe a chaque appel video, vraiment problematique pour le travail",
matfoutkouch ❤️ topnet,
"jirani 3andou hexabyte w ping khir lel gaming, topnet similar?",
comment optimiser le wifi pour le gaming avec topnet?,
comment mettre a jour le firmware du routeur topnet?,
baraka 3likom topnet ❤️,
"topnet 3andha panne generale fi el hay mte3i, chkoun moch ena el mochkla",
"connexion mte3kom bata2a barcha, ma9dar na3mel 7ata 7aja",
le chat en ligne topnet ne repond jamais meme pendant heures ouvrables,
"technicien venu 3 fois, panne toujours la. que faire svp?",
حياتي وقفت بلا إنترنت 😂 ولكن بالجد حلوهالي please,
"participation + partage, espoir de gagner 🤞 inchallah",
"connexion instable fi el w9et ta3 bda el durus, normal haka?",
nouvelle annee nouvel abonnement? offres janvier disponibles?,
"sayf w streaming m3a sahbeti, connexion ta5arrbet, kahrena 😂",
topnet wala topbat2 ??? 😑,
"internet ta7 3andi mn s7a7, 3mal lbali",
matdhouch fi el commentaires envoyez un MP w baad ma treddouch,
"sahbi beddel min topnet lil hexabyte, content barcha",
el lila ta3 ras el 3am w el internet ta5arber 🎆 haka?,
🎉🎉🎉 merci,
"topnet fibre 7allat fi 7ayeti, streaming parfait 🎬",
fin d annee et toujours les memes problemes de connexion 😒,
bonne fete a tous et meilleure connexion pour l an prochain,
"abonnement ta7 w ma dafetch facture mta5ara, 7alou",
"el lila ta3 27 w el internet ta7, ma3koul haka 7ram??",
"3andi mochkla tekni9, teknicien ji w 9al mahich fi 9is9is",
"el internet ta3 topnet batta2 barcha fi ramadan, w houma el lila ta3 el lil lazem t5dem barcha. mch logique achkoun",
fama difference qualite service apres la fibre TT haka?,
@Mondher Masmoudi @Hedi Oueslati ncharkaw fi el concours topnet,
reclamation deposee il y a 1 mois sans reponse officielle,
el skhana ta5reb el router? azra9 kifech n7el fi sayf?,
"connexion jamais tombee chez moi depuis 1 an, chapeau!",
"tout le monde passe a la fibre, topnet quand dans mon quartier?",
"decembre bard w connexion bata2, double peine walla 😅",
rentree scolaire et ma connexion tombe tous les matins 9h,
"service client repondant et competent, bravo 🙌 topnet",
كيفاش نشوف كل الأجهزة المتصلة بالواي فاي متاعي؟,
جيت للوكالة مرتين والمشكلة ما زالت موجودة ما حلوهاش,
"3andi smart TV w ma ta9darsh tconnecta fi wifi, kifech?",
"teknicien ji tnein w 3amlaw 7san 5edma, chokran barcha",
ma ta9darsh net fi el lil hatta? kol yom ta7 el internet ba3d el mighreb,
"el 5edma behia, sadek yeheb topnet 3andou 7a9 walla",
ana nchark 🙋 topnet yahebni barcha,
hexabyte existe fi jiha mte3na wella topnet barka fi zone?,
"septembre et les pannes recommencent, c est tous les ans pareil",
"signal ta7el men 3 jours, chkoun y3aweni?",
"net ta7 men embar3h, chkoun y3awedni?",
"3andi mochkla IPv6 m3a el router ta3 topnet, support yji?",
"@Amal Mrabet chof bch t3aref, connexion topnet behia fi zone mte3ek?",
"je participe, topnet yji yansa3ni fi haja 😄 inchallah",
"facture zedou fiha w ma3raftech 3leh, chkoun y9darni y7el",
"installation ki jet bsurha, teknicien prof, 7amdella 3a topnet",
hexabyte khir 3andik wella topnet? baghi nbedel mte3i,
"facture ja 3aliya akther min el 3adi, chkoun y9darni y3awedni?",
"chokran 3al teknicien l7elou w el sari3, weld 7lel barcha topnet",
"connexion w9fet m3a zoom fi nos el ijtima3, walla kahrona barcha",
"7amdella connexion behia fi ramadan had el 3am, merci",
"smart home appareils ma yt9abblouch fi wifi ta3 topnet, kifech n7el?",
"DM m3aya please, mochkla fi facture w ma9darsh n7el online 3andi",
"skhana w internet bata2, yezzi 3lina 😅 kifech",
"fi ramadan el net ta9ta3 kol lila, houma mch normal barcha",
"le technicien venu hier, le probleme est revenu aujourd hui",
"3andi 30 mega w youtube y9ta3 kol d9i9a, achkoun responsable",
"envoye un email il y a 10 jours, toujours aucune reponse",
topnet ye5ddem 😄 chokran barcha,
ماشي توبنت ❤️,
kifech n7ott el abonnement topnet fi esmi ana moch fi ism sahbi?,
@Amira Abidi winta sma3t 3al offre jedida ta3 topnet?,
"el router bda y7ammar barcha w el internet ta7, normal?",
merci pour l upgrade automatique de ma ligne topnet,
teknicien ji fi w9et w 7al el mochkla b sari3a weld 7lel,
"el ping 3andi 150ms fi jeux online, normal wella problem?",
barcha mriguel el installation w el teknik mte3kom,
"offre mte3i upgrade b nafs el prix, merci topnet 3al wafa haka",
"جماعة ramadan w netflix yt9ta3 kol chwaya, chkoun?",
"el internet 3andi ta7 fi w9et el match, 7abbit nkaser el router",
"vitesse correcte le week-end, horrible en semaine, why topnet?",
"internet stable barcha 3andi, weld 7lel team topnet brabi",
"vacances et panne de 3 jours, topnet sma7lu please",
"sma7lu 3aweduli bel contrat mte3i, baghi n3aref el details kol",
"el wifi 2.4G wella 5G, ashkoun khir lel streaming?",
walla fi ramadan el wifi ta 9abel lhawa mte3 5ir,
comment limiter la bande passante pour certains appareils?,
kifech na3mel backup connexion m3a el 4G fi cas de panne topnet?,
"kol yom nafs el 7keya m3a topnet, coupure fi nafs el w9et tawa",
"vacances en famille et impossible de streamer, decu topnet",
"ana nchark, walla ncharak barcha men el jou3 lel foum 😂",
ana fi el 9a3ba 😄 nchark w n3addi lel 9balha,
mazal topnet fi el 7it 😂 zidou haka,
comment bloquer certains sites sur le routeur pour les enfants?,
كيفاش نربط طابعة لاسلكية بالراوتر تاع توبنت؟,
topnet offre ete kifech? quelque chose de special pour les clients?,
"el renta w el cours en ligne, net mte3i lazem yt7asen barcha",
3andi telephone yotlob reboot kol chwaya lel router mte3 topnet,
@Omar Sfaxi kifech connexion mte3ek m3a topnet fi jiha mte3ek?,
"3andi teknicien ma ja fi el maw3id, kifech n3amel reclamation?",
cours en ligne bda w speed ta7 3la sifr 😩 topnet wesh,
"routeur ta5arrer fi el skhana, normal wella lazem nbeddel?",
kifech n9arreb tel5ar fi el router topnet?,
"el buffer youtube mazal bata2 m3a connexion 30 mega, azra9?",
"connexion stable barcha hatta fi ramadan, merci topnet",
renta bdat w el net ta7 🙄 les enfants lhom cours en ligne,
walla topnet fi el jiha mte3na khir men kol les autres,
"3andi mochkla fi el router, ynji wa7ed y3awedni urgent?",
@Moez Oueslati kifech connexion mte3ek m3a topnet fi jiha mte3ek?,
kifech n3mel DMZ 3al router bech nel3ab online?,
من سنتين معكم وما عنديش شكاية الحمد لله يزيد,
كل عام وتوبنت بخير 🎊 شكرا على السنة المنقضية,
"sinal dha3if fi kol el blayes fil bra, kifech",
5edma 3echta walla 😄,
"router ta3i yti9al barcha w yaxruj 3al wa7dou, normal?",
coupure chhoriya w kol marra ychekhlouna bel teknicien. kifech haka brabi?,
3andi offre 100 mega fibre w speed test ma ya3tich 15 mega. kifech haka? 3 chhor w nafs el mochkla barcha,
@Lobna Mbarki @Ghassen Chebbi @Manel Derbali ncharkaw yabani fi concours,
streaming مسلسلات رمضان بلا مشكل، شكرا توبنت ❤️,
participe avec plaisir 🎉 bonne chance tout le monde,
ramadan mubarak lil team topnet 😊 w chokran 3al 5edma,
"3andi 3 awled fi e-learning w connexion mch msawya, 7el",
@Naoufel Saidi jiha mte3ek 3andha fibre topnet?,
3andi IP publique wella privee m3a topnet? el gaming yok5arni barcha,
الانترنت تاعكم ما تخدمش من الصباح كامل,
comment tester si c est le routeur ou la ligne le probleme?,
@Fares Abidi jiha mte3ek 3andha fibre topnet?,
en ramadan je telecharge des series et connexion ne suit pas,
الديبي تاعكم صفر وإنتوم تاخذوا فلوس كاملة,
"wifi t9ta3 kol chwaya, 3andna cours en ligne!",
"fin 2024 w merci topnet 3al kol, on continue 2025 inchallah",
3andi facture mte3 2 chhor w ma9bartash n5alles online kifech?,
awledi yrabbou yit9arraw online w el connexion mch msawya,
"5 ans de fidelite et toujours satisfait, bravo topnet",
الانترنت طاح من أمس الصبح وحتى الآن، رقم الخدمة مشغول باش,
topnet ramadan mubarak lil entire team 🌙 chokran,
merci topnet 3al upgrade gratuit mte3 el offre haka,
topnet coupure encore une fois 😩 sma7lu,
ما نجمش نحمّل أي حاجة، الديبي صفر من أمبارح,
"fi el sayf lazem tzid el vitesse, kol el 3ayla fi el dar",
"@Ghassen Saidi ma tsma3 ken, badel topnet rah 😂",
topnet baraka 😊 merci,
les tickets de support restent ouverts sans reponse des semaines,
@Tarek Ferchichi @Habib Ferchichi @Chokri Bouazizi ncharkaw yabani fi concours,
"el renta w el 3oda lel khidma, lazem net stablet 7amdella",
fin d annee = bonne resolution: changer de FAI? 😂 nbeddel?,
bonne annee 2024 a toute l equipe topnet 🎊 merci barcha,
kifech na3mel reclamation rasmiyet? 3andi 7a9 w baghi n3aref,
el internet ta7 fi 3andna kol 3chi w kol nas fi el dar online,
"el awled fi el dar w kol wa7ad yel3ab online, ta7 el net",
bravo bravo bravo topnet!,
"service client ma yredch, 3ayeth 10 marrات wkol marra ma7ad",
merci pour ce post topnet 😊,
3andi gaming setup w ping mte3 topnet perfect 🎮 walla,
sayf w concours topnet 🙌 nchark yabani inchallah,
support yredch 3al email wella lazem n3ayeth tel barcha?,
"jirani gheyar lil hexabyte w ma9alich mazel, ashkoun?",
"yezzi comparaison, topnet yist7a9 wella nbeddel definitif?",
"connexion parfaite pendant ramadan cette annee, merci topnet",
el connexion mte3i batta2et mba3d el update,
"3 jours sans internet, le technicien ne vient toujours pas malgre les promesses",
"coupure 3andi men el jom3a, 3ayeth 10 marrات w ma7ad ja",
fibre optique w debit mte3 dial-up 🙄 shbik,
"connexion mte3kom ta7 b ba3d el 3acha kol yom, normal wella problem?",
"vitesse 1 mega fi offre 100 mega, bravo 🤣",
"5 ans avec topnet, zidou haka 👏 ma nbeddlech jamais",
"ana nchark, router jedid yzabbar 😎 bonne chance",
router LED blinkat mara 7amra mara khadra w internet ta7 lhowa,
encore une panne? vraiment serieux topnet?,
vraiment satisfait du service depuis 3 ans 👍 continue,
"bravo 3al service, tkoul houma el khir barcha 👍",
@Mariem Elloumi ncharkaw m3a b3adh fi el concours topnet 🎊,
en termes de stabilite topnet vs les autres FAI tunisiens?,
@Bassem Hajlaoui ncharkaw m3a b3adh fi el concours topnet 🎊,
bon travail equipe topnet 💪,
bon courage l equipe topnet 💪,
"service apres-vente reactif, probleme resolu en 24h nickel",
ma nja9dar nshghel shi barnamej bisabbab el net el bati2,
debit 2 mega a 22h pour une offre 50 mega... rien a dire vraiment,
"installateur professionnel et rapide, je recommande topnet",
"el wifi ma yo9belch l telephone mte3i, ama el pc 5addem, kifech haka?",
3 ans topnet w baghi n3arf si khir nbeddel wella la,
شكرًا توبنت على الباقة الجديدة، راضي برشا الحمد لله,
"net ta7 3andi fi el sayf, 3andna el awled fi el dar w kol wa7ad yest3mel el net, ta7 totalement",
"fi weekend kol connexion ta7, fi workdays normal, ashkoun",
"topnet s7aba w mriguel, nbeddel? 7asha walla barcha",
"bech n5alli el router fi el etage el 3ali, mchkla fi sinal?",
3andi topnet men 7 snin w mazal mchi barcha mriguel,
ma9dar nba3ath email min el dar bisabbab el connexion el bati2a,
comment savoir si la fibre est disponible dans ma zone?,
"formation en ligne w connexion ta7, ya topnet sma7li",
"mriguel walla, prix w vitesse, nsa7 biha lkol",
topnet offre sayf kifech? ya3tina booster fi les vacances?,
"offre ta3kom khir men el concurrence, baraka 3likom",
les 20 premiers Go a pleine vitesse puis throttling total haka,
"@Rami Saidi chof bch t3aref, connexion topnet behia fi zone mte3ek?",
"el DNS ta3 topnet bati2, kifech nbeddel lel Google DNS 8.8.8.8?",
router ta3 topnet y9bal IPv6 wella IPv4 barka kima TT?,
وصل التقني ومشى وزاد مشكلة ثانية، هذي خدمة واش؟,
chkoun yji yarkeb livebox jedida? mte3ti kharbet totalement,
"bonne annee a tout l equipe topnet, continuez comme ca 👍",
كيفاش نحوّل من ADSL للفايبر؟ هل الثمن يختلف برشا؟,
el internet ta7 w ana nkhabbej lil 😒,
"fi ramadan lazem tzidou el capacite, barcha 3ibad fi el dar",
"DM m3aya please bech n7el el mochkla mte3i, urgent barcha",
ooredoo homeNet khir men topnet? rana nchawiraw fi el 7ay,
je partage et je participe ✌️ bonne chance a tous,
el internet ma5demch walla kchibek ya topnet,
"topnet rentree, upgrade possible pour les familles nombreuses?",
el routeur bda ya3ti error light rouge depuis ce matin lhowa,
"@Ghassen Slama chof bch t3aref, connexion topnet behia fi zone mte3ek?",
les cours en distanciel ont recommence et topnet est en panne,
ma 3adech na9der na3mel video call m3a familia fi el 5arij,
"j hesite entre topnet fibre et ooredoo homeNet, aide?",
يتهنى الاتصال يقطع وما نعرفش شبيه، عندي livebox جديدة,
@Hana Jouini ncharkaw m3a b3adh fi el concours topnet 🎊,
"technicien prevu ce matin, il est 18h, personne n est venu",
"fin de l annee, j espere une meilleure offre pour janvier",
"teknicien ji w 7al el mochkla fi w9et mri9, weld 7lel",
"nchark yabani, router ta3i ta5arrer w lazem jedid",
"fin d annee, j espere une migration vers la fibre en 2025",
"vitesse behia, prix mriguel, kol chay normal 7amdella",
"topnet ma3nich depuis el bacha, walla mnich nabdel 7ata",
speed test ta3 5 mega fi fibre 100 mega 😂,
"sohour w streaming w connexion, kol chay tamam 😊",
comment activer le controle parental sur la Livebox?,
cool 😎 topnet khir,
من أمبارح نت تاعكم طاح، اتصلت بـ service client 20 دقيقة وما حدش رد. هذي خدمة؟,
"sma7lu chkoun fi el teknik, mochkla fi el cable el barra",
"voisins ont topnet aussi, tout le monde en panne depuis hier",
كيفاش نعرف إذا الخط متاعي مشفوط من برا؟,
numeros topnet yjawbou fi heures ouvrables barka wella?,
@Fares Karoui kifech connexion mte3ek m3a topnet fi jiha mte3ek?,
@Rawdha Hmida jiha mte3ek 3andha fibre topnet?,
"fi el jiha mte3na topnet fibre jet bsurha, merci barcha",
"ana nchark berk, topnet el best 💪 inchallah narbah",
"el MTU mte3 topnet, men ya7sen 3alih wella lazem n7abbsu?",
mriguel walla topnet,
mriguel topnet walla,
ma9dar nkhammem kifech jiha kamilet b coupure kol yom 3andna,
"topnet fi les quartiers populaires ma5dimesh, w fi les zones VIP 5edma. walla haka 3edla?",
"debit mte3 50 mega w speed test ya3tini 8 mega, haka topnet?",
TT 3andha fibre fi zone mte3i wella la? baghi na3ref,
"ramadan w el connexion batta2, tariki9a fi sayf w fi sheta",
comment mettre en place un reseau invite sur le routeur?,
"teknicien wa3adni bel ji fi es-sba7 w ja fi l3chiya, barcha w9et",
kifech n3aref itha fi panne 3amma fi el mantiqa mte3i topnet?,
"el 4G ta3 telephone khir men el wifi ta3 topnet 3andi, chbik",
"service client 3awedni sari3, chokran 🙏 weld 7lel",
kifech nbeddel el offre? ma njamet na3mel 7ata 7aja mel site,
comment configurer le DNS manuellement sur la Livebox topnet?,
"teknicien venu il y a 5 jours, mochkla mazalha baraka haka",
"men sna m3a topnet w ma t3ataltch wala yom, bravo continue",
"el internet ta7 fi 3andna kol el 7ay, chkoun fi 9istek topnet?",
mazel topnet 💪 zidou,
nchark bech narbah w nbi3 el router 3al souk 🤣 bl7el,
عام جديد والإنترنت ما تحسنش 😔 يزي برشا topnet,
👌 parfait topnet,
رمضان ما نجمش نشوف بث مباشر، ديبي صفر هكا,
el router ta3 topnet yti7 fi sleep mode wella la?,
كيفاش نفعّل UPnP في الراوتر تاع توبنت؟,
ramadan booster offert par topnet? je veux activer svp,
"connexion behia fi el 3ach w el nahew, kol w9et 7amdella",
"@Bassem Khemiri chof bch t3aref, connexion topnet behia fi zone mte3ek?",
"bati2 barcha net ta3kom, ma ta9darsh tchouf video",
يزي الصيف والحر، زيدو الإنترنت تاعنا باش نصبروا 😂,
"fi sayf el5adhem el internet ta7 kol 3achi, normal haka?",
kifech n3adel el channel fi el router topnet mte3i?,
"router ja mo5arrab men el boit, kifech n3awedh mte3 topnet?",
el best fi bled 🏆 topnet,
nchark bech narbah w n3mel 3id lel internet 😂,
"kol yom nafs el hekaya, coupure w brak",
comment configurer un VPN avec topnet fibre?,
"connexion parfaite le matin catastrophique le soir, pourquoi?",
el sayf bda w el connexion bata2et 3la toul 😒 topnet,
topnet offre fin d annee? quelque chose de special?,
@Amira Sfaxi @Walid Abidi @Cyrine Louhichi ncharkaw yabani fi concours,
rentree et le wifi sature avec tous les enfants en ligne,
bata2a bata2a bata2a... depuis 2 semaines connexion tombe tous les soirs a partir de 22h. c est insupportable,
merci pour l info utile,
demande de resiliation depuis 2 mois et toujours facture,
service client yaaa 😒 yenhaou ya3 yreddou 3al nas,
chkoun y3awedni bil facture? zedou 3liya w ma3reftech leh,
الدخول المدرسي والإنترنت قاطع، الأولاد عندهم كورسات أونلاين,
ramadan kareem w in chaa allah el connexion tzid behia 🤲,
el ligne ADSL mte3i tit7awwal lel fibre automatiquement?,
"TT w hexabyte ghadyaw fi zone mte3i, topnet kifech?",
kifech nwaqaf el abonnement mte3i? baghi nbedel lel concurrence,
comment changer mon offre sans passer par une agence physique?,
"ya topnet, ramadan w el connexion batta2et, sma7li ❤️",
"speed test ya3tini 30 mega 3al tel w 5 mega 3al pc, normal?",
"ooredoo homeNet vs topnet fibre, experience de quelqu un?",
topnet ysmah bil port forwarding lel gaming?,
el routeur ta3 topnet compatible m3a repeteur WiFi 6?,
"ramadan w el kids yfarrjou cartoons, connexion ta9ta3 kol ma",
"@Dhouha Derbali ma tsma3 ken, badel topnet rah 😂",
"ping 9bal barcha, ma9dar nel3ab online walla",
decembre w el offres jedida kifech? baghi nbedel inchallah,
"TT fibre commercialisee dans mon secteur, je pars topnet?",
el IP ta3i public wella private m3a topnet?,
"walla topnet khir, mazalha t5dem 3andi men 5 snin 7amdella",
topnet w ana fi 3echqi 🌹 j/k walla 😂,
صيف وكل العيلة في الدار يستعملوا الواي فاي، قطع كل شوية,
comparaison prix topnet vs ooredoo quelqu un peut m aider?,
le technicien est venu mais n a pas resolu le probleme du tout,
topnet el best fi bled 💪,
"agence topnet fermee samedi apres-midi, c est normal haka?",
kifech n3aref l etat mte3 matlabi fi le systeme mte3kom?,
fi el lil ta3 ramadan kol wa7ad yfarrej w connexion mch msawya,
@Brahim Turki @Maroua Jomni ncharkaw fi el concours topnet,
"renta 2024 w internet bata2, tawa ch3end haka topnet?",
"router ta3i ya3ti signal ama ma3adech internet, kifech haka?",
"el teknicien ji w 9al mochkla fi el bra, ba3da ma ja 7ata",
topnet wallahy el connexion ta3kom mch msawya du tout fi jiha mte3na,
el yom nchaf el difference ba3d el migration lel fibre,
fama mesh network compatible m3a el router ta3 topnet wella la?,
رمضان وانقطاع إنترنت، هذي عادة كل سنة 😒 topnet,
عندي توبنت من 4 سنين وما بدّلتش، خدمتهم باهية وكاملة,
"3andi coupure kol 3 heures exactement, weird wella normal haka?",
"fin 2023 w connexion mazalha bata2, in chaa allah 2024 khir",
@Lobna Belhaj ncharkaw m3a b3adh fi el concours topnet 🎊,
رمضان وبدا الإنترنت يقطع كل نص ساعة. الوالدين تبعكم يحكوا على الـ streaming وكل مرة يقطع,
"topnet khyyar el 3am el jedid, zidou barcha fi el khedma mte3kom",
kifech n3aref el vitesse el 7a9i9iya mte3 connexion mte3i?,
"fi laylat el qadr ta9ta3 el internet, sign wella? 😂",
"internet ta7 w 3andi presentation en ligne bachra, please topnet",
"el internet 3andi ma5demch men 2 jours, 3ayeth service client ma7ad redd 😤",
@Amira Miled @Hassen Ayari @Aziz Elloumi ncharkaw yabani fi concours,
bonne annee et meilleure connexion pour 2025 😄 inchallah,
"decembre w les kids yel3bow games, connexion ta7 kol yom",
kifech n7assel 3la facture detaillee fi el application?,
streaming foot en direct coupe au moment du but 😡 topnet wesh,
connexion instable depuis une semaine complete,
"hawa el sayf bda, w el coupures bdaw baraka 😤",
"mon fils a cours a 8h, connexion tombe a 7h30, kol yom haka",
@Ghassen Haddad winta t5addem topnet wella la?,
"3andi 2 telephones connectes, l un a internet l autre non, azra9?",
comment reinitialiser le routeur topnet sans perdre la config?,
connexion mte3 topnet bata2 barcha fi heure de pointe kol yom,
fibre installee depuis 3 mois et ca coupe chaque semaine exactement,
"net mte3i ma5demch men el s7a7, chbikom",
ramadan w concours topnet 🎊 nchark inchallah,
"connexion 3andi fi l etage w fi el bra, kol chay behia",
j ai change pour topnet et c est le meilleur choix fait,
رمضان كريم، يا رب الإنترنت ما يقطعش في المسلسلات 🙏,
@Olfa Louhichi ncharkaw m3a b3adh fi el concours topnet 🎊,
"debit ok sur le cable catastrophique en wifi, c est le routeur?",
fi el lil ta3 ramadan kol nas yfarrej w el net ta9ta3,
"el router ya3ti sinal ama internet ma5demch, el probleme fi chkoun?",
"ma9dar na3mel call zoom b sawa, connexion mch msawya du tout",
topnet fam 💪 zidou haka,
"le service client met 45 min a repondre, c est acceptable?",
مسلسلات رمضان والانترنت بطيء، يا ربي يصبر 😔,
"coupure fi ramadan, walla haka 7ram brabi",
kifech n5addem IPTV m3a el abonnement mte3i?,
"fi el sayf el reseau surcharge, comprehensible mais bon",
سنة ونص مع توبنت والإنترنت قاطع كل نهار 😤 kifech,
"kol chay mriguel 3andi, w el ping behia lil le3b online 🎮",
"contrat 2 ans signe, peux-je changer d offre avant terme?",
kol ma yji 3id wella mnasbat ta7 el net... coincidence topnet?,
"3andi repeteur wifi w ma5demch m3a livebox topnet, kifech?",
telechargement a 200ko/s pour une offre 50 mega... c est normal??,
"offre fibre optique ta7set walla, yaatikom essa7a",
"support chat reactif, resolu en 30 min, bravo topnet",
"streaming behia fi ramadan, merci topnet 😊 7amdella",
el awled yel3bow online w el ping 9bal barcha fi sayf,
"toujours la pour les concours, bonne chance a tous 🎊",
"connexion mte3i ta7et totalement depuis hier 3 sba7, 3ayeth service client ma7ad jawa, w ba3dha trk",
internet topnet la plus stable que j aie eue en Tunisie,
نصف ليل والإنترنت طاح وعندي deadline بكرا 😩,
"merci topnet 3al offre jedida, prix mriguel barcha 👍",
abonnement mte3i ma7adhef w mazal ma reddouli flusi 3 chhor,
"je viens de migrer vers la fibre topnet, vraiment content",
installation rapide et technicien sympa et professionnel 😊,
"le debit promis dans le contrat n est pas respecte, recours?",
"sayf w streaming netflix ta5arrbet, topnet wesh haka",
الصيف وكل الأولاد يلعبوا أونلاين، الديبي صفر walla,
"excellent rapport qualite/prix, je recommande topnet",
weldek topnet 😊 baraka,
l application topnet pratique barcha pour gerer abonnement,
"portee du wifi limitee, puis-je ajouter un repeteur?",
"bonjour, comment resilier mon abonnement svp?",
"bonne annee 2025, in chaa allah connexion behia lkol",
"fibre topnet dans mon quartier depuis 6 mois, content barcha",
walla barcha 9alb 9alb 😂 topnet,
يزي ثلاثة أيام بلا نت، أعطوني موعد ومحدش جا عندي,
شكرًا على التقني الكريم اللي جا وحل المشكلة بسرعة,
كيفاش نغير الباسووورد تاع الواي فاي من الإعدادات؟,
5edma mte3 topnet khir men el concurrence fi 7aytna,
chkoun fi el service client ynji y3awedni fi el mnihla?,
"topnet zidou haka, khir men barcha fi el concurrence",
"topnet w concours, toujours present 🏆 merci",
"teknicien ji fi w9et w 5adam weld 7lel, chokran topnet",
participe 🙋 merci topnet pour le concours sympa,
kifech n3mal 9ism el internet bein el awled fi el dar?,
"debit mte3i wa9af 3la sifr, kifech haka?",
kifech n3aref el password mte3 el wifi mte3i?,
topnet offer ramadan kifech nhot biya? baghi ncharri,
el offre ta3i expirات w beddlula b offre ghilya sans me prevenir,
3aychek ya topnet brabi,
kifech n7ott el topnet fi 5 ajhiza fi nafs el w9et?,
awledi 3andhem cours en ligne w el connexion mch behia,
"sma7lu DM m3aya, 7ata el DMs ma treddouch 😒 wesh",
pour ramadan vous pouvez augmenter le debit la nuit?,
toujours partant pour les concours topnet 🙌 merci,
"3andi double facturation ce mois-ci, chkoun yredch 3liya?",
"teknicien ma jiech w 3ayedtom 3 marrات, kifech haka brabi?",
"vitesse impeccable, prix correct, je reste 😊 mriguel",
"ramadan w streaming w connexion bata2, triki9a barcha 😩",
"sma7lu 3aweduli 3al offre jedida, yfarraq fi el prix?",
topnet renta special? cours en ligne y7tajou vitesse behia,
yezzi nabat wasiket resiliation b barid wma reddouch 3liya,
@Radhia Chaari jiha mte3ek 3andha fibre topnet?,
الانترنت قطع وما عندي روتر احتياطي، خسرت يوم كامل من الشغل,
"topnet sma7lu reddou 3al DM mte3i, mochkla depuis 4 jours barcha",
اتصلت بـ SAV وقالوا الخط بخير ولكن الانترنت ما تخدم 😅,
kol chay tamam ❤️,
comment obtenir une attestation d abonnement pour logement?,
"connexion tombe exactement a 21h kol yom, normal wella problem?",
walla fi el sayf el connexion tzid batta2 3andi kol 3am,
fi el 9alb ❤️ topnet,
"el signal fi el dar 3andi dha3if barcha, router ba3id wella mochkla?",
"ma beddlech men topnet w ma nbeddlech, mriguel tamem",
"le NAT strict bloque mes jeux en ligne, comment le changer?",
"3 mois d abonnement payes sans internet, remboursement possible?",
"resiliation en ligne ma ta5damch, lazem nji lel wa9ala jismiyan?",
"ramadan mubarak, 3sa el internet ma yt9ta3ch el lila 😄",
"el numero ta3 SAV mochghoul permanence, azra9 chkoun?",
septembre toujours les memes soucis de connexion chaque annee,
kifech n3mal transfert abonnement lel 3onwan el jedid mte3i?,
sma7li chkoun y3awedni bel teknik? 3andi coupure totale mn embar3h w el service client ma yredch. 3andi awled yit9arraw ligne,
hexabyte awfer men topnet fi el vitesse fi jiha mte3i?,
"connexion parfaite en hiver, nulle en ete, why topnet?",
"khaddem fi dar m3a topnet fibre men sna, ma3ndich ay mochkla",
"@Raouf Elloumi sma7li, topnet wella ooredoo khir fi jiha mte3ek?",
"3ayeth bel numero ta3 topnet w 9atni sbi3 min, 9at3u liya",
"el internet ta5arber ba3d el matar, mch normal wella?",
"facture claire et sans surprises, merci topnet baraka",
"barcha mriguel, w el prix machi ghal 3al kol haka",
wella topnet 3andha offre nocturne fi ramadan? baghi n3aref,
"el modem w el routeur, far9 kifech fi topnet?",
wella topnet yredch bi debit garanti kima les autres FAI?,
"el wifi signal dha3if fil bra, kifech n7el el mochkla?",
"router ta7 fi el 9ayla, kifech n7el fi el sayf?",
ya3tik essa7a topnet 3al offre ramadan 3andi el 7a9,
bonne initiative 🎊 bravo,
"min topnet lil ooredoo, far9 kbir wella la? a3tini raay",
"upload speed ta3i sifr walla, kifech na3mel backup bih",
"kol ramadan nafs el 7keya, ta9ta3 fi el lila haka",
router ji fi w9et w connexion 3adet normal 🎉 merci,
yfarraq barcha topnet m3a hexabyte fi 7aytna?,
الانترنت تاعكم باهية، ما عنديش شكاية الحمد لله,
comment acceder a l interface du routeur topnet?,
bech n9addi el lila ta3 ras el 3am online w connexion bata2 🥲,
"debit stable 24h/24, enfin un FAI correct en Tunisie",
"3andi awled yit9arraw en ligne w el internet ma5demch, ma3koul haka",
"les vacances et la connexion qui lag, c est le comble 🙃",
3andi promesse teknicien fi 48h w 3 jours w ma ja 7ata,
kol 3am w topnet b5ir 🎉 merci lel team kol,
"prix topnet w hexabyte w TT, ashkoun awfer fi 2024?",
"fi el sayf kol la famille fi el dar w wifi ta7, logique?",
صيف وصيفية والإنترنت قاطع 😡 ashkoun fi 9istek,
contrat mte3i ta5ar w ma3reftech kifech njadded haka,
صديقي عنده hexabyte وسريع برشا، topnet يستحق برشا؟,
"topnet sma7lu jibuli teknicien, 5 jours men el coupure 😠",
nchark parce que j ai besoin d un meilleur routeur 😂,
yezzi nchki ma3 bchara w ma nchkish ma3 robot fi el khedma,
